Geo Point;Geo Shape;Tipologia area;Nome area;Quartiere;Ubicazione
44.54227006001581, 11.350094359888269;"{""coordinates"": [11.350094359888269, 44.54227006001581], ""type"": ""Point""}";;;;
44.47182065604807, 11.379191469973861;"{""coordinates"": [11.379191469973861, 44.47182065604807], ""type"": ""Point""}";GIARDINO;VERDE  MILANO MAZZONI;Savena;Via Milano - Via Corrado Mazzoni
44.49458322785195, 11.302655925765226;"{""coordinates"": [11.302655925765226, 44.49458322785195], ""type"": ""Point""}";PARCO;OASI FELINA CERTOSA;Borgo Panigale - Reno;Via Fancelli
44.487211240207714, 11.296391522525939;"{""coordinates"": [11.296391522525939, 44.487211240207714], ""type"": ""Point""}";GIARDINO;GIARDINO MARTIRI D'ISTRIA, VENEZIA GIULIA E DALMAZIA;Porto - Saragozza;Via Don Sturzo, 42
44.49807236885664, 11.301093378014018;"{""coordinates"": [11.301093378014018, 44.49807236885664], ""type"": ""Point""}";VERDE D'ARREDO;AREA VIA SARAGAT;Borgo Panigale - Reno;Via Saragat
44.53183526849773, 11.314151875215904;"{""coordinates"": [11.314151875215904, 44.53183526849773], ""type"": ""Point""}";GIARDINO;AREA ARCI ZANARDI;Navile;Via Zanardi
44.46507311148501, 11.37939230184208;"{""coordinates"": [11.37939230184208, 44.46507311148501], ""type"": ""Point""}";GIARDINO;CENTRO ANZIANI VIA ABBA;Savena;Via Abba
44.479232868229865, 11.36498777897154;"{""coordinates"": [11.36498777897154, 44.479232868229865], ""type"": ""Point""}";GIARDINO;GIARDINO GIAMPIERO SEGAFREDO;Santo Stefano;Via Murri
44.519586787056305, 11.32877582312404;"{""coordinates"": [11.32877582312404, 44.519586787056305], ""type"": ""Point""}";VERDE D'ARREDO;CENTRO CIVICO LINO BORGATTI;Navile;Via Marco Polo
44.51292351018193, 11.321868414912151;"{""coordinates"": [11.321868414912151, 44.51292351018193], ""type"": ""Point""}";GIARDINO;CENTRO M. ZACCARELLI;Navile;Via del Lazzaretto
44.51308800145744, 11.320916816254313;"{""coordinates"": [11.320916816254313, 44.51308800145744], ""type"": ""Point""}";GIARDINO;CENTRO M. ZACCARELLI;Navile;Via del Lazzaretto
44.521296082127435, 11.315461062846122;"{""coordinates"": [11.315461062846122, 44.521296082127435], ""type"": ""Point""}";;;;
44.504983821035836, 11.37592078139423;"{""coordinates"": [11.37592078139423, 44.504983821035836], ""type"": ""Point""}";GIARDINO;GIARDINO VIA DELLA CAMPAGNA;San Donato - San Vitale;Via della Campagna
44.512320933633234, 11.292777822267343;"{""coordinates"": [11.292777822267343, 44.512320933633234], ""type"": ""Point""}";PARCO;LUNGORENO FABBRI - TRIUMVIRATO;Borgo Panigale - Reno;Via del Triumvirato
44.4827199811326, 11.3492219772369;"{""coordinates"": [11.3492219772369, 44.4827199811326], ""type"": ""Point""}";PARCO;NUOVA;;
44.504470428482826, 11.28735663874882;"{""coordinates"": [11.28735663874882, 44.504470428482826], ""type"": ""Point""}";CORPO IDRICO (laghetti, ruscelli, e fossi in collina);LUNGORENO EINAUDI - PONTE BACCHELLI;Borgo Panigale - Reno;Via Luigi Einaudi
44.5046861108543, 11.28005568935833;"{""coordinates"": [11.28005568935833, 44.5046861108543], ""type"": ""Point""}";GIARDINO;AREA VIA EINAUDI-DE NICOLA;Borgo Panigale - Reno;Via Luigi Einaudi
44.518856946894616, 11.33393241910308;"{""coordinates"": [11.33393241910308, 44.518856946894616], ""type"": ""Point""}";PARCO;PERCORSO LUNGONAVILE;Navile;Via Yuri Gagarin - Via dei Terraioli
44.4991101795796, 11.386212425237577;"{""coordinates"": [11.386212425237577, 44.4991101795796], ""type"": ""Point""}";CORPO IDRICO (laghetti, ruscelli, e fossi in collina);PARCO CAMPAGNA VIA LARGA;San Donato - San Vitale;Via del Carpentiere
44.50905142915101, 11.352804808454874;"{""coordinates"": [11.352804808454874, 44.50905142915101], ""type"": ""Point""}";;;;
44.491745766579506, 11.275387263066106;"{""coordinates"": [11.275387263066106, 44.491745766579506], ""type"": ""Point""}";GIARDINO;G.NO CADUTI DI CASTELDEBOLE;Borgo Panigale - Reno;Via Caduti di Casteldebole 79
44.52208909637654, 11.317072542815136;"{""coordinates"": [11.317072542815136, 44.52208909637654], ""type"": ""Point""}";;;;
44.537217943055296, 11.346410594372855;"{""coordinates"": [11.346410594372855, 44.537217943055296], ""type"": ""Point""}";;;;
44.48577240573346, 11.383949060984955;"{""coordinates"": [11.383949060984955, 44.48577240573346], ""type"": ""Point""}";PARCO;GIARDINO ANTONIO IVAN PINI (ex AREA V.LI LENIN-SPINA);Savena;viali Lenin e Spina
44.493439988121104, 11.291121083312309;"{""coordinates"": [11.291121083312309, 44.493439988121104], ""type"": ""Point""}";GIARDINO;GIARDINO TERESA NOCE;Borgo Panigale - Reno;Via del Beccaccino
44.508318243506004, 11.332148239011413;"{""coordinates"": [11.332148239011413, 44.508318243506004], ""type"": ""Point""}";PARCO;PERCORSO LUNGONAVILE;Navile;Via Yuri Gagarin - Via dei Terraioli
44.537487862601246, 11.346548568135796;"{""coordinates"": [11.346548568135796, 44.537487862601246], ""type"": ""Point""}";;;;
44.50264829504559, 11.25621681848649;"{""coordinates"": [11.25621681848649, 44.50264829504559], ""type"": ""Point""}";GIARDINO;VILLA BERNAROLI;Borgo Panigale - Reno;via Morazzo
44.47176854353197, 11.389559443255418;"{""coordinates"": [11.389559443255418, 44.47176854353197], ""type"": ""Point""}";GIARDINO;GIARDINO LEGNANO FOLGORE FRIULI;Savena;via Ravenna
44.50224300905998, 11.32925600789497;"{""coordinates"": [11.32925600789497, 44.50224300905998], ""type"": ""Point""}";GIARDINO;GIARDINO PIERFRANCESCO LORUSSO;Porto - Saragozza;Via dello Scalo
44.50186057520718, 11.312199365285508;"{""coordinates"": [11.312199365285508, 44.50186057520718], ""type"": ""Point""}";GIARDINO;AREA VIA MARZABOTTO;Porto - Saragozza;Via Marzabotto
44.47399958188334, 11.387422091534935;"{""coordinates"": [11.387422091534935, 44.47399958188334], ""type"": ""Point""}";PARCO;AREA VIA PIACENZA;Savena;via Piacenza
44.49039709362773, 11.37400324088945;"{""coordinates"": [11.37400324088945, 44.49039709362773], ""type"": ""Point""}";VERDE D'ARREDO;LARGO MOLINA;San Donato - San Vitale;Largo Molina
44.517194978100214, 11.32792190984205;"{""coordinates"": [11.32792190984205, 44.517194978100214], ""type"": ""Point""}";VERDE D'ARREDO;AREA VIA DELLA GRAZIA;Navile;Via della Grazia
44.49057431169806, 11.396169371229046;"{""coordinates"": [11.396169371229046, 44.49057431169806], ""type"": ""Point""}";VERDE D'ARREDO;AREA IACP VIA MATTEI;San Donato - San Vitale;Via Enrico Mattei
44.48241665712737, 11.367419244015789;"{""coordinates"": [11.367419244015789, 44.48241665712737], ""type"": ""Point""}";GIARDINO;CENTRO DIURNO BONFIGLIOLI;Santo Stefano;via M. Sarti
44.49289636853878, 11.311671943001778;"{""coordinates"": [11.311671943001778, 44.49289636853878], ""type"": ""Point""}";VERDE D'ARREDO;PIAZZA DELLA PACE;Porto - Saragozza;Piazza della Pace
44.48205676498187, 11.392063838863827;"{""coordinates"": [11.392063838863827, 44.48205676498187], ""type"": ""Point""}";VERDE D'ARREDO;AREA VIA LINCOLN;Savena;Via Lincoln
44.48254507981196, 11.391021287769904;"{""coordinates"": [11.391021287769904, 44.48254507981196], ""type"": ""Point""}";VERDE D'ARREDO;AREA VIA LINCOLN;Savena;Via Lincoln
44.47122508542713, 11.398238322689108;"{""coordinates"": [11.398238322689108, 44.47122508542713], ""type"": ""Point""}";PARCO;NUOVA;;
44.44322383284738, 11.306070718994302;"{""coordinates"": [11.306070718994302, 44.44322383284738], ""type"": ""Point""}";CORPO IDRICO (laghetti, ruscelli, e fossi in collina);PARCO CAVAIONI;Santo Stefano;Via Cavaioni
44.50780891822999, 11.37186009241866;"{""coordinates"": [11.37186009241866, 44.50780891822999], ""type"": ""Point""}";VERDE SPORTIVO;CENTRO SPORTIVO BAUMAN;San Donato - San Vitale;Via Bertini
44.534285575162166, 11.352966757056858;"{""coordinates"": [11.352966757056858, 44.534285575162166], ""type"": ""Point""}";VERDE D'ARREDO;Giardino Papini Corticella;Navile;Via Giovanni Papini
44.511415926838325, 11.354459649625381;"{""coordinates"": [11.354459649625381, 44.511415926838325], ""type"": ""Point""}";;;;
44.52426651563416, 11.40091030961782;"{""coordinates"": [11.40091030961782, 44.52426651563416], ""type"": ""Point""}";GIARDINO;PARCO EX VIVAIO;San Donato - San Vitale;Via Viadagola
44.46756151578446, 11.375164650389786;"{""coordinates"": [11.375164650389786, 44.46756151578446], ""type"": ""Point""}";GIARDINO;RESIDENZA ANNALENA TONELLI  (EX VILLA TABELLINI);Savena;Via della Foscherara
44.52985504472957, 11.364542936586313;"{""coordinates"": [11.364542936586313, 44.52985504472957], ""type"": ""Point""}";;;;
44.50403893255348, 11.358919045689087;"{""coordinates"": [11.358919045689087, 44.50403893255348], ""type"": ""Point""}";;;;
44.534336585948104, 11.351299426076075;"{""coordinates"": [11.351299426076075, 44.534336585948104], ""type"": ""Point""}";GIARDINO;G.NO  NILDE  IOTTI;Navile;Via Don Bedetti 99
44.510031984511365, 11.358764587811255;"{""coordinates"": [11.358764587811255, 44.510031984511365], ""type"": ""Point""}";GIARDINO;GIARDINO PAOLO LACCHINI;San Donato - San Vitale;Via Serena/Viale della Repubblica
44.47360679538764, 11.389453069287006;"{""coordinates"": [11.389453069287006, 44.47360679538764], ""type"": ""Point""}";GIARDINO;G.NO BONCOMPAGNI LUDOVISI;Savena;Via Faenza
44.54524457662992, 11.358502179126038;"{""coordinates"": [11.358502179126038, 44.54524457662992], ""type"": ""Point""}";;;;
44.47050449505944, 11.375237426590255;"{""coordinates"": [11.375237426590255, 44.47050449505944], ""type"": ""Point""}";GIARDINO;GIARDINO FAVILLI;Savena;Via Giovanni Favilli 6
44.47999561479402, 11.394200860712282;"{""coordinates"": [11.394200860712282, 44.47999561479402], ""type"": ""Point""}";PARCO;GIARDINO GIUSEPPE IMPASTATO;Savena;via Due Madonne
44.493442463049405, 11.302152798647985;"{""coordinates"": [11.302152798647985, 44.493442463049405], ""type"": ""Point""}";PARCO;GIARDINO  VILLA SERENA;Borgo Panigale - Reno;Via della Barca
44.499248641132866, 11.306764797310509;"{""coordinates"": [11.306764797310509, 44.499248641132866], ""type"": ""Point""}";GIARDINO;GIARDINO PERSEGUITATI ANTIFASCISTI;Borgo Panigale - Reno;Viale Gandhi
44.49871915977463, 11.30653822755271;"{""coordinates"": [11.30653822755271, 44.49871915977463], ""type"": ""Point""}";GIARDINO;GIARDINO PERSEGUITATI ANTIFASCISTI;Borgo Panigale - Reno;Viale Gandhi
44.489905163815315, 11.32602957009073;"{""coordinates"": [11.32602957009073, 44.489905163815315], ""type"": ""Point""}";GIARDINO;GIARDINO SAN GIUSEPPE;Porto - Saragozza;via Bellinzona
44.52528590176475, 11.345643119009539;"{""coordinates"": [11.345643119009539, 44.52528590176475], ""type"": ""Point""}";GIARDINO;GIARDINO VIA ZANIBONI;Navile;Via Zaniboni
44.49071890963341, 11.321097807974212;"{""coordinates"": [11.321097807974212, 44.49071890963341], ""type"": ""Point""}";GIARDINO;G.NO GIORDANO MURATORI;Porto - Saragozza;Via XXI Aprile 1945
44.482827546718816, 11.392517783592696;"{""coordinates"": [11.392517783592696, 44.482827546718816], ""type"": ""Point""}";VERDE D'ARREDO;AREA VIA LINCOLN;Savena;Via Lincoln
44.50548389470197, 11.367578771657259;"{""coordinates"": [11.367578771657259, 44.50548389470197], ""type"": ""Point""}";;;;
44.47433881950207, 11.365882282308643;"{""coordinates"": [11.365882282308643, 44.47433881950207], ""type"": ""Point""}";PARCO;PARCO OLIVIERO OLIVO;Santo Stefano;Via Murri
44.50329018657891, 11.376562765897273;"{""coordinates"": [11.376562765897273, 44.50329018657891], ""type"": ""Point""}";VERDE D'ARREDO;GIARDINO VIA DELLA CAMPAGNA;San Donato - San Vitale;Via della Campagna
44.50323388110675, 11.376347794981749;"{""coordinates"": [11.376347794981749, 44.50323388110675], ""type"": ""Point""}";VERDE D'ARREDO;GIARDINO VIA DELLA CAMPAGNA;San Donato - San Vitale;Via della Campagna
44.5085846738259, 11.375187764128349;"{""coordinates"": [11.375187764128349, 44.5085846738259], ""type"": ""Point""}";;;;
44.54104805452801, 11.354846752290921;"{""coordinates"": [11.354846752290921, 44.54104805452801], ""type"": ""Point""}";;;;
44.5131832858236, 11.349595045140966;"{""coordinates"": [11.349595045140966, 44.5131832858236], ""type"": ""Point""}";GIARDINO;PARCO ZUCCA;Navile;Via di Saliceto
44.46129061874399, 11.380639594110313;"{""coordinates"": [11.380639594110313, 44.46129061874399], ""type"": ""Point""}";GIARDINO;PARCO CORRADO ALVARO (EX TRE OCARINE);Savena;Via Alberto Mario
44.48705210656794, 11.387832822017373;"{""coordinates"": [11.387832822017373, 44.48705210656794], ""type"": ""Point""}";GIARDINO;GIARDINO BRIGATA PARTIGIANA MAIELLA;Savena;Via Barbacci - Via Marx
44.511649003363786, 11.363294606654044;"{""coordinates"": [11.363294606654044, 44.511649003363786], ""type"": ""Point""}";GIARDINO;PIAZZA  COSTITITUZIONE E  AREA LIMITROFA;San Donato - San Vitale;Piazza della Costituzione
44.51249496938882, 11.300972415888287;"{""coordinates"": [11.300972415888287, 44.51249496938882], ""type"": ""Point""}";VERDE SPORTIVO;PARCO ORLANDO SIROLA (EX CENTRO SPORTIVO AGUCCHI);Borgo Panigale - Reno;Via Agucchi
44.497348799295864, 11.350222612704345;"{""coordinates"": [11.350222612704345, 44.497348799295864], ""type"": ""Point""}";GIARDINO;GIARDINO DEL GUASTO;Santo Stefano;Via del Guasto
44.472205444730086, 11.375881199444002;"{""coordinates"": [11.375881199444002, 44.472205444730086], ""type"": ""Point""}";VERDE D'ARREDO;AREA VIA DELLE ARMI ESTERNO  ORTI;Savena;Via delle Armi 10
44.506854029313644, 11.282105576099426;"{""coordinates"": [11.282105576099426, 44.506854029313644], ""type"": ""Point""}";VERDE D'ARREDO;PARCO GIOCO DEL MONDO;Borgo Panigale - Reno;Viale Salvemini 11
44.52230224213296, 11.361683195180323;"{""coordinates"": [11.361683195180323, 44.52230224213296], ""type"": ""Point""}";;;;
44.53514806646404, 11.351390660554651;"{""coordinates"": [11.351390660554651, 44.53514806646404], ""type"": ""Point""}";GIARDINO;GIARDINO DON BEDETTI;Navile;Via Don Bedetti
44.52232513801149, 11.26970243119903;"{""coordinates"": [11.26970243119903, 44.52232513801149], ""type"": ""Point""}";VERDE SPORTIVO;CENTRO SPORTIVO CAVINA;Borgo Panigale - Reno;via Biancolelli
44.48376496110921, 11.393020341791123;"{""coordinates"": [11.393020341791123, 44.48376496110921], ""type"": ""Point""}";PARCO;GIARDINO AREA CARLO MARX;Savena;Via Carlo Marx
44.53355297466017, 11.3573203601712;"{""coordinates"": [11.3573203601712, 44.53355297466017], ""type"": ""Point""}";;;;
44.471273077464176, 11.375016280883935;"{""coordinates"": [11.375016280883935, 44.471273077464176], ""type"": ""Point""}";GIARDINO;GIARDINO FAVILLI;Savena;Via giovanni Favilli 6
44.51131406910652, 11.353865984865026;"{""coordinates"": [11.353865984865026, 44.51131406910652], ""type"": ""Point""}";PARCO;NUOVA;NAVILE;
44.46285436547978, 11.379390210570842;"{""coordinates"": [11.379390210570842, 44.46285436547978], ""type"": ""Point""}";PARCO;NUOVA;;
44.46125376534354, 11.378719542036542;"{""coordinates"": [11.378719542036542, 44.46125376534354], ""type"": ""Point""}";PARCO;NUOVA;;
44.46854301635225, 11.379362848226151;"{""coordinates"": [11.379362848226151, 44.46854301635225], ""type"": ""Point""}";;;;
44.512858177181414, 11.340065475676065;"{""coordinates"": [11.340065475676065, 44.512858177181414], ""type"": ""Point""}";;;;
44.51088964083539, 11.33956014556515;"{""coordinates"": [11.33956014556515, 44.51088964083539], ""type"": ""Point""}";;;;
44.516295741538116, 11.335427461217206;"{""coordinates"": [11.335427461217206, 44.516295741538116], ""type"": ""Point""}";;;;
44.51124166419223, 11.33092295947583;"{""coordinates"": [11.33092295947583, 44.51124166419223], ""type"": ""Point""}";;;;
44.51503125190574, 11.331287014501967;"{""coordinates"": [11.331287014501967, 44.51503125190574], ""type"": ""Point""}";;;;
44.516621760964576, 11.326721966295695;"{""coordinates"": [11.326721966295695, 44.516621760964576], ""type"": ""Point""}";;;;
44.5243878153842, 11.324078880231706;"{""coordinates"": [11.324078880231706, 44.5243878153842], ""type"": ""Point""}";;;;
44.525481726995295, 11.318227413705442;"{""coordinates"": [11.318227413705442, 44.525481726995295], ""type"": ""Point""}";;;;
44.527253487330434, 11.318166867240539;"{""coordinates"": [11.318166867240539, 44.527253487330434], ""type"": ""Point""}";;;;
44.54029581685976, 11.354987268386763;"{""coordinates"": [11.354987268386763, 44.54029581685976], ""type"": ""Point""}";;;;
44.5413375265508, 11.3515530030362;"{""coordinates"": [11.3515530030362, 44.5413375265508], ""type"": ""Point""}";;;;
44.53955218207292, 11.351481201138723;"{""coordinates"": [11.351481201138723, 44.53955218207292], ""type"": ""Point""}";;;;
44.52824745846268, 11.36042383638112;"{""coordinates"": [11.36042383638112, 44.52824745846268], ""type"": ""Point""}";;;;
44.52910364757535, 11.362744007965642;"{""coordinates"": [11.362744007965642, 44.52910364757535], ""type"": ""Point""}";;;;
44.48749076086124, 11.315405211016136;"{""coordinates"": [11.315405211016136, 44.48749076086124], ""type"": ""Point""}";;;;
44.48620764154736, 11.313487906294235;"{""coordinates"": [11.313487906294235, 44.48620764154736], ""type"": ""Point""}";;;;
44.488248756027616, 11.312126775189027;"{""coordinates"": [11.312126775189027, 44.488248756027616], ""type"": ""Point""}";;;;
44.487940590046044, 11.302002319525961;"{""coordinates"": [11.302002319525961, 44.487940590046044], ""type"": ""Point""}";;;;
44.50003702365283, 11.365318751052346;"{""coordinates"": [11.365318751052346, 44.50003702365283], ""type"": ""Point""}";;;;
44.51283073411639, 11.395611125702896;"{""coordinates"": [11.395611125702896, 44.51283073411639], ""type"": ""Point""}";;;;
44.49907793899328, 11.291985708911703;"{""coordinates"": [11.291985708911703, 44.49907793899328], ""type"": ""Point""}";;;;
44.5013424908279, 11.302077782366878;"{""coordinates"": [11.302077782366878, 44.5013424908279], ""type"": ""Point""}";;;;
44.501868435398, 11.304249146981933;"{""coordinates"": [11.304249146981933, 44.501868435398], ""type"": ""Point""}";;;;
44.5042515705292, 11.302863831922869;"{""coordinates"": [11.302863831922869, 44.5042515705292], ""type"": ""Point""}";;;;
44.5087827222688, 11.304832847147273;"{""coordinates"": [11.304832847147273, 44.5087827222688], ""type"": ""Point""}";;;;
44.50835918123657, 11.303755561929847;"{""coordinates"": [11.303755561929847, 44.50835918123657], ""type"": ""Point""}";;;;
44.500838255808056, 11.313272537116836;"{""coordinates"": [11.313272537116836, 44.500838255808056], ""type"": ""Point""}";;;;
44.500283433440366, 11.312722015697737;"{""coordinates"": [11.312722015697737, 44.500283433440366], ""type"": ""Point""}";;;;
44.50065126694808, 11.312786325119461;"{""coordinates"": [11.312786325119461, 44.50065126694808], ""type"": ""Point""}";;;;
44.50076109870665, 11.303242682407625;"{""coordinates"": [11.303242682407625, 44.50076109870665], ""type"": ""Point""}";;;;
44.50343718690955, 11.283053303169835;"{""coordinates"": [11.283053303169835, 44.50343718690955], ""type"": ""Point""}";;;;
44.49384934993681, 11.27919673556321;"{""coordinates"": [11.27919673556321, 44.49384934993681], ""type"": ""Point""}";;;;
44.51487628349766, 11.277011257949374;"{""coordinates"": [11.277011257949374, 44.51487628349766], ""type"": ""Point""}";;;;
44.514642531831335, 11.2786033144275;"{""coordinates"": [11.2786033144275, 44.514642531831335], ""type"": ""Point""}";;;;
44.51380799149827, 11.287251456306135;"{""coordinates"": [11.287251456306135, 44.51380799149827], ""type"": ""Point""}";;;;
44.51121093681015, 11.360583841529802;"{""coordinates"": [11.360583841529802, 44.51121093681015], ""type"": ""Point""}";;;;
44.51434347704922, 11.391170481490407;"{""coordinates"": [11.391170481490407, 44.51434347704922], ""type"": ""Point""}";;;;
44.513214235474926, 11.395383704576489;"{""coordinates"": [11.395383704576489, 44.513214235474926], ""type"": ""Point""}";;;;
44.51308865255967, 11.401339013863513;"{""coordinates"": [11.401339013863513, 44.51308865255967], ""type"": ""Point""}";;;;
44.512533408630205, 11.397023650006327;"{""coordinates"": [11.397023650006327, 44.512533408630205], ""type"": ""Point""}";;;;
44.48627485826231, 11.316293593852652;"{""coordinates"": [11.316293593852652, 44.48627485826231], ""type"": ""Point""}";;;;
44.47997026102694, 11.346415409582828;"{""coordinates"": [11.346415409582828, 44.47997026102694], ""type"": ""Point""}";;;;
44.51403605007287, 11.331638821437995;"{""coordinates"": [11.331638821437995, 44.51403605007287], ""type"": ""Point""}";;;;
44.51763939911643, 11.284412820748512;"{""coordinates"": [11.284412820748512, 44.51763939911643], ""type"": ""Point""}";;;;
44.5329544868029, 11.349349234590827;"{""coordinates"": [11.349349234590827, 44.5329544868029], ""type"": ""Point""}";;;;
44.53218558447351, 11.35112748867145;"{""coordinates"": [11.35112748867145, 44.53218558447351], ""type"": ""Point""}";;;;
44.5311708745179, 11.344561009196342;"{""coordinates"": [11.344561009196342, 44.5311708745179], ""type"": ""Point""}";;;;
44.47038003643152, 11.382006150772703;"{""coordinates"": [11.382006150772703, 44.47038003643152], ""type"": ""Point""}";;;;
44.46785682308326, 11.382404919969105;"{""coordinates"": [11.382404919969105, 44.46785682308326], ""type"": ""Point""}";;;;
44.49343743797461, 11.287481189319148;"{""coordinates"": [11.287481189319148, 44.49343743797461], ""type"": ""Point""}";;;;
44.49246940873693, 11.37766856728245;"{""coordinates"": [11.37766856728245, 44.49246940873693], ""type"": ""Point""}";PARCO;GIARDINO VIA SPARTACO;San Donato - San Vitale;Via Spartaco
44.54081129965947, 11.350982420302394;"{""coordinates"": [11.350982420302394, 44.54081129965947], ""type"": ""Point""}";VERDE D'ARREDO;AREA VERDE VIA ARCOVEGGIO;Navile;Via dell'Arcoveggio
44.477016778311786, 11.294292264481362;"{""coordinates"": [11.294292264481362, 44.477016778311786], ""type"": ""Point""}";VERDE D'ARREDO;PARCHEGGIO DI SAN LUCA;Porto - Saragozza;via Monte Albano
44.462038602461554, 11.358206532855508;"{""coordinates"": [11.358206532855508, 44.462038602461554], ""type"": ""Point""}";VERDE D'ARREDO;"CASA ""MERLANI""";Savena;Via Siepelunga
44.52922124743989, 11.364128426172751;"{""coordinates"": [11.364128426172751, 44.52922124743989], ""type"": ""Point""}";;;;
44.49203827685438, 11.281495405244696;"{""coordinates"": [11.281495405244696, 44.49203827685438], ""type"": ""Point""}";;;;
44.53353828575688, 11.350877343548168;"{""coordinates"": [11.350877343548168, 44.53353828575688], ""type"": ""Point""}";GIARDINO;GIARDINO ANGELO TOSELLI;Navile;Via Don Bedetti
44.50508418688699, 11.359851582157145;"{""coordinates"": [11.359851582157145, 44.50508418688699], ""type"": ""Point""}";VERDE D'ARREDO;GIARDINO JANIS JOPLIN;San Donato - San Vitale;Via del Lavoro
44.53009178980347, 11.3641891853458;"{""coordinates"": [11.3641891853458, 44.53009178980347], ""type"": ""Point""}";VERDE D'ARREDO;PARCO DOZZA;Navile;Via Andrea da Formigine
44.50865228297087, 11.397277216680026;"{""coordinates"": [11.397277216680026, 44.50865228297087], ""type"": ""Point""}";VERDE D'ARREDO;AREA VIA LARGA;San Donato - San Vitale;Via Larga
44.51229229122186, 11.386622919301399;"{""coordinates"": [11.386622919301399, 44.51229229122186], ""type"": ""Point""}";VERDE D'ARREDO;VERDE VIA S.DONATO 177-177/5A;San Donato - San Vitale;Via San Donato, 177
44.51019290524334, 11.396941847918196;"{""coordinates"": [11.396941847918196, 44.51019290524334], ""type"": ""Point""}";PARCO;PARCO M.MITILINI-A.MONETA-O.STEFANINI;San Donato - San Vitale;Via Pirandello
44.48213325347334, 11.349226053955228;"{""coordinates"": [11.349226053955228, 44.48213325347334], ""type"": ""Point""}";;;;
44.51120234614877, 11.362970610106485;"{""coordinates"": [11.362970610106485, 44.51120234614877], ""type"": ""Point""}";GIARDINO;PIAZZA  COSTITITUZIONE E  AREA LIMITROFA;San Donato - San Vitale;Piazza della Costituzione
44.475152672104095, 11.377136601285908;"{""coordinates"": [11.377136601285908, 44.475152672104095], ""type"": ""Point""}";;;;
44.545328298573445, 11.357509571763568;"{""coordinates"": [11.357509571763568, 44.545328298573445], ""type"": ""Point""}";;;;
44.498234327044614, 11.311343155992821;"{""coordinates"": [11.311343155992821, 44.498234327044614], ""type"": ""Point""}";;;;
44.53315644079383, 11.3507998309874;"{""coordinates"": [11.3507998309874, 44.53315644079383], ""type"": ""Point""}";GIARDINO;GIARDINO ANGELO TOSELLI;Navile;Via Don Bedetti
44.47883067507279, 11.365842018387262;"{""coordinates"": [11.365842018387262, 44.47883067507279], ""type"": ""Point""}";VERDE D'ARREDO;AREA VIA DEGLI ORTI;Santo Stefano;via Degli Orti
44.507764997485545, 11.286795280803235;"{""coordinates"": [11.286795280803235, 44.507764997485545], ""type"": ""Point""}";PARCO;AREA VIA ARETUSI;Borgo Panigale - Reno;Via Aretusi
44.549042538876, 11.358814629419204;"{""coordinates"": [11.358814629419204, 44.549042538876], ""type"": ""Point""}";;;;
44.511264779216994, 11.401168770505238;"{""coordinates"": [11.401168770505238, 44.511264779216994], ""type"": ""Point""}";;;;
44.48496073169473, 11.377246193078639;"{""coordinates"": [11.377246193078639, 44.48496073169473], ""type"": ""Point""}";VERDE D'ARREDO;GIARDINO NINO  LUCCARINI;Savena;via Oretti
44.47410005914539, 11.397104473185859;"{""coordinates"": [11.397104473185859, 44.47410005914539], ""type"": ""Point""}";VERDE D'ARREDO;AREA VIALE CAVINA;Savena;viale S. Cavina
44.49454390718031, 11.281580466739321;"{""coordinates"": [11.281580466739321, 44.49454390718031], ""type"": ""Point""}";;;;
44.50604789903649, 11.332394816426401;"{""coordinates"": [11.332394816426401, 44.50604789903649], ""type"": ""Point""}";VERDE D'ARREDO;PERCORSO LUNGONAVILE BOVA;Porto - Saragozza;Via Bovi Campeggi
44.51691379388421, 11.334117870862341;"{""coordinates"": [11.334117870862341, 44.51691379388421], ""type"": ""Point""}";PARCO;PARCO DI VILLA ANGELETTI;Navile;Via Yuri Gagarin
44.46820147219117, 11.382350583398038;"{""coordinates"": [11.382350583398038, 44.46820147219117], ""type"": ""Point""}";;;;
44.48537878317137, 11.378115008964855;"{""coordinates"": [11.378115008964855, 44.48537878317137], ""type"": ""Point""}";PARCO;PARCO ANDERS;Savena;viale Felsina
44.479277284845544, 11.392595741147263;"{""coordinates"": [11.392595741147263, 44.479277284845544], ""type"": ""Point""}";PARCO;VIA BOMBICCI-VIA LONGHENA;Savena;via M. Longhena
44.472483144883526, 11.38056965324112;"{""coordinates"": [11.38056965324112, 44.472483144883526], ""type"": ""Point""}";GIARDINO;VERDE  MILANO MAZZONI;Savena;Via Milano - Via Corrado Mazzoni
44.496379354193046, 11.330581699642574;"{""coordinates"": [11.330581699642574, 44.496379354193046], ""type"": ""Point""}";GIARDINO;GIARDINO OTELLO BIGNAMI  (SAN ROCCO);Porto - Saragozza;via San Rocco
44.51119330154716, 11.356148693577492;"{""coordinates"": [11.356148693577492, 44.51119330154716], ""type"": ""Point""}";;;;
44.51958408130361, 11.324294324603828;"{""coordinates"": [11.324294324603828, 44.51958408130361], ""type"": ""Point""}";VERDE D'ARREDO;AREA LUNGO FERROVIA;Navile;Via Zanardi
44.50292828253452, 11.374415165762182;"{""coordinates"": [11.374415165762182, 44.50292828253452], ""type"": ""Point""}";GIARDINO;GIARDINO ANGELO GANDOLFI;San Donato - San Vitale;Via Beolco
44.5435413374108, 11.358794201265052;"{""coordinates"": [11.358794201265052, 44.5435413374108], ""type"": ""Point""}";;;;
44.52717547553911, 11.319741851564725;"{""coordinates"": [11.319741851564725, 44.52717547553911], ""type"": ""Point""}";;;;
44.49189963744921, 11.285456190021545;"{""coordinates"": [11.285456190021545, 44.49189963744921], ""type"": ""Point""}";VERDE D'ARREDO;GIARDINO G. HORN D' ARTURO;Borgo Panigale - Reno;Via Masaccio
44.46124615667324, 11.383663243713475;"{""coordinates"": [11.383663243713475, 44.46124615667324], ""type"": ""Point""}";PARCO;NUOVA;;
44.52562056621455, 11.349835037499577;"{""coordinates"": [11.349835037499577, 44.52562056621455], ""type"": ""Point""}";PARCO;PARCO EX CASERME ROSSE;Navile;Via di Corticella
44.52458461218294, 11.398368238554085;"{""coordinates"": [11.398368238554085, 44.52458461218294], ""type"": ""Point""}";;;;
44.462741612902846, 11.38002204198217;"{""coordinates"": [11.38002204198217, 44.462741612902846], ""type"": ""Point""}";PARCO;NUOVA;;
44.466235538628986, 11.378442350927374;"{""coordinates"": [11.378442350927374, 44.466235538628986], ""type"": ""Point""}";GIARDINO;G.NO PALESTRINA BATTAGLIA;Savena;Via della Battaglia 23/1
44.512574563696106, 11.348425587820685;"{""coordinates"": [11.348425587820685, 44.512574563696106], ""type"": ""Point""}";GIARDINO;G.NO GIULIETTA MASINA;Navile;Via Torreggiani
44.49738672608828, 11.313113707654635;"{""coordinates"": [11.313113707654635, 44.49738672608828], ""type"": ""Point""}";;;;
44.50857525069157, 11.388101356911797;"{""coordinates"": [11.388101356911797, 44.50857525069157], ""type"": ""Point""}";GIARDINO;GIARDINO PENELOPE VERONESI;San Donato - San Vitale;Via del Pilatro 6/4
44.511498966048606, 11.38720221299081;"{""coordinates"": [11.38720221299081, 44.511498966048606], ""type"": ""Point""}";GIARDINO;G.NO PIRANDELLO 7;San Donato - San Vitale;Via Luigi Pirandello, 7
44.50711624432967, 11.277991431726447;"{""coordinates"": [11.277991431726447, 44.50711624432967], ""type"": ""Point""}";PARCO;PARCO DELLE QUERCE;Borgo Panigale - Reno;via Galeazza
44.51032885304926, 11.357815789097488;"{""coordinates"": [11.357815789097488, 44.51032885304926], ""type"": ""Point""}";VERDE D'ARREDO;GIARDINO PAOLO LACCHINI;San Donato - San Vitale;Via Serena
44.52914648224171, 11.345207581308728;"{""coordinates"": [11.345207581308728, 44.52914648224171], ""type"": ""Point""}";PARCO;FASCIA BOSCATA;Navile;Via Arcoveggio
44.51719888234461, 11.33415414442707;"{""coordinates"": [11.33415414442707, 44.51719888234461], ""type"": ""Point""}";PARCO;PERCORSO LUNGONAVILE;Navile;Via Yuri Gagarin
44.49482865520062, 11.383429919639592;"{""coordinates"": [11.383429919639592, 44.49482865520062], ""type"": ""Point""}";GIARDINO;GIARDINO VIA GHIBERTI;San Donato - San Vitale;Via Ghiberti
44.50196869391776, 11.296576982233796;"{""coordinates"": [11.296576982233796, 44.50196869391776], ""type"": ""Point""}";GIARDINO;GIARDINO ERNESTO CHE GUEVARA;Borgo Panigale - Reno;via Battindarno
44.49746443935485, 11.312526082306814;"{""coordinates"": [11.312526082306814, 44.49746443935485], ""type"": ""Point""}";GIARDINO;VIA TOFANE;Porto - Saragozza;Via Tofane
44.47543955272498, 11.394233940438493;"{""coordinates"": [11.394233940438493, 44.47543955272498], ""type"": ""Point""}";GIARDINO;AREA VIA FERRARA (HORTUS CONCLUSUS);Savena;via Ferrara
44.49364849795106, 11.28605757223239;"{""coordinates"": [11.28605757223239, 44.49364849795106], ""type"": ""Point""}";GIARDINO;AREA VIA ACHILLE GRANDI;Borgo Panigale - Reno;Via Grandi
44.48901617700022, 11.34223196893728;"{""coordinates"": [11.34223196893728, 44.48901617700022], ""type"": ""Point""}";GIARDINO;ASILO TOVAGLIE - G.NO TOVAGLIE;Santo Stefano;Via Tovaglia
44.49212272624634, 11.313681457384057;"{""coordinates"": [11.313681457384057, 44.49212272624634], ""type"": ""Point""}";GIARDINO;GIARDINO ALDO CUCCHI;Porto - Saragozza;via XXI Aprile 1945
44.47651258075315, 11.372047876578893;"{""coordinates"": [11.372047876578893, 44.47651258075315], ""type"": ""Point""}";VERDE D'ARREDO;GIARDINO LAMPONI-ORTI;Santo Stefano;via Lamponi
44.493703784338685, 11.288980055824378;"{""coordinates"": [11.288980055824378, 44.493703784338685], ""type"": ""Point""}";GIARDINO;P.E.E.P. DI VITTORIO;Borgo Panigale - Reno;Via di Vittorio
44.51850177854033, 11.297724736553684;"{""coordinates"": [11.297724736553684, 44.51850177854033], ""type"": ""Point""}";;;;
44.49057999223572, 11.287347371579301;"{""coordinates"": [11.287347371579301, 44.49057999223572], ""type"": ""Point""}";VERDE D'ARREDO;GIARDINO I.T.I.S.;Borgo Panigale - Reno;Rotonda Malaguti
44.46978564956448, 11.38741129142332;"{""coordinates"": [11.38741129142332, 44.46978564956448], ""type"": ""Point""}";GIARDINO;CENTRO TEATRALE ROSSELLE;Savena;Via Portazza
44.53482814753698, 11.352869779321734;"{""coordinates"": [11.352869779321734, 44.53482814753698], ""type"": ""Point""}";VERDE D'ARREDO;Giardino Papini Corticella;Navile;Via Giovanni Papini
44.5072632585744, 11.375820208377668;"{""coordinates"": [11.375820208377668, 44.5072632585744], ""type"": ""Point""}";;;;
44.52071873560496, 11.297365736859847;"{""coordinates"": [11.297365736859847, 44.52071873560496], ""type"": ""Point""}";;;;
44.47844818513938, 11.373317904695062;"{""coordinates"": [11.373317904695062, 44.47844818513938], ""type"": ""Point""}";;;;
44.450248205186824, 11.319552519690271;"{""coordinates"": [11.319552519690271, 44.450248205186824], ""type"": ""Point""}";PARCO;PARCO PADERNO;Santo Stefano;Via Paderno
44.49315039504763, 11.396429263758534;"{""coordinates"": [11.396429263758534, 44.49315039504763], ""type"": ""Point""}";GIARDINO;AREA IACP VIA MATTEI;San Donato - San Vitale;Via Enrico Mattei
44.45408744598989, 11.348355594584904;"{""coordinates"": [11.348355594584904, 44.45408744598989], ""type"": ""Point""}";PARCO;PARCO JOLA CA BANDIERA;Savena;Via Jola
44.50544656058983, 11.377786115812196;"{""coordinates"": [11.377786115812196, 44.50544656058983], ""type"": ""Point""}";GIARDINO;GIARDINO VIA DELLA CAMPAGNA;San Donato - San Vitale;Via della Campagna
44.486152873258916, 11.376697317076841;"{""coordinates"": [11.376697317076841, 44.486152873258916], ""type"": ""Point""}";GIARDINO;GIARDINO NINO  LUCCARINI;Savena;via Oretti
44.505968716069376, 11.304242365342049;"{""coordinates"": [11.304242365342049, 44.505968716069376], ""type"": ""Point""}";VERDE D'ARREDO;G.NO DELLA FERRIERA;Borgo Panigale - Reno;Via della Ferriera
44.52284426830723, 11.291410092685073;"{""coordinates"": [11.291410092685073, 44.52284426830723], ""type"": ""Point""}";;;;
44.49025527284573, 11.399628772662536;"{""coordinates"": [11.399628772662536, 44.49025527284573], ""type"": ""Point""}";GIARDINO;G.NO BELLA FUORI 3 CROCE DEL BIACCO;San Donato - San Vitale;Via Martiri della Croce del Biacco
44.498075255351914, 11.378102698877463;"{""coordinates"": [11.378102698877463, 44.498075255351914], ""type"": ""Point""}";;;;
44.512678357652185, 11.39113731994443;"{""coordinates"": [11.39113731994443, 44.512678357652185], ""type"": ""Point""}";;;;
44.46485045822992, 11.381812651344495;"{""coordinates"": [11.381812651344495, 44.46485045822992], ""type"": ""Point""}";;;;
44.4690281643082, 11.379155593019373;"{""coordinates"": [11.379155593019373, 44.4690281643082], ""type"": ""Point""}";;;;
44.50112768772496, 11.345995924289566;"{""coordinates"": [11.345995924289566, 44.50112768772496], ""type"": ""Point""}";;;;
44.5037009124833, 11.34562022571248;"{""coordinates"": [11.34562022571248, 44.5037009124833], ""type"": ""Point""}";;;;
44.51507937858297, 11.331101493923613;"{""coordinates"": [11.331101493923613, 44.51507937858297], ""type"": ""Point""}";;;;
44.520475970385796, 11.32474916064764;"{""coordinates"": [11.32474916064764, 44.520475970385796], ""type"": ""Point""}";;;;
44.52366281027883, 11.326452612150568;"{""coordinates"": [11.326452612150568, 44.52366281027883], ""type"": ""Point""}";;;;
44.5224549859277, 11.321128016304456;"{""coordinates"": [11.321128016304456, 44.5224549859277], ""type"": ""Point""}";;;;
44.524778262459144, 11.320524492247255;"{""coordinates"": [11.320524492247255, 44.524778262459144], ""type"": ""Point""}";;;;
44.52439790646169, 11.320331209301608;"{""coordinates"": [11.320331209301608, 44.52439790646169], ""type"": ""Point""}";;;;
44.53885977891017, 11.35517046025493;"{""coordinates"": [11.35517046025493, 44.53885977891017], ""type"": ""Point""}";;;;
44.539554510783105, 11.351604622778718;"{""coordinates"": [11.351604622778718, 44.539554510783105], ""type"": ""Point""}";;;;
44.528867671609575, 11.363539650613399;"{""coordinates"": [11.363539650613399, 44.528867671609575], ""type"": ""Point""}";;;;
44.528239696095454, 11.367929269318827;"{""coordinates"": [11.367929269318827, 44.528239696095454], ""type"": ""Point""}";;;;
44.49907803464107, 11.336666335037583;"{""coordinates"": [11.336666335037583, 44.49907803464107], ""type"": ""Point""}";;;;
44.488835979113496, 11.316207839794457;"{""coordinates"": [11.316207839794457, 44.488835979113496], ""type"": ""Point""}";;;;
44.51199512124813, 11.394860712578051;"{""coordinates"": [11.394860712578051, 44.51199512124813], ""type"": ""Point""}";;;;
44.44723143742983, 11.352613109032195;"{""coordinates"": [11.352613109032195, 44.44723143742983], ""type"": ""Point""}";;;;
44.50577840727706, 11.295227395303614;"{""coordinates"": [11.295227395303614, 44.50577840727706], ""type"": ""Point""}";;;;
44.50704247654739, 11.293182601461256;"{""coordinates"": [11.293182601461256, 44.50704247654739], ""type"": ""Point""}";;;;
44.4964267114003, 11.299459528712946;"{""coordinates"": [11.299459528712946, 44.4964267114003], ""type"": ""Point""}";;;;
44.503751841264844, 11.303406161058941;"{""coordinates"": [11.303406161058941, 44.503751841264844], ""type"": ""Point""}";;;;
44.50503925854178, 11.304106191643196;"{""coordinates"": [11.304106191643196, 44.50503925854178], ""type"": ""Point""}";;;;
44.50748588386639, 11.30548249519094;"{""coordinates"": [11.30548249519094, 44.50748588386639], ""type"": ""Point""}";;;;
44.50536145205958, 11.283025172596812;"{""coordinates"": [11.283025172596812, 44.50536145205958], ""type"": ""Point""}";;;;
44.495456811252545, 11.279345425734913;"{""coordinates"": [11.279345425734913, 44.495456811252545], ""type"": ""Point""}";;;;
44.51512477022606, 11.276474097959703;"{""coordinates"": [11.276474097959703, 44.51512477022606], ""type"": ""Point""}";;;;
44.516588899574494, 11.28447590643431;"{""coordinates"": [11.28447590643431, 44.516588899574494], ""type"": ""Point""}";;;;
44.51158701578035, 11.291105344810601;"{""coordinates"": [11.291105344810601, 44.51158701578035], ""type"": ""Point""}";;;;
44.51120222972801, 11.356340143656276;"{""coordinates"": [11.356340143656276, 44.51120222972801], ""type"": ""Point""}";;;;
44.507190274194194, 11.376718734486444;"{""coordinates"": [11.376718734486444, 44.507190274194194], ""type"": ""Point""}";;;;
44.51360806349731, 11.398068164973765;"{""coordinates"": [11.398068164973765, 44.51360806349731], ""type"": ""Point""}";;;;
44.54937642198678, 11.362112269330874;"{""coordinates"": [11.362112269330874, 44.54937642198678], ""type"": ""Point""}";;;;
44.483070652039636, 11.30759689324677;"{""coordinates"": [11.30759689324677, 44.483070652039636], ""type"": ""Point""}";;;;
44.499396052733076, 11.377848853944679;"{""coordinates"": [11.377848853944679, 44.499396052733076], ""type"": ""Point""}";;;;
44.466361151798765, 11.347772323829796;"{""coordinates"": [11.347772323829796, 44.466361151798765], ""type"": ""Point""}";PARCO;VILLA GUASTAVILLANI;Santo Stefano;Via Degli Scalini
44.49790829623617, 11.397918375265835;"{""coordinates"": [11.397918375265835, 44.49790829623617], ""type"": ""Point""}";VERDE D'ARREDO;VERDE ARREDO VIA CARROZZAIO;San Donato - San Vitale;Via del Carrozzaio
44.49985010627007, 11.326373459821495;"{""coordinates"": [11.326373459821495, 44.49985010627007], ""type"": ""Point""}";GIARDINO;GIARDINO MONS. ENELIO FRANZONI;Porto - Saragozza;Via Dello Scalo
44.504011013928235, 11.314328836746075;"{""coordinates"": [11.314328836746075, 44.504011013928235], ""type"": ""Point""}";GIARDINO;AREA VIA E.PONENTE OSPED.MAGGIORE;Porto - Saragozza;Via Emilia Ponente
44.464272155425284, 11.369555717953864;"{""coordinates"": [11.369555717953864, 44.464272155425284], ""type"": ""Point""}";GIARDINO;AREA PACINOTTI-LABRIOLA;Savena;Via Pacinotti
44.519094135886554, 11.3286270382338;"{""coordinates"": [11.3286270382338, 44.519094135886554], ""type"": ""Point""}";VERDE D'ARREDO;CENTRO CIVICO LINO BORGATTI;Navile;Via Marco Polo
44.49194533031593, 11.348598927275733;"{""coordinates"": [11.348598927275733, 44.49194533031593], ""type"": ""Point""}";GIARDINO;GIARDINO PIAZZA SANTO STEFANO;Santo Stefano;Piazza Santo Stefano
44.48747646491076, 11.344341113914771;"{""coordinates"": [11.344341113914771, 44.48747646491076], ""type"": ""Point""}";VERDE D'ARREDO;G.NO SALVO D' ACQUISTO;Santo Stefano;Piazza Tribunali
44.51630946914736, 11.278940268426823;"{""coordinates"": [11.278940268426823, 44.51630946914736], ""type"": ""Point""}";GIARDINO;AREA VIGILI URBANI BORGO PANIGALE;Borgo Panigale - Reno;via E. Lepido
44.49522603411325, 11.349908915052042;"{""coordinates"": [11.349908915052042, 44.49522603411325], ""type"": ""Point""}";VERDE D'ARREDO;GIARDINO MATERNA ZAMBONI;Santo Stefano;Via Zamboni 15
44.50013064621338, 11.361693247709997;"{""coordinates"": [11.361693247709997, 44.50013064621338], ""type"": ""Point""}";VERDE D'ARREDO;AREA VIA P. FABBRI 110;San Donato - San Vitale;Via P.Fabbri
44.49570018422387, 11.291894296272574;"{""coordinates"": [11.291894296272574, 44.49570018422387], ""type"": ""Point""}";VERDE D'ARREDO;VIA DELLA BARCA 44;Borgo Panigale - Reno;Via della Barca
44.501668172859155, 11.361755354245961;"{""coordinates"": [11.361755354245961, 44.501668172859155], ""type"": ""Point""}";VERDE D'ARREDO;ARCHIVIO STORICO COMUNALE;San Donato - San Vitale;Via Tartini
44.50180807650863, 11.365134077641573;"{""coordinates"": [11.365134077641573, 44.50180807650863], ""type"": ""Point""}";VERDE D'ARREDO;PIAZZA MICKIEWICZ;San Donato - San Vitale;Piazza Mickiewitz
44.50825022387142, 11.352545522697213;"{""coordinates"": [11.352545522697213, 44.50825022387142], ""type"": ""Point""}";;;;
44.52118757848864, 11.316216569664514;"{""coordinates"": [11.316216569664514, 44.52118757848864], ""type"": ""Point""}";;;;
44.46084313611361, 11.374799546552481;"{""coordinates"": [11.374799546552481, 44.46084313611361], ""type"": ""Point""}";PARCO;NUOVA;;
44.50315418966413, 11.285320839044484;"{""coordinates"": [11.285320839044484, 44.50315418966413], ""type"": ""Point""}";PARCO;GIARDINO DEI BAMBU;Borgo Panigale - Reno;Via Caduti di Casteldebole
44.50754433081173, 11.29014738755007;"{""coordinates"": [11.29014738755007, 44.50754433081173], ""type"": ""Point""}";CORPO IDRICO (laghetti, ruscelli, e fossi in collina);LUNGORENO PONTE BACCHELLI - PONENTE;Borgo Panigale - Reno;Ponte Riccardo Bacchelli
44.51195651612533, 11.329132351803493;"{""coordinates"": [11.329132351803493, 44.51195651612533], ""type"": ""Point""}";GIARDINO;GIARDINO FANTIN BEVERARA;Navile;Via Mario Fantin 25
44.51088015152908, 11.39596585155778;"{""coordinates"": [11.39596585155778, 44.51088015152908], ""type"": ""Point""}";;;;
44.508914943633584, 11.354567965653443;"{""coordinates"": [11.354567965653443, 44.508914943633584], ""type"": ""Point""}";VERDE D'ARREDO;GIARDINO GUSTAVO TROMBETTI;Navile;Via Sebastiano Serlio
44.49988846839008, 11.286938784368678;"{""coordinates"": [11.286938784368678, 44.49988846839008], ""type"": ""Point""}";GIARDINO;AREA VERDE BOSCHETTO;Borgo Panigale - Reno;Via Chiarini
44.48713054157009, 11.357282866893458;"{""coordinates"": [11.357282866893458, 44.48713054157009], ""type"": ""Point""}";GIARDINO;GIARDINO CARDUCCI;Santo Stefano;Piazza Carducci
44.50916833073137, 11.279955323652107;"{""coordinates"": [11.279955323652107, 44.50916833073137], ""type"": ""Point""}";PARCO;AREA VIA TOGLIATTI;Borgo Panigale - Reno;via Togliatti
44.45299919713288, 11.32328063740925;"{""coordinates"": [11.32328063740925, 44.45299919713288], ""type"": ""Point""}";PARCO;PARCO PADERNO;Santo Stefano;Via Paderno
44.48508423783496, 11.316583864860057;"{""coordinates"": [11.316583864860057, 44.48508423783496], ""type"": ""Point""}";VERDE D'ARREDO;ARREDO VIA F.BATTAGLIA;Porto - Saragozza;Via Felice Battaglia
44.489648139403734, 11.328737561869023;"{""coordinates"": [11.328737561869023, 44.489648139403734], ""type"": ""Point""}";PARCO;NUOVA;;
44.506580640746705, 11.282046589532253;"{""coordinates"": [11.282046589532253, 44.506580640746705], ""type"": ""Point""}";VERDE D'ARREDO;PARCO GIOCO DEL MONDO;Borgo Panigale - Reno;Viale Salvemini 11
44.51251819851941, 11.402924786371063;"{""coordinates"": [11.402924786371063, 44.51251819851941], ""type"": ""Point""}";;;;
44.49299594044477, 11.320795576176534;"{""coordinates"": [11.320795576176534, 44.49299594044477], ""type"": ""Point""}";GIARDINO;GIARDINO VITTORIO MELLONI;Porto - Saragozza;via Breventani
44.50622841921895, 11.30515638441344;"{""coordinates"": [11.30515638441344, 44.50622841921895], ""type"": ""Point""}";GIARDINO;G.NO DELLA FERRIERA;Borgo Panigale - Reno;Via della Ferriera
44.47329737097344, 11.40111701799552;"{""coordinates"": [11.40111701799552, 44.47329737097344], ""type"": ""Point""}";PARCO;NUOVA;;
44.486475243907, 11.402520385866111;"{""coordinates"": [11.402520385866111, 44.486475243907], ""type"": ""Point""}";PARCO;AREA CANOVA;San Donato - San Vitale;Via Antonio Canova
44.52247354754122, 11.317323708645723;"{""coordinates"": [11.317323708645723, 44.52247354754122], ""type"": ""Point""}";;;;
44.472118773754794, 11.380883606953825;"{""coordinates"": [11.380883606953825, 44.472118773754794], ""type"": ""Point""}";;;;
44.51088753150418, 11.281507616881807;"{""coordinates"": [11.281507616881807, 44.51088753150418], ""type"": ""Point""}";PARCO;GIARDINO DEGLI OLMI;Borgo Panigale - Reno;Via Giacosa
44.47189880921254, 11.385794220096173;"{""coordinates"": [11.385794220096173, 44.47189880921254], ""type"": ""Point""}";GIARDINO;GIARDINO RENATA VIGANO';Savena;Via Ortolani
44.48829466117137, 11.375080339889113;"{""coordinates"": [11.375080339889113, 44.48829466117137], ""type"": ""Point""}";PARCO;GIARDINO  MARIO MARAGI  (ARCOBALENO);San Donato - San Vitale;Via Arcobaleno
44.476975000985156, 11.29439705653031;"{""coordinates"": [11.29439705653031, 44.476975000985156], ""type"": ""Point""}";VERDE D'ARREDO;PARCHEGGIO DI SAN LUCA;Porto - Saragozza;via Monte Albano
44.480237618109804, 11.392022708868906;"{""coordinates"": [11.392022708868906, 44.480237618109804], ""type"": ""Point""}";GIARDINO;GIARDINO GIUSEPPE IMPASTATO;Savena;via Due Madonne
44.52411617518812, 11.320489066888724;"{""coordinates"": [11.320489066888724, 44.52411617518812], ""type"": ""Point""}";VERDE D'ARREDO;AREA VIA M.PESCAROLA;Navile;Via Mulino di Pescarola
44.50107677857293, 11.330963293941014;"{""coordinates"": [11.330963293941014, 44.50107677857293], ""type"": ""Point""}";VERDE D'ARREDO;GIARDINO STEFANO CASAGRANDE (EX MURA DI VIALE SILVANI);Porto - Saragozza;Viale Silvani
44.45741808895872, 11.3702352477291;"{""coordinates"": [11.3702352477291, 44.45741808895872], ""type"": ""Point""}";GIARDINO;GIARDINO FERRARI;Savena;Via Toscana
44.48282455202906, 11.383276073873681;"{""coordinates"": [11.383276073873681, 44.48282455202906], ""type"": ""Point""}";VERDE D'ARREDO;AREA VIA FELSINA-V.LE LENIN;Savena;Viale Felsina
44.495409196853345, 11.366353193237636;"{""coordinates"": [11.366353193237636, 44.495409196853345], ""type"": ""Point""}";GIARDINO;GIARDINO VIA MUSOLESI;San Donato - San Vitale;Via Mario Musolesi
44.469961185410504, 11.381298738252324;"{""coordinates"": [11.381298738252324, 44.469961185410504], ""type"": ""Point""}";VERDE D'ARREDO;LUDOTECA E SEDE ANFASS;Savena;Via Cavazzoni
44.479232933470406, 11.335758337778286;"{""coordinates"": [11.335758337778286, 44.479232933470406], ""type"": ""Point""}";GIARDINO;GIARDINO NORMA MASCELLANI;Santo Stefano;Via S. Mamolo
44.50122076272933, 11.331654078265972;"{""coordinates"": [11.331654078265972, 44.50122076272933], ""type"": ""Point""}";GIARDINO;GIARDINO STEFANO CASAGRANDE (EX MURA DI VIALE SILVANI);Porto - Saragozza;Viale Silvani
44.489281685803185, 11.343650691558771;"{""coordinates"": [11.343650691558771, 44.489281685803185], ""type"": ""Point""}";GIARDINO;GIARDINO UFFICI GIUDIZIARI (Via Garibaldi 6);Santo Stefano;Via Garibaldi, 6
44.4824457628567, 11.39228484801182;"{""coordinates"": [11.39228484801182, 44.4824457628567], ""type"": ""Point""}";VERDE D'ARREDO;AREA VIA LINCOLN;Savena;Via Lincoln
44.51203731150599, 11.402542206753923;"{""coordinates"": [11.402542206753923, 44.51203731150599], ""type"": ""Point""}";;;;
44.53665298738035, 11.350400782201595;"{""coordinates"": [11.350400782201595, 44.53665298738035], ""type"": ""Point""}";;;;
44.53026416992539, 11.363343937140511;"{""coordinates"": [11.363343937140511, 44.53026416992539], ""type"": ""Point""}";VERDE D'ARREDO;PARCO DOZZA;Navile;Via Andrea da Formigine
44.526538961420925, 11.313004116752532;"{""coordinates"": [11.313004116752532, 44.526538961420925], ""type"": ""Point""}";;;;
44.54519942661353, 11.35233775385066;"{""coordinates"": [11.35233775385066, 44.54519942661353], ""type"": ""Point""}";PARCO;PERCORSO LUNGONAVILE;Navile;Via Yuri Gagarin - Via dei Terraioli
44.50368541557933, 11.376619788149727;"{""coordinates"": [11.376619788149727, 44.50368541557933], ""type"": ""Point""}";VERDE D'ARREDO;GIARDINO VIA DELLA CAMPAGNA;San Donato - San Vitale;Via della Campagna
44.51353206545119, 11.39875474425424;"{""coordinates"": [11.39875474425424, 44.51353206545119], ""type"": ""Point""}";GIARDINO;G.NO VIRGO FIDELIS RSA;San Donato - San Vitale;Via Dino Campana, 57
44.512023597199594, 11.290226960123665;"{""coordinates"": [11.290226960123665, 44.512023597199594], ""type"": ""Point""}";VERDE SPORTIVO;GIARDINO C. S. LELLI;Borgo Panigale - Reno;via Triunvirato
44.48807339073177, 11.389763456672267;"{""coordinates"": [11.389763456672267, 44.48807339073177], ""type"": ""Point""}";GIARDINO;GIARDINO LEGNANI BARBACCI;Savena;Via Alberto Legnani 4, Via Alfredo Barbacci 3
44.499010185587515, 11.386263222318599;"{""coordinates"": [11.386263222318599, 44.499010185587515], ""type"": ""Point""}";CORPO IDRICO (laghetti, ruscelli, e fossi in collina);PARCO CAMPAGNA VIA LARGA;San Donato - San Vitale;Via del Carpentiere
44.492283788411605, 11.389486729473573;"{""coordinates"": [11.389486729473573, 44.492283788411605], ""type"": ""Point""}";GIARDINO;G.NO  NORMA COSSETTO;San Donato - San Vitale;Via Guelfa
44.50837432966528, 11.373603162208457;"{""coordinates"": [11.373603162208457, 44.50837432966528], ""type"": ""Point""}";VERDE SPORTIVO;CENTRO SPORTIVO SAN DONATO;San Donato - San Vitale;Via Michelino
44.50896292241366, 11.289120839410131;"{""coordinates"": [11.289120839410131, 44.50896292241366], ""type"": ""Point""}";PARCO;PARCO DEI NOCI (V.DEL GRETO);Borgo Panigale - Reno;Via del greto
44.481889242561316, 11.371300465435047;"{""coordinates"": [11.371300465435047, 44.481889242561316], ""type"": ""Point""}";;;;
44.504273687391105, 11.337770316753868;"{""coordinates"": [11.337770316753868, 44.504273687391105], ""type"": ""Point""}";GIARDINO;GIARDINO GRAZIELLA FAVA;Porto - Saragozza;Via Milazzo
44.49778060601365, 11.317469338931831;"{""coordinates"": [11.317469338931831, 44.49778060601365], ""type"": ""Point""}";GIARDINO;SUCCURSALE LICEO RIGHI - CENTRO SOCIALE TOLMINO;Porto - Saragozza;via Podgora, 41
44.48202273304254, 11.343530143409145;"{""coordinates"": [11.343530143409145, 44.48202273304254], ""type"": ""Point""}";GIARDINO;BELVEDERE-CODIVILLA;Santo Stefano;Via Codivilla
44.55011335871209, 11.35851850422111;"{""coordinates"": [11.35851850422111, 44.55011335871209], ""type"": ""Point""}";VERDE D'ARREDO;AREA VIA PESCI;Navile;Via Pesci
44.4766527819167, 11.393169123216921;"{""coordinates"": [11.393169123216921, 44.4766527819167], ""type"": ""Point""}";VERDE D'ARREDO;AREA CADUTI DISPERSI GUERRA;Savena;via G. Dozza
44.50241927763987, 11.333260198464389;"{""coordinates"": [11.333260198464389, 44.50241927763987], ""type"": ""Point""}";VERDE D'ARREDO;PIAZZA VII NOVEMBRE 1944;Porto - Saragozza;Porta Lame
44.465680757153976, 11.373729463847772;"{""coordinates"": [11.373729463847772, 44.465680757153976], ""type"": ""Point""}";GIARDINO;AREA VIA MERCADANTE;Savena;Via Mercadante
44.472991157065536, 11.383353495027716;"{""coordinates"": [11.383353495027716, 44.472991157065536], ""type"": ""Point""}";GIARDINO;GIARDINO MAZZONI ORTOLANI;Savena;Via Corrado Mazzoni - Via degli Ortolani
44.49752102989409, 11.353429460276516;"{""coordinates"": [11.353429460276516, 44.49752102989409], ""type"": ""Point""}";VERDE D'ARREDO;PIAZZA PUNTONI;Santo Stefano;Piazza Puntoni
44.48207199725516, 11.392272978091915;"{""coordinates"": [11.392272978091915, 44.48207199725516], ""type"": ""Point""}";VERDE D'ARREDO;AREA VIA LINCOLN;Savena;Via Lincoln
44.501076955182945, 11.332117662728662;"{""coordinates"": [11.332117662728662, 44.501076955182945], ""type"": ""Point""}";VERDE D'ARREDO;GIARDINO STEFANO CASAGRANDE (EX MURA DI VIALE SILVANI);Porto - Saragozza;Viale Silvani
44.50077821195758, 11.389181191819265;"{""coordinates"": [11.389181191819265, 44.50077821195758], ""type"": ""Point""}";VERDE SPORTIVO;PISCINA SPIRAGLIO;San Donato - San Vitale;Via Spiraglio
44.50258818705319, 11.329728520568235;"{""coordinates"": [11.329728520568235, 44.50258818705319], ""type"": ""Point""}";VERDE D'ARREDO;GIARDINO PIERFRANCESCO LORUSSO;Porto - Saragozza;Via dello Scalo
44.5257953626097, 11.34834567058455;"{""coordinates"": [11.34834567058455, 44.5257953626097], ""type"": ""Point""}";GIARDINO;CASA COM.VIA GIURIOLO;Navile;Via Giuriolo
44.51192612914897, 11.362228251527442;"{""coordinates"": [11.362228251527442, 44.51192612914897], ""type"": ""Point""}";VERDE D'ARREDO;PIAZZA  COSTITITUZIONE E  AREA LIMITROFA;San Donato - San Vitale;Piazza della Costituzione
44.50702086136107, 11.380427756458902;"{""coordinates"": [11.380427756458902, 44.50702086136107], ""type"": ""Point""}";PARCO;GIARDINO FRANCOFORTE VALPARAISO;San Donato - San Vitale;Via Francoforte
44.504156580416975, 11.275127485379778;"{""coordinates"": [11.275127485379778, 44.504156580416975], ""type"": ""Point""}";VERDE D'ARREDO;PARCO DELLE QUERCE;Borgo Panigale - Reno;via Galeazza
44.509046995696416, 11.354862363738727;"{""coordinates"": [11.354862363738727, 44.509046995696416], ""type"": ""Point""}";VERDE D'ARREDO;GIARDINO GUSTAVO TROMBETTI;Navile;Via Sebastiano Serlio
44.500760711037536, 11.291064325078533;"{""coordinates"": [11.291064325078533, 44.500760711037536], ""type"": ""Point""}";VERDE D'ARREDO;AREA VERDE VIA DE PISIS;Borgo Panigale - Reno;Via De Pisis
44.48324718088025, 11.38205444616743;"{""coordinates"": [11.38205444616743, 44.48324718088025], ""type"": ""Point""}";VERDE D'ARREDO;V. FOSSE ARDEATINE-FELSINA-BIANCO;Savena;viale Felsina
44.50283985605805, 11.335221215360699;"{""coordinates"": [11.335221215360699, 44.50283985605805], ""type"": ""Point""}";GIARDINO;AREA SALARA;Porto - Saragozza;Via Don Minzoni
44.537427515793915, 11.353483184263279;"{""coordinates"": [11.353483184263279, 44.537427515793915], ""type"": ""Point""}";GIARDINO;AREA RONCAGLIO 11/12;Navile;Via Roncaglio 11/12
44.46138883053445, 11.378531692747995;"{""coordinates"": [11.378531692747995, 44.46138883053445], ""type"": ""Point""}";PARCO;NUOVA;;
44.46815790810938, 11.392600499469385;"{""coordinates"": [11.392600499469385, 44.46815790810938], ""type"": ""Point""}";VERDE D'ARREDO;PARCO LUNGOSAVENA;Savena;Rotonda Grazia Verenin - Viale Lungosavena
44.510787670712496, 11.38682614068669;"{""coordinates"": [11.38682614068669, 44.510787670712496], ""type"": ""Point""}";GIARDINO;G.NO CENTRO AGRESTE;San Donato - San Vitale;Via Luigi Pirandello, 3
44.49863870581042, 11.360578176968705;"{""coordinates"": [11.360578176968705, 44.49863870581042], ""type"": ""Point""}";GIARDINO;GIARDINO LORENZO GIUSTI;San Donato - San Vitale;Via Ilio Barontini
44.49334812886805, 11.36385550115263;"{""coordinates"": [11.36385550115263, 44.49334812886805], ""type"": ""Point""}";GIARDINO;GIARDINO MASSARENTI-BENTIVOGLI;San Donato - San Vitale;Via Massarenti
44.461199428772474, 11.379578059859387;"{""coordinates"": [11.379578059859387, 44.461199428772474], ""type"": ""Point""}";PARCO;NUOVA;;
44.46107523089578, 11.378617466906615;"{""coordinates"": [11.378617466906615, 44.46107523089578], ""type"": ""Point""}";PARCO;NUOVA;;
44.512694391231484, 11.340739249157282;"{""coordinates"": [11.340739249157282, 44.512694391231484], ""type"": ""Point""}";;;;
44.51150674903532, 11.338870071112611;"{""coordinates"": [11.338870071112611, 44.51150674903532], ""type"": ""Point""}";;;;
44.520378164557876, 11.329055722022998;"{""coordinates"": [11.329055722022998, 44.520378164557876], ""type"": ""Point""}";;;;
44.521991960718545, 11.327455898123466;"{""coordinates"": [11.327455898123466, 44.521991960718545], ""type"": ""Point""}";;;;
44.52217670506017, 11.327561466318677;"{""coordinates"": [11.327561466318677, 44.52217670506017], ""type"": ""Point""}";;;;
44.52308102085005, 11.325998513663803;"{""coordinates"": [11.325998513663803, 44.52308102085005], ""type"": ""Point""}";;;;
44.53038676688922, 11.361105372229641;"{""coordinates"": [11.361105372229641, 44.53038676688922], ""type"": ""Point""}";;;;
44.52778986691068, 11.367910251518948;"{""coordinates"": [11.367910251518948, 44.52778986691068], ""type"": ""Point""}";;;;
44.52674582850947, 11.366594530262418;"{""coordinates"": [11.366594530262418, 44.52674582850947], ""type"": ""Point""}";;;;
44.49927170570511, 11.3314570103458;"{""coordinates"": [11.3314570103458, 44.49927170570511], ""type"": ""Point""}";;;;
44.490311217018, 11.301125172021614;"{""coordinates"": [11.301125172021614, 44.490311217018], ""type"": ""Point""}";;;;
44.49984412829496, 11.365784914833904;"{""coordinates"": [11.365784914833904, 44.49984412829496], ""type"": ""Point""}";;;;
44.512299874176556, 11.39286589166213;"{""coordinates"": [11.39286589166213, 44.512299874176556], ""type"": ""Point""}";;;;
44.51029235522238, 11.294737496778886;"{""coordinates"": [11.294737496778886, 44.51029235522238], ""type"": ""Point""}";;;;
44.5109698570283, 11.294619527903368;"{""coordinates"": [11.294619527903368, 44.5109698570283], ""type"": ""Point""}";;;;
44.50875302524248, 11.293526677348199;"{""coordinates"": [11.293526677348199, 44.50875302524248], ""type"": ""Point""}";;;;
44.50889393251046, 11.293608600178421;"{""coordinates"": [11.293608600178421, 44.50889393251046], ""type"": ""Point""}";;;;
44.50836962639706, 11.293172770721634;"{""coordinates"": [11.293172770721634, 44.50836962639706], ""type"": ""Point""}";;;;
44.498700684360095, 11.293321051044337;"{""coordinates"": [11.293321051044337, 44.498700684360095], ""type"": ""Point""}";;;;
44.4987367304054, 11.304161899167722;"{""coordinates"": [11.304161899167722, 44.4987367304054], ""type"": ""Point""}";;;;
44.49688855135562, 11.30320954626639;"{""coordinates"": [11.30320954626639, 44.49688855135562], ""type"": ""Point""}";;;;
44.49679577375046, 11.299721681769661;"{""coordinates"": [11.299721681769661, 44.49679577375046], ""type"": ""Point""}";;;;
44.499573776923356, 11.297668695644287;"{""coordinates"": [11.297668695644287, 44.499573776923356], ""type"": ""Point""}";;;;
44.50579786394964, 11.30364824302225;"{""coordinates"": [11.30364824302225, 44.50579786394964], ""type"": ""Point""}";;;;
44.508796649149936, 11.304048845662042;"{""coordinates"": [11.304048845662042, 44.508796649149936], ""type"": ""Point""}";;;;
44.50618159221838, 11.287315419870934;"{""coordinates"": [11.287315419870934, 44.50618159221838], ""type"": ""Point""}";;;;
44.50618025266727, 11.285582040752143;"{""coordinates"": [11.285582040752143, 44.50618025266727], ""type"": ""Point""}";;;;
44.50449878115347, 11.28374250220896;"{""coordinates"": [11.28374250220896, 44.50449878115347], ""type"": ""Point""}";;;;
44.516567466756946, 11.285648683419241;"{""coordinates"": [11.285648683419241, 44.516567466756946], ""type"": ""Point""}";;;;
44.50690628936175, 11.378873067537294;"{""coordinates"": [11.378873067537294, 44.50690628936175], ""type"": ""Point""}";;;;
44.50822708674285, 11.37851105385348;"{""coordinates"": [11.37851105385348, 44.50822708674285], ""type"": ""Point""}";;;;
44.47846929402358, 11.332718499621732;"{""coordinates"": [11.332718499621732, 44.47846929402358], ""type"": ""Point""}";;;;
44.51318878400414, 11.399409725396852;"{""coordinates"": [11.399409725396852, 44.51318878400414], ""type"": ""Point""}";;;;
44.512873654608704, 11.39758358236464;"{""coordinates"": [11.39758358236464, 44.512873654608704], ""type"": ""Point""}";;;;
44.5117223104413, 11.396694120436603;"{""coordinates"": [11.396694120436603, 44.5117223104413], ""type"": ""Point""}";;;;
44.52143840943183, 11.334792124719018;"{""coordinates"": [11.334792124719018, 44.52143840943183], ""type"": ""Point""}";;;;
44.529797164868434, 11.347553566345953;"{""coordinates"": [11.347553566345953, 44.529797164868434], ""type"": ""Point""}";;;;
44.52154686966502, 11.32033857649364;"{""coordinates"": [11.32033857649364, 44.52154686966502], ""type"": ""Point""}";;;;
44.5206734823501, 11.319684875558542;"{""coordinates"": [11.319684875558542, 44.5206734823501], ""type"": ""Point""}";;;;
44.47383473870942, 11.39058463599477;"{""coordinates"": [11.39058463599477, 44.47383473870942], ""type"": ""Point""}";;;;
44.4984302363925, 11.377195822785122;"{""coordinates"": [11.377195822785122, 44.4984302363925], ""type"": ""Point""}";;;;
44.4987758405754, 11.376785920149588;"{""coordinates"": [11.376785920149588, 44.4987758405754], ""type"": ""Point""}";;;;
44.49106640262747, 11.298903718521785;"{""coordinates"": [11.298903718521785, 44.49106640262747], ""type"": ""Point""}";GIARDINO;GIARDINO DEL GHISELLO (EX GIARDINO CALDA);Borgo Panigale - Reno;via Treves
44.48423099476946, 11.35588758349315;"{""coordinates"": [11.35588758349315, 44.48423099476946], ""type"": ""Point""}";PARCO;NUOVA;;
44.484981143383514, 11.349221977236903;"{""coordinates"": [11.349221977236903, 44.484981143383514], ""type"": ""Point""}";PARCO;NUOVA;;
44.4743057978322, 11.377996671582212;"{""coordinates"": [11.377996671582212, 44.4743057978322], ""type"": ""Point""}";;;;
44.49955478953801, 11.301449566481741;"{""coordinates"": [11.301449566481741, 44.49955478953801], ""type"": ""Point""}";;;;
44.49491342288726, 11.335989311258182;"{""coordinates"": [11.335989311258182, 44.49491342288726], ""type"": ""Point""}";GIARDINO;GIARDINO CHIESA S.FRANCESCO;Porto - Saragozza;Piazza San Francesco
44.526343204506276, 11.344100412760552;"{""coordinates"": [11.344100412760552, 44.526343204506276], ""type"": ""Point""}";GIARDINO;VIA MARTIRI DI MONTE SOLE;Navile;Via Martiri di Monte Sole
44.48189481765715, 11.355448210733494;"{""coordinates"": [11.355448210733494, 44.48189481765715], ""type"": ""Point""}";PARCO;NUOVA;;
44.46204937177427, 11.357351110764327;"{""coordinates"": [11.357351110764327, 44.46204937177427], ""type"": ""Point""}";PARCO;GIARDINO MONTE DONATO;Savena;Via Monte Donato
44.502923188988156, 11.314520343628397;"{""coordinates"": [11.314520343628397, 44.502923188988156], ""type"": ""Point""}";GIARDINO;G.NO VITTIME INNOCENTI DI TUTTE LE MAFIE;Porto - Saragozza;Via Baracca
44.487240715287776, 11.340156722919222;"{""coordinates"": [11.340156722919222, 44.487240715287776], ""type"": ""Point""}";VERDE D'ARREDO;G.NO SC.  LAVINIA FONTANA;Santo Stefano;via D'Azeglio 81 - via Paglietta 15
44.50184369728688, 11.328997730321621;"{""coordinates"": [11.328997730321621, 44.50184369728688], ""type"": ""Point""}";VERDE D'ARREDO;GIARDINO PIERFRANCESCO LORUSSO;Porto - Saragozza;Via dello Scalo
44.54211614621008, 11.356825336064924;"{""coordinates"": [11.356825336064924, 44.54211614621008], ""type"": ""Point""}";GIARDINO;GIARDINO MARESCALCHI;Navile;Via Stoppato
44.491550487599, 11.284250842162503;"{""coordinates"": [11.284250842162503, 44.491550487599], ""type"": ""Point""}";VERDE D'ARREDO;GIARDINO G. HORN D' ARTURO;Borgo Panigale - Reno;Via Masaccio
44.504415462115865, 11.30828814917784;"{""coordinates"": [11.30828814917784, 44.504415462115865], ""type"": ""Point""}";GIARDINO;GIARDINO MAGGIORE;Borgo Panigale - Reno;Via Beretta Rossa
44.47408146541736, 11.379445905556215;"{""coordinates"": [11.379445905556215, 44.47408146541736], ""type"": ""Point""}";;;;
44.51100979440788, 11.392799943783821;"{""coordinates"": [11.392799943783821, 44.51100979440788], ""type"": ""Point""}";;;;
44.50519774885206, 11.372002690929062;"{""coordinates"": [11.372002690929062, 44.50519774885206], ""type"": ""Point""}";GIARDINO;GIARDINO PIU;San Donato - San Vitale;Via Andreini
44.50157225301955, 11.347641862331786;"{""coordinates"": [11.347641862331786, 44.50157225301955], ""type"": ""Point""}";VERDE D'ARREDO;CENTRO ANZIANI VIA DEL PALLONE;Santo Stefano;Via del Pallone, 8
44.527406931967484, 11.36065758798673;"{""coordinates"": [11.36065758798673, 44.527406931967484], ""type"": ""Point""}";VERDE D'ARREDO;PARCO DOZZA;Navile;Via Andrea da Formigine
44.51197181959894, 11.38751383494715;"{""coordinates"": [11.38751383494715, 44.51197181959894], ""type"": ""Point""}";VERDE D'ARREDO;VERDE VIA S.DONATO 177-177/5A;San Donato - San Vitale;Via San Donato, 177
44.49708721121529, 11.296975072802544;"{""coordinates"": [11.296975072802544, 44.49708721121529], ""type"": ""Point""}";VERDE D'ARREDO;GIARDINO GIANGUIDO BORGHESE;Borgo Panigale - Reno;Via Gianguido Borghese
44.51235793423425, 11.415789795465964;"{""coordinates"": [11.415789795465964, 44.51235793423425], ""type"": ""Point""}";VERDE D'ARREDO;VERDE NUOVO LINK;San Donato - San Vitale;Via Francesco Fantoni
44.493045619278924, 11.281249597618501;"{""coordinates"": [11.281249597618501, 44.493045619278924], ""type"": ""Point""}";;;;
44.521649139660205, 11.334091608568363;"{""coordinates"": [11.334091608568363, 44.521649139660205], ""type"": ""Point""}";VERDE D'ARREDO;MUSEO DEL PATRIMONIO INDUSTRIALE - EX FORNACE GALLOTTI;Navile;Via Beverara
44.51363872243677, 11.350650989269106;"{""coordinates"": [11.350650989269106, 44.51363872243677], ""type"": ""Point""}";GIARDINO;GIARDINO  MUSEO MEMORIA;Navile;Via di Saliceto 3/Via Ferrarese 24/9
44.51162605889826, 11.392735634362097;"{""coordinates"": [11.392735634362097, 44.51162605889826], ""type"": ""Point""}";;;;
44.48542832709696, 11.354137286777013;"{""coordinates"": [11.354137286777013, 44.48542832709696], ""type"": ""Point""}";GIARDINO;GIARDINO S. TERESA VERZERI (EX PIAZZA DEL BARACCANO);Santo Stefano;Piazza del Baraccano 6
44.49873153787014, 11.385025660410722;"{""coordinates"": [11.385025660410722, 44.49873153787014], ""type"": ""Point""}";CORPO IDRICO (laghetti, ruscelli, e fossi in collina);PARCO SCANDELLARA;San Donato - San Vitale;Via Scandellara 54
44.487875398759314, 11.362000110548294;"{""coordinates"": [11.362000110548294, 44.487875398759314], ""type"": ""Point""}";VERDE D'ARREDO;G.NO PADRE E. CAROLI (EX PIAZZA TRENTO TRIESTE);Santo Stefano;Piazza Trento Trieste
44.50143629141458, 11.335208154568667;"{""coordinates"": [11.335208154568667, 44.50143629141458], ""type"": ""Point""}";VERDE D'ARREDO;CENTRO SOCIALE G.COSTA;Porto - Saragozza;Via Azzo Giardino
44.49977618764749, 11.290900305298875;"{""coordinates"": [11.290900305298875, 44.49977618764749], ""type"": ""Point""}";GIARDINO;PARCO DELCISA GALLARANI;Borgo Panigale - Reno;Via Lino Gucci
44.4944373222258, 11.300892020519207;"{""coordinates"": [11.300892020519207, 44.4944373222258], ""type"": ""Point""}";VERDE SPORTIVO;CENTRO SPORTIVO NETTUNO;Borgo Panigale - Reno;Via Fancelli
44.51124204563114, 11.355770824523095;"{""coordinates"": [11.355770824523095, 44.51124204563114], ""type"": ""Point""}";;;;
44.4964271917455, 11.369161720950208;"{""coordinates"": [11.369161720950208, 44.4964271917455], ""type"": ""Point""}";VERDE D'ARREDO;G.NO PADRE GIOVANNI BREVI;San Donato - San Vitale;Via Sante Vincenzi
44.496608498072234, 11.370484859168553;"{""coordinates"": [11.370484859168553, 44.496608498072234], ""type"": ""Point""}";GIARDINO;G.NO PADRE GIOVANNI BREVI;San Donato - San Vitale;Via Sante Vincenzi
44.50959783670548, 11.359908298238942;"{""coordinates"": [11.359908298238942, 44.50959783670548], ""type"": ""Point""}";GIARDINO;GIARDINO BELLETTINI;San Donato - San Vitale;Via Athos Bellettini
44.4993356394213, 11.387794125685161;"{""coordinates"": [11.387794125685161, 44.4993356394213], ""type"": ""Point""}";PARCO;PARCO CAMPAGNA VIA LARGA;San Donato - San Vitale;Via del Carpentiere
44.48389279494584, 11.388016358564027;"{""coordinates"": [11.388016358564027, 44.48389279494584], ""type"": ""Point""}";PARCO;AREA VIA NERUDA;Savena;via Allende
44.50831346024829, 11.359837231785699;"{""coordinates"": [11.359837231785699, 44.50831346024829], ""type"": ""Point""}";GIARDINO;GIARDINO PAOLO LACCHINI;San Donato - San Vitale;Via Serena/Viale della Repubblica
44.483576230081574, 11.39079138594342;"{""coordinates"": [11.39079138594342, 44.483576230081574], ""type"": ""Point""}";PARCO;GIARDINO AREA CARLO MARX;Savena;Via Carlo Marx
44.485228011689046, 11.389687865564378;"{""coordinates"": [11.389687865564378, 44.485228011689046], ""type"": ""Point""}";PARCO;AREA V.LI LENIN-MARX;Savena;viali Lenin -marx
44.537836636086006, 11.357568075824899;"{""coordinates"": [11.357568075824899, 44.537836636086006], ""type"": ""Point""}";VERDE D'ARREDO;GIARDINO CORTICELLA - STENDHAL;Navile;Via Corticella
44.47678820289322, 11.372457058162018;"{""coordinates"": [11.372457058162018, 44.47678820289322], ""type"": ""Point""}";;;;
44.50549577161323, 11.304906766075984;"{""coordinates"": [11.304906766075984, 44.50549577161323], ""type"": ""Point""}";VERDE D'ARREDO;G.NO DELLA FERRIERA;Borgo Panigale - Reno;Via della Ferriera
44.51733888964254, 11.372155332342802;"{""coordinates"": [11.372155332342802, 44.51733888964254], ""type"": ""Point""}";VERDE D'ARREDO;AREA PREDIO GRANDE;San Donato - San Vitale;Via Michelino N.133
44.47869554470808, 11.373283040682583;"{""coordinates"": [11.373283040682583, 44.47869554470808], ""type"": ""Point""}";GIARDINO;VIA DAGNINI-G.NO L.LERCARO;Santo Stefano;Via Dagnini
44.47072677241923, 11.399454635084743;"{""coordinates"": [11.399454635084743, 44.47072677241923], ""type"": ""Point""}";PARCO;NUOVA;;
44.47996533982715, 11.374406964826566;"{""coordinates"": [11.374406964826566, 44.47996533982715], ""type"": ""Point""}";;;;
44.54376053808514, 11.360862939680898;"{""coordinates"": [11.360862939680898, 44.54376053808514], ""type"": ""Point""}";GIARDINO;GIARDINO GUIDO GRANDI (EX P.E.E.P. CORTICELLA);Navile;Via Shakespeare
44.51963172925249, 11.291837562918452;"{""coordinates"": [11.291837562918452, 44.51963172925249], ""type"": ""Point""}";GIARDINO;GIARDINO R.S.A.  VILLA CALVI;Borgo Panigale - Reno;Via Calvi 5
44.52286020763074, 11.26571151432358;"{""coordinates"": [11.26571151432358, 44.52286020763074], ""type"": ""Point""}";GIARDINO;BIBLIOTECA BORGO PANIGALE;Borgo Panigale - Reno;via Legnano
44.498055470755745, 11.317169075972206;"{""coordinates"": [11.317169075972206, 44.498055470755745], ""type"": ""Point""}";GIARDINO;GIARDINO GARIBALDINI DI SPAGNA;Porto - Saragozza;Via Tolmino
44.4923118411349, 11.298117329922322;"{""coordinates"": [11.298117329922322, 44.4923118411349], ""type"": ""Point""}";VERDE D'ARREDO;P.ZZA BERNARDI - VIA BERGAMINI;Borgo Panigale - Reno;Piazza Bernardii
44.49081664861708, 11.31163013670746;"{""coordinates"": [11.31163013670746, 44.49081664861708], ""type"": ""Point""}";GIARDINO;GIARDINO BANDIERA DE COUBERTIN;Porto - Saragozza;via Bandiera
44.4829955659027, 11.39262199889054;"{""coordinates"": [11.39262199889054, 44.4829955659027], ""type"": ""Point""}";VERDE D'ARREDO;AREA VIA LINCOLN;Savena;Via Lincoln
44.49296825202642, 11.311295245581217;"{""coordinates"": [11.311295245581217, 44.49296825202642], ""type"": ""Point""}";VERDE D'ARREDO;PIAZZA DELLA PACE;Porto - Saragozza;Piazza della Pace
44.52882300116733, 11.361562792655823;"{""coordinates"": [11.361562792655823, 44.52882300116733], ""type"": ""Point""}";GIARDINO;PARCO DOZZA;Navile;Via Andrea da Formigine
44.52098625688315, 11.334797041278858;"{""coordinates"": [11.334797041278858, 44.52098625688315], ""type"": ""Point""}";PARCO;PERCORSO LUNGONAVILE;Navile;Via Yuri Gagarin - Via dei Terraioli
44.51061496498536, 11.385206574803448;"{""coordinates"": [11.385206574803448, 44.51061496498536], ""type"": ""Point""}";VERDE D'ARREDO;VERDE VIA S.DONATO 177-177/5A;San Donato - San Vitale;Via San Donato, 177
44.513348076789555, 11.400168083134073;"{""coordinates"": [11.400168083134073, 44.513348076789555], ""type"": ""Point""}";;;;
44.52332709673901, 11.401840128098923;"{""coordinates"": [11.401840128098923, 44.52332709673901], ""type"": ""Point""}";;;;
44.49328805824831, 11.29998180191842;"{""coordinates"": [11.29998180191842, 44.49328805824831], ""type"": ""Point""}";VERDE D'ARREDO;AREA VIA DELLA BARCA 9;Borgo Panigale - Reno;Via della Barca 9
44.528126613155045, 11.361144940556677;"{""coordinates"": [11.361144940556677, 44.528126613155045], ""type"": ""Point""}";GIARDINO;PARCO DOZZA;Navile;Via Andrea da Formigine
44.45735764688559, 11.35012037881376;"{""coordinates"": [11.35012037881376, 44.45735764688559], ""type"": ""Point""}";PARCO;PARCO JOLA CA BANDIERA;Savena;Via Jola
44.45364490262077, 11.317322753477326;"{""coordinates"": [11.317322753477326, 44.45364490262077], ""type"": ""Point""}";PARCO;PARCO PADERNO;Santo Stefano;Via Paderno
44.52611970753365, 11.33802675537339;"{""coordinates"": [11.33802675537339, 44.52611970753365], ""type"": ""Point""}";PARCO;PERCORSO LUNGONAVILE;Navile;Via Yuri Gagarin - Via dei Terraioli
44.49188917434499, 11.395724917661429;"{""coordinates"": [11.395724917661429, 44.49188917434499], ""type"": ""Point""}";GIARDINO;AREA IACP VIA MATTEI;San Donato - San Vitale;Via Enrico Mattei
44.479132523303015, 11.373335444194499;"{""coordinates"": [11.373335444194499, 44.479132523303015], ""type"": ""Point""}";PARCO;P.CO LUNETTA GAMBERINI;Santo Stefano;Via degli Orti 60, Largo Lercaro, Via Nadi
44.49095037689657, 11.29405495324183;"{""coordinates"": [11.29405495324183, 44.49095037689657], ""type"": ""Point""}";PARCO;GIARDINO WILIGELMO CANALE RENO;Borgo Panigale - Reno;Via Wiligelmo
44.540305943220545, 11.355178960962856;"{""coordinates"": [11.355178960962856, 44.540305943220545], ""type"": ""Point""}";;;;
44.543937844535336, 11.358123086165739;"{""coordinates"": [11.358123086165739, 44.543937844535336], ""type"": ""Point""}";;;;
44.51133450388699, 11.386568827202966;"{""coordinates"": [11.386568827202966, 44.51133450388699], ""type"": ""Point""}";VERDE D'ARREDO;VERDE VIA S.DONATO 177-177/5A;San Donato - San Vitale;Via San Donato, 177
44.480779224038066, 11.373108320778087;"{""coordinates"": [11.373108320778087, 44.480779224038066], ""type"": ""Point""}";;;;
44.48612987657775, 11.38029083630758;"{""coordinates"": [11.38029083630758, 44.48612987657775], ""type"": ""Point""}";VERDE D'ARREDO;AREA VIA ROSELLE-VETULONIA;Savena;via Roselle
44.52178635782878, 11.314120841974136;"{""coordinates"": [11.314120841974136, 44.52178635782878], ""type"": ""Point""}";;;;
44.47967189631624, 11.34614033380686;"{""coordinates"": [11.34614033380686, 44.47967189631624], ""type"": ""Point""}";PARCO;PARCO   UMBERTO BAGNARESI;Santo Stefano;Piazzale G. Bacchelli - Via Castiglione
44.521345645518075, 11.299389798566564;"{""coordinates"": [11.299389798566564, 44.521345645518075], ""type"": ""Point""}";;;;
44.522626707487596, 11.341254192494779;"{""coordinates"": [11.341254192494779, 44.522626707487596], ""type"": ""Point""}";GIARDINO;AREA NOMADI VIA ERBOSA;Navile;Via Erbosa
44.48245430928, 11.391685310133242;"{""coordinates"": [11.391685310133242, 44.48245430928], ""type"": ""Point""}";PARCO;AREA VIA LINCOLN;Savena;Via Lincoln
44.504737362032216, 11.278401847258312;"{""coordinates"": [11.278401847258312, 44.504737362032216], ""type"": ""Point""}";VERDE D'ARREDO;AREA VIA EINAUDI-DE NICOLA;Borgo Panigale - Reno;Via Luigi Einaudi
44.479637851797904, 11.370780374240175;"{""coordinates"": [11.370780374240175, 44.479637851797904], ""type"": ""Point""}";GIARDINO;VIA DAGNINI-G.NO L.LERCARO;Santo Stefano;Via Dagnini
44.47401776386129, 11.391913288268345;"{""coordinates"": [11.391913288268345, 44.47401776386129], ""type"": ""Point""}";VERDE D'ARREDO;BIBLIOTECA GINZBURG;Savena;via Genova
44.49453517923508, 11.398559696044774;"{""coordinates"": [11.398559696044774, 44.49453517923508], ""type"": ""Point""}";VERDE D'ARREDO;AREA IACP VIA MATTEI;San Donato - San Vitale;Via Enrico Mattei
44.5000055047512, 11.39135288164971;"{""coordinates"": [11.39135288164971, 44.5000055047512], ""type"": ""Point""}";PARCO;PARCO VINCENZO TANARA;San Donato - San Vitale;Via Larga
44.49092769169198, 11.396054489795072;"{""coordinates"": [11.396054489795072, 44.49092769169198], ""type"": ""Point""}";VERDE D'ARREDO;AREA IACP VIA MATTEI;San Donato - San Vitale;Via Enrico Mattei
44.46434949236628, 11.376788191662165;"{""coordinates"": [11.376788191662165, 44.46434949236628], ""type"": ""Point""}";PARCO;GIARDINO EDMEA PIRAMI (EX AREA G.C.ABBA-A.MARIO-VECCHI CLEOFE);Savena;Via San Ruffillo
44.4793100383045, 11.398758656526413;"{""coordinates"": [11.398758656526413, 44.4793100383045], ""type"": ""Point""}";PARCO;AREA VIA C. CARLI;Savena;via C. Carli
44.53444775625697, 11.354024019992304;"{""coordinates"": [11.354024019992304, 44.53444775625697], ""type"": ""Point""}";GIARDINO;Giardino Papini Corticella;Navile;Via Giovanni Papini
44.477831928448936, 11.307629611969457;"{""coordinates"": [11.307629611969457, 44.477831928448936], ""type"": ""Point""}";PARCO;PARCO VILLA PUGLIOLI;Porto - Saragozza;Via Casaglia
44.42168928008001, 11.314650815346559;"{""coordinates"": [11.314650815346559, 44.42168928008001], ""type"": ""Point""}";PARCO;GIARDINO MONUMENTO CADUTI DI SABBIUNO;Santo Stefano;Via di Sabbiuno
44.51649853172784, 11.33951237478889;"{""coordinates"": [11.33951237478889, 44.51649853172784], ""type"": ""Point""}";GIARDINO;G.NO DONATORI DI SANGUE;Navile;Via del Battiferro
44.45382484092073, 11.34640935179431;"{""coordinates"": [11.34640935179431, 44.45382484092073], ""type"": ""Point""}";PARCO;PARCO JOLA CA BANDIERA;Savena;Via Jola
44.489050953124924, 11.341768836132681;"{""coordinates"": [11.341768836132681, 44.489050953124924], ""type"": ""Point""}";GIARDINO;GIARDINO E CORTILI EX MATERNITA;Santo Stefano;via D'Azeglio
44.511028431851464, 11.383943676222561;"{""coordinates"": [11.383943676222561, 44.511028431851464], ""type"": ""Point""}";;;;
44.44363758181021, 11.300077975916528;"{""coordinates"": [11.300077975916528, 44.44363758181021], ""type"": ""Point""}";PARCO;PARCO CAVAIONI;Santo Stefano;Via Cavaioni
44.52744008986565, 11.34850258146272;"{""coordinates"": [11.34850258146272, 44.52744008986565], ""type"": ""Point""}";VERDE SPORTIVO;C.S.ARCOVEGGIO;Navile;Via Arcoveggio
44.47589896223626, 11.39554339459831;"{""coordinates"": [11.39554339459831, 44.47589896223626], ""type"": ""Point""}";PARCO;AREA VIA DOZZA;Savena;via Dozza
44.51198856742169, 11.389373521409732;"{""coordinates"": [11.389373521409732, 44.51198856742169], ""type"": ""Point""}";;;;
44.4797778786571, 11.372578151091838;"{""coordinates"": [11.372578151091838, 44.4797778786571], ""type"": ""Point""}";;;;
44.50988516155604, 11.34045728527089;"{""coordinates"": [11.34045728527089, 44.50988516155604], ""type"": ""Point""}";PARCO;NUOVA;NAVILE;
44.460553987931874, 11.379015676348851;"{""coordinates"": [11.379015676348851, 44.460553987931874], ""type"": ""Point""}";PARCO;NUOVA;;
44.51046038192396, 11.339445262529182;"{""coordinates"": [11.339445262529182, 44.51046038192396], ""type"": ""Point""}";;;;
44.51478363238901, 11.336845645722033;"{""coordinates"": [11.336845645722033, 44.51478363238901], ""type"": ""Point""}";;;;
44.51470678495279, 11.334887976690194;"{""coordinates"": [11.334887976690194, 44.51470678495279], ""type"": ""Point""}";;;;
44.5169322556563, 11.333379748724745;"{""coordinates"": [11.333379748724745, 44.5169322556563], ""type"": ""Point""}";;;;
44.51588064894706, 11.327874289720674;"{""coordinates"": [11.327874289720674, 44.51588064894706], ""type"": ""Point""}";;;;
44.53531664635828, 11.321824882828388;"{""coordinates"": [11.321824882828388, 44.53531664635828], ""type"": ""Point""}";;;;
44.526852172941425, 11.362024824635752;"{""coordinates"": [11.362024824635752, 44.526852172941425], ""type"": ""Point""}";;;;
44.499610144919174, 11.331515228100516;"{""coordinates"": [11.331515228100516, 44.499610144919174], ""type"": ""Point""}";;;;
44.50429545658844, 11.356736247177441;"{""coordinates"": [11.356736247177441, 44.50429545658844], ""type"": ""Point""}";;;;
44.514483527216186, 11.389682370479674;"{""coordinates"": [11.389682370479674, 44.514483527216186], ""type"": ""Point""}";;;;
44.510957568603764, 11.294676873884521;"{""coordinates"": [11.294676873884521, 44.510957568603764], ""type"": ""Point""}";;;;
44.50440538064259, 11.29174321733425;"{""coordinates"": [11.29174321733425, 44.50440538064259], ""type"": ""Point""}";;;;
44.50354273324036, 11.29122628427554;"{""coordinates"": [11.29122628427554, 44.50354273324036], ""type"": ""Point""}";;;;
44.49550856128052, 11.299970727173527;"{""coordinates"": [11.299970727173527, 44.49550856128052], ""type"": ""Point""}";;;;
44.498870059811665, 11.304568236405649;"{""coordinates"": [11.304568236405649, 44.498870059811665], ""type"": ""Point""}";;;;
44.497895178132076, 11.297236962329007;"{""coordinates"": [11.297236962329007, 44.497895178132076], ""type"": ""Point""}";;;;
44.50187539883856, 11.30372361202605;"{""coordinates"": [11.30372361202605, 44.50187539883856], ""type"": ""Point""}";;;;
44.50515927548805, 11.303332020897589;"{""coordinates"": [11.303332020897589, 44.50515927548805], ""type"": ""Point""}";;;;
44.5086999802103, 11.305587356413628;"{""coordinates"": [11.305587356413628, 44.5086999802103], ""type"": ""Point""}";;;;
44.50429089348775, 11.313399517503672;"{""coordinates"": [11.313399517503672, 44.50429089348775], ""type"": ""Point""}";;;;
44.51012322131968, 11.290660278958743;"{""coordinates"": [11.290660278958743, 44.51012322131968], ""type"": ""Point""}";;;;
44.50929269963987, 11.286734054695073;"{""coordinates"": [11.286734054695073, 44.50929269963987], ""type"": ""Point""}";;;;
44.50573719614212, 11.287110803440957;"{""coordinates"": [11.287110803440957, 44.50573719614212], ""type"": ""Point""}";;;;
44.49623709976617, 11.28125160694513;"{""coordinates"": [11.28125160694513, 44.49623709976617], ""type"": ""Point""}";;;;
44.51893847219765, 11.285553575291393;"{""coordinates"": [11.285553575291393, 44.51893847219765], ""type"": ""Point""}";;;;
44.51304009383236, 11.357031352022027;"{""coordinates"": [11.357031352022027, 44.51304009383236], ""type"": ""Point""}";;;;
44.50823177517165, 11.366550202113352;"{""coordinates"": [11.366550202113352, 44.50823177517165], ""type"": ""Point""}";;;;
44.50697996467201, 11.365891142973904;"{""coordinates"": [11.365891142973904, 44.50697996467201], ""type"": ""Point""}";;;;
44.5067361663725, 11.377972889200487;"{""coordinates"": [11.377972889200487, 44.5067361663725], ""type"": ""Point""}";;;;
44.51352434155378, 11.398516244815527;"{""coordinates"": [11.398516244815527, 44.51352434155378], ""type"": ""Point""}";;;;
44.51306454063994, 11.401040963744546;"{""coordinates"": [11.401040963744546, 44.51306454063994], ""type"": ""Point""}";;;;
44.512374002049725, 11.39622929620614;"{""coordinates"": [11.39622929620614, 44.512374002049725], ""type"": ""Point""}";;;;
44.48056167283603, 11.34458893166283;"{""coordinates"": [11.34458893166283, 44.48056167283603], ""type"": ""Point""}";;;;
44.52146787955595, 11.335064053591596;"{""coordinates"": [11.335064053591596, 44.52146787955595], ""type"": ""Point""}";;;;
44.47002773449314, 11.370909309489189;"{""coordinates"": [11.370909309489189, 44.47002773449314], ""type"": ""Point""}";;;;
44.47200893056488, 11.382785769510873;"{""coordinates"": [11.382785769510873, 44.47200893056488], ""type"": ""Point""}";;;;
44.501244993687344, 11.274974276568319;"{""coordinates"": [11.274974276568319, 44.501244993687344], ""type"": ""Point""}";PARCO;AREA SALVEMINI PONTE NUOVO;Borgo Panigale - Reno;Via Salvemini
44.522458812479144, 11.31436263094704;"{""coordinates"": [11.31436263094704, 44.522458812479144], ""type"": ""Point""}";;;;
44.466496757072804, 11.346401919519648;"{""coordinates"": [11.346401919519648, 44.466496757072804], ""type"": ""Point""}";PARCO;VILLA GUASTAVILLANI;Santo Stefano;Via Degli Scalini
44.48211802116866, 11.330179648333557;"{""coordinates"": [11.330179648333557, 44.48211802116866], ""type"": ""Point""}";PARCO;PARCO DI VILLA ALDINI;Santo Stefano;via Osservanza
44.509766967972624, 11.400618029469147;"{""coordinates"": [11.400618029469147, 44.509766967972624], ""type"": ""Point""}";PARCO;AREA VIA PANZINI;San Donato - San Vitale;Via Panzini
44.48405532616983, 11.385960956643569;"{""coordinates"": [11.385960956643569, 44.48405532616983], ""type"": ""Point""}";PARCO;AREA VIA ALLENDE;Savena;via Allende
44.52233961892265, 11.266844298113902;"{""coordinates"": [11.266844298113902, 44.52233961892265], ""type"": ""Point""}";PARCO;GIARDINO DEI PIOPPI;Borgo Panigale - Reno;via Legnano
44.47658886163177, 11.396913262458682;"{""coordinates"": [11.396913262458682, 44.47658886163177], ""type"": ""Point""}";GIARDINO;PIAZZA LAMBRAKIS;Savena;Piazza Lambrakis
44.47951071927924, 11.387008989621142;"{""coordinates"": [11.387008989621142, 44.47951071927924], ""type"": ""Point""}";GIARDINO;GIARDINO POMPONAZZI;Savena;via Pomponazzi
44.4730257545321, 11.382671901271124;"{""coordinates"": [11.382671901271124, 44.4730257545321], ""type"": ""Point""}";GIARDINO;GIARDINO MAZZONI ORTOLANI;Savena;Via Corrado Mazzoni - Via degli Ortolani
44.47905318887749, 11.375648109942311;"{""coordinates"": [11.375648109942311, 44.47905318887749], ""type"": ""Point""}";PARCO;P.CO LUNETTA GAMBERINI;Santo Stefano;Via degli Orti 60, Largo Lercaro, Via Nadi
44.543672504523514, 11.354611869156518;"{""coordinates"": [11.354611869156518, 44.543672504523514], ""type"": ""Point""}";VERDE D'ARREDO;Giardinetto via Corticella;Navile;Via Corticella, 218
44.510248644120985, 11.363135839941735;"{""coordinates"": [11.363135839941735, 44.510248644120985], ""type"": ""Point""}";VERDE D'ARREDO;PIAZZA  COSTITITUZIONE E  AREA LIMITROFA;San Donato - San Vitale;Piazza della Costituzione
44.52567302299779, 11.317087033169368;"{""coordinates"": [11.317087033169368, 44.52567302299779], ""type"": ""Point""}";GIARDINO;GIARDINO VAPORINO;Navile;Via Zanardi
44.49954990734345, 11.29744015281575;"{""coordinates"": [11.29744015281575, 44.49954990734345], ""type"": ""Point""}";VERDE D'ARREDO;AREA VERDE VIA DE CAROLIS;Borgo Panigale - Reno;Via De Carolis
44.49069472323231, 11.286832956757156;"{""coordinates"": [11.286832956757156, 44.49069472323231], ""type"": ""Point""}";GIARDINO;GIARDINO I.T.I.S.;Borgo Panigale - Reno;Rotonda Malaguti
44.52478709560501, 11.317424514286493;"{""coordinates"": [11.317424514286493, 44.52478709560501], ""type"": ""Point""}";VERDE SPORTIVO;VERDE C.S. PIZZOLI;Navile;Via Zanardi
44.50977839747178, 11.371796939170771;"{""coordinates"": [11.371796939170771, 44.50977839747178], ""type"": ""Point""}";GIARDINO;CENTRO SPORTIVO TRIGARI;San Donato - San Vitale;Via Michelino, 71
44.509249546554564, 11.379342928167645;"{""coordinates"": [11.379342928167645, 44.509249546554564], ""type"": ""Point""}";PARCO;SVINCOLO TANGENZIALE;San Donato - San Vitale;Via Vico
44.50758543313377, 11.362729487515912;"{""coordinates"": [11.362729487515912, 44.50758543313377], ""type"": ""Point""}";PARCO;PARCO DON BOSCO;San Donato - San Vitale;Via Aldo Moro
44.52417379631509, 11.331738980063067;"{""coordinates"": [11.331738980063067, 44.52417379631509], ""type"": ""Point""}";GIARDINO;GIARDINO VIA BEVERARA 220;Navile;Via della Bevarara
44.50886915085376, 11.354100008400692;"{""coordinates"": [11.354100008400692, 44.50886915085376], ""type"": ""Point""}";;;;
44.50879828760562, 11.354627181813179;"{""coordinates"": [11.354627181813179, 44.50879828760562], ""type"": ""Point""}";;;;
44.49515326445749, 11.311372800165563;"{""coordinates"": [11.311372800165563, 44.49515326445749], ""type"": ""Point""}";GIARDINO;GIARDINO GIACOMO BULGARELLI;Porto - Saragozza;Via della Certosa
44.4470033062725, 11.354723641625329;"{""coordinates"": [11.354723641625329, 44.4470033062725], ""type"": ""Point""}";PARCO;PARCO PALEOTTO;Savena;Via del Paleotto
44.502490945498884, 11.397752565982312;"{""coordinates"": [11.397752565982312, 44.502490945498884], ""type"": ""Point""}";VERDE D'ARREDO;GIARDINO AGENZIA  ENTRATE;San Donato - San Vitale;Via Larga 35
44.53634108377342, 11.353315634688581;"{""coordinates"": [11.353315634688581, 44.53634108377342], ""type"": ""Point""}";GIARDINO;GIARDINO PAPINI RONCAGLIO;Navile;Via Roncaglio, 6
44.5122985736999, 11.36268112666639;"{""coordinates"": [11.36268112666639, 44.5122985736999], ""type"": ""Point""}";VERDE D'ARREDO;PIAZZA  COSTITITUZIONE E  AREA LIMITROFA;San Donato - San Vitale;Piazza della Costituzione
44.49014109420725, 11.329289456920787;"{""coordinates"": [11.329289456920787, 44.49014109420725], ""type"": ""Point""}";PARCO;NUOVA;;
44.51069623477525, 11.399694159561225;"{""coordinates"": [11.399694159561225, 44.51069623477525], ""type"": ""Point""}";;;;
44.47317312760924, 11.399992129962222;"{""coordinates"": [11.399992129962222, 44.47317312760924], ""type"": ""Point""}";PARCO;NUOVA;;
44.46748755787594, 11.386913752978167;"{""coordinates"": [11.386913752978167, 44.46748755787594], ""type"": ""Point""}";PARCO;AREA GUERCINO;Savena;via Longo
44.46730336629512, 11.383423730676594;"{""coordinates"": [11.383423730676594, 44.46730336629512], ""type"": ""Point""}";;;;
44.4930352722456, 11.36626267013431;"{""coordinates"": [11.36626267013431, 44.4930352722456], ""type"": ""Point""}";GIARDINO;GIARDINO PONTE FOSSA CAVALLINA;San Donato - San Vitale;Via Massarenti
44.49234860947669, 11.311755049570376;"{""coordinates"": [11.311755049570376, 44.49234860947669], ""type"": ""Point""}";GIARDINO;PIAZZA DELLA PACE;Porto - Saragozza;Piazza della Pace
44.46684455854081, 11.378180992538036;"{""coordinates"": [11.378180992538036, 44.46684455854081], ""type"": ""Point""}";GIARDINO;GIARDINO CARISSIMI;Savena;via Cherubini
44.48285807658638, 11.39274287221573;"{""coordinates"": [11.39274287221573, 44.48285807658638], ""type"": ""Point""}";VERDE D'ARREDO;AREA VIA LINCOLN;Savena;Via Lincoln
44.48148376014346, 11.33568789916154;"{""coordinates"": [11.33568789916154, 44.48148376014346], ""type"": ""Point""}";VERDE D'ARREDO;AREA BAGNI DI MARIO;Santo Stefano;Via Bagni di Mario
44.51763235174758, 11.280259598586488;"{""coordinates"": [11.280259598586488, 44.51763235174758], ""type"": ""Point""}";VERDE D'ARREDO;GIARDINO DEGLI IPPOCASTANI;Borgo Panigale - Reno;Via Nani
44.49241647514309, 11.297625004612332;"{""coordinates"": [11.297625004612332, 44.49241647514309], ""type"": ""Point""}";VERDE D'ARREDO;P.ZZA BERNARDI - VIA BERGAMINI;Borgo Panigale - Reno;Piazza Bernardii
44.50222529717843, 11.291126238974163;"{""coordinates"": [11.291126238974163, 44.50222529717843], ""type"": ""Point""}";VERDE D'ARREDO;AREA VERDE VIA DE PISIS;Borgo Panigale - Reno;Via De Pisis
44.54527862274093, 11.355431545812662;"{""coordinates"": [11.355431545812662, 44.54527862274093], ""type"": ""Point""}";GIARDINO;G.NO CORTICELLA;Navile;Via Corticella
44.51150336338485, 11.303799814512612;"{""coordinates"": [11.303799814512612, 44.51150336338485], ""type"": ""Point""}";PARCO;G.NO FARPI VIGNOLI;Borgo Panigale - Reno;Via del Giacinto
44.50532155476791, 11.288490139916366;"{""coordinates"": [11.288490139916366, 44.50532155476791], ""type"": ""Point""}";PARCO;LUNGORENO EINAUDI - PONTE BACCHELLI;Borgo Panigale - Reno;Via Luigi Einaudi
44.51104481641742, 11.354226988787548;"{""coordinates"": [11.354226988787548, 44.51104481641742], ""type"": ""Point""}";;;;
44.502648574104775, 11.288717204590059;"{""coordinates"": [11.288717204590059, 44.502648574104775], ""type"": ""Point""}";CORPO IDRICO (laghetti, ruscelli, e fossi in collina);LUNGORENO BERTOCCHI DE PISIS;Borgo Panigale - Reno;Via Nino Bertocchi
44.493535029685674, 11.368081197203438;"{""coordinates"": [11.368081197203438, 44.493535029685674], ""type"": ""Point""}";GIARDINO;GIARDINO ORESTE BIAVATI;San Donato - San Vitale;Via Scipione Dal Ferro
44.45979419245927, 11.382632817497104;"{""coordinates"": [11.382632817497104, 44.45979419245927], ""type"": ""Point""}";PARCO;NUOVA;;
44.51183927410624, 11.36254568817864;"{""coordinates"": [11.36254568817864, 44.51183927410624], ""type"": ""Point""}";VERDE D'ARREDO;PIAZZA  COSTITITUZIONE E  AREA LIMITROFA;San Donato - San Vitale;Piazza della Costituzione
44.5084551063169, 11.289983301289874;"{""coordinates"": [11.289983301289874, 44.5084551063169], ""type"": ""Point""}";CORPO IDRICO (laghetti, ruscelli, e fossi in collina);LUNGORENO PONTE BACCHELLI - PONENTE;Borgo Panigale - Reno;Ponte Riccardo Bacchelli
44.550910562068886, 11.362397114579586;"{""coordinates"": [11.362397114579586, 44.550910562068886], ""type"": ""Point""}";VERDE SPORTIVO;CENTRO SPORTIVO BIAVATI;Navile;Via Shakespeare
44.511905181813404, 11.32914662043352;"{""coordinates"": [11.32914662043352, 44.511905181813404], ""type"": ""Point""}";GIARDINO;GIARDINO FANTIN BEVERARA;Navile;Via Mario Fantin 25
44.49676528744372, 11.368108350977602;"{""coordinates"": [11.368108350977602, 44.49676528744372], ""type"": ""Point""}";VERDE D'ARREDO;G.NO PADRE GIOVANNI BREVI;San Donato - San Vitale;Via Sante Vincenzi
44.48048308972575, 11.37370058940271;"{""coordinates"": [11.37370058940271, 44.48048308972575], ""type"": ""Point""}";;;;
44.509164585427136, 11.352360857577194;"{""coordinates"": [11.352360857577194, 44.509164585427136], ""type"": ""Point""}";GIARDINO;GIARDINO GUSTAVO TROMBETTI;Navile;Via Sebastiano Serlio
44.52694881441428, 11.368872008826822;"{""coordinates"": [11.368872008826822, 44.52694881441428], ""type"": ""Point""}";;;;
44.49838228738965, 11.307621250713096;"{""coordinates"": [11.307621250713096, 44.49838228738965], ""type"": ""Point""}";VERDE D'ARREDO;GIARDINO PERSEGUITATI ANTIFASCISTI;Borgo Panigale - Reno;Viale Gandhi
44.466251732274955, 11.388617944944295;"{""coordinates"": [11.388617944944295, 44.466251732274955], ""type"": ""Point""}";PARCO;PARCO LUNGOSAVENA;Savena;Rotonda Grazia Verenin - Viale Lungosavena
44.48077728344623, 11.373918323805336;"{""coordinates"": [11.373918323805336, 44.48077728344623], ""type"": ""Point""}";;;;
44.50215111686115, 11.302155662368495;"{""coordinates"": [11.302155662368495, 44.50215111686115], ""type"": ""Point""}";GIARDINO;G.NO MELOZZO DA FORLI' 23-23/2;Borgo Panigale - Reno;Via Melozzo da Forl, 23
44.53266817676631, 11.233601434631884;"{""coordinates"": [11.233601434631884, 44.53266817676631], ""type"": ""Point""}";GIARDINO;GIARDINO TEATRO RIDOTTO;Borgo Panigale - Reno;via Lepido
44.495075357965135, 11.398418215801552;"{""coordinates"": [11.398418215801552, 44.495075357965135], ""type"": ""Point""}";PARCO;GIARDINO PIOPPETO MATTEI;San Donato - San Vitale;Via Provaglia
44.528374236851114, 11.24702081008306;"{""coordinates"": [11.24702081008306, 44.528374236851114], ""type"": ""Point""}";GIARDINO;"CENTRO ""GIANNA BERETTA MOLLA""";Borgo Panigale - Reno;Via del Vivaio
44.4996679713039, 11.367976610732015;"{""coordinates"": [11.367976610732015, 44.4996679713039], ""type"": ""Point""}";GIARDINO;GIARDINO QUINTO FERRARI (EX GIARDINO VIA DELLA TORRETTA);San Donato - San Vitale;Via della Torretta
44.48378966539615, 11.380642656155148;"{""coordinates"": [11.380642656155148, 44.48378966539615], ""type"": ""Point""}";VERDE D'ARREDO;V. FOSSE ARDEATINE-FELSINA-BIANCO;Savena;viale Felsina
44.5207135972985, 11.268111645487522;"{""coordinates"": [11.268111645487522, 44.5207135972985], ""type"": ""Point""}";GIARDINO;GIARDINO VIA M. L. KING;Borgo Panigale - Reno;via M. L. King
44.49424815468777, 11.341305890439026;"{""coordinates"": [11.341305890439026, 44.49424815468777], ""type"": ""Point""}";GIARDINO;GIARDINO GUIDO FANTI;Porto - Saragozza;Piazza Maggiore, 6
44.48258879246623, 11.392370731731768;"{""coordinates"": [11.392370731731768, 44.48258879246623], ""type"": ""Point""}";VERDE D'ARREDO;AREA VIA LINCOLN;Savena;Via Lincoln
44.48240326485417, 11.39093593527184;"{""coordinates"": [11.39093593527184, 44.48240326485417], ""type"": ""Point""}";VERDE D'ARREDO;AREA VIA LINCOLN;Savena;Via Lincoln
44.50708756158464, 11.29817351313491;"{""coordinates"": [11.29817351313491, 44.50708756158464], ""type"": ""Point""}";GIARDINO;GIARDINO LEMONIA;Borgo Panigale - Reno;Via Lemonia
44.52712734886206, 11.370784268009988;"{""coordinates"": [11.370784268009988, 44.52712734886206], ""type"": ""Point""}";;;;
44.526092756378674, 11.341980692266246;"{""coordinates"": [11.341980692266246, 44.526092756378674], ""type"": ""Point""}";VERDE D'ARREDO;VIA MARTIRI DI MONTE SOLE;Navile;Via Martiri di Monte Sole
44.52505081688268, 11.352135680694909;"{""coordinates"": [11.352135680694909, 44.52505081688268], ""type"": ""Point""}";GIARDINO;"CENTRO ""SELLERI BATTAGLIA""";Navile;Via di Saliceto
44.5116262866942, 11.386950137369706;"{""coordinates"": [11.386950137369706, 44.5116262866942], ""type"": ""Point""}";VERDE D'ARREDO;VERDE VIA S.DONATO 177-177/5A;San Donato - San Vitale;Via San Donato, 177
44.52498683099439, 11.323671988350014;"{""coordinates"": [11.323671988350014, 44.52498683099439], ""type"": ""Point""}";GIARDINO;VILLA TAMBA;Navile;Via Selva di Pescarola
44.51779591392183, 11.332942534132455;"{""coordinates"": [11.332942534132455, 44.51779591392183], ""type"": ""Point""}";GIARDINO;GIARDINO MARINAI D ITALIA;Navile;Via Gagarin
44.541513936583364, 11.348765269064424;"{""coordinates"": [11.348765269064424, 44.541513936583364], ""type"": ""Point""}";PARCO;GIARDINO EX PAVIRANI;Navile;Via Cristoforo Colombo, 59
44.45164870368422, 11.321999567570172;"{""coordinates"": [11.321999567570172, 44.45164870368422], ""type"": ""Point""}";PARCO;PARCO PADERNO;Santo Stefano;Via Paderno
44.48385639661168, 11.392207616827502;"{""coordinates"": [11.392207616827502, 44.48385639661168], ""type"": ""Point""}";GIARDINO;GIARDINO DACIA;Savena;Via Carlo Marx
44.53282187124435, 11.347985571574576;"{""coordinates"": [11.347985571574576, 44.53282187124435], ""type"": ""Point""}";;;;
44.48078740646419, 11.343126667791173;"{""coordinates"": [11.343126667791173, 44.48078740646419], ""type"": ""Point""}";PARCO;PARCO DEL BELVEDERE DI SAN MICHELE IN BOSCO;Santo Stefano;Via Cesare Pupilli, 1
44.48577396763002, 11.380126517305598;"{""coordinates"": [11.380126517305598, 44.48577396763002], ""type"": ""Point""}";VERDE D'ARREDO;AREA VIA ROSELLE-VETULONIA;Savena;via Roselle
44.515979370938986, 11.353264102882875;"{""coordinates"": [11.353264102882875, 44.515979370938986], ""type"": ""Point""}";GIARDINO;GIARDINO GUIDO ROSSA;Navile;Via Lombardi
44.49214106516403, 11.300615770752081;"{""coordinates"": [11.300615770752081, 44.49214106516403], ""type"": ""Point""}";GIARDINO;GIARDINO DEL GHISELLO (EX GIARDINO CALDA);Borgo Panigale - Reno;via Treves
44.501247228181306, 11.345455663525822;"{""coordinates"": [11.345455663525822, 44.501247228181306], ""type"": ""Point""}";;;;
44.521986955605506, 11.292298215062013;"{""coordinates"": [11.292298215062013, 44.521986955605506], ""type"": ""Point""}";;;;
44.45944591000052, 11.37549389030704;"{""coordinates"": [11.37549389030704, 44.45944591000052], ""type"": ""Point""}";PARCO;NUOVA;;
44.467601829317665, 11.384049765598954;"{""coordinates"": [11.384049765598954, 44.467601829317665], ""type"": ""Point""}";;;;
44.51288301675676, 11.339248874636613;"{""coordinates"": [11.339248874636613, 44.51288301675676], ""type"": ""Point""}";;;;
44.51007381603266, 11.338513390335399;"{""coordinates"": [11.338513390335399, 44.51007381603266], ""type"": ""Point""}";;;;
44.50883067291035, 11.332576343709697;"{""coordinates"": [11.332576343709697, 44.50883067291035], ""type"": ""Point""}";;;;
44.52193840038422, 11.321642273137758;"{""coordinates"": [11.321642273137758, 44.52193840038422], ""type"": ""Point""}";;;;
44.52411923747579, 11.32264594722902;"{""coordinates"": [11.32264594722902, 44.52411923747579], ""type"": ""Point""}";;;;
44.52589953641495, 11.321065141129363;"{""coordinates"": [11.321065141129363, 44.52589953641495], ""type"": ""Point""}";;;;
44.52793657565238, 11.319570691365868;"{""coordinates"": [11.319570691365868, 44.52793657565238], ""type"": ""Point""}";;;;
44.53950250292223, 11.3550881791616;"{""coordinates"": [11.3550881791616, 44.53950250292223], ""type"": ""Point""}";;;;
44.54086479838252, 11.351459078391928;"{""coordinates"": [11.351459078391928, 44.54086479838252], ""type"": ""Point""}";;;;
44.53997639544559, 11.35129490432364;"{""coordinates"": [11.35129490432364, 44.53997639544559], ""type"": ""Point""}";;;;
44.52875511728379, 11.359507100803567;"{""coordinates"": [11.359507100803567, 44.52875511728379], ""type"": ""Point""}";;;;
44.527230976465425, 11.368363573768987;"{""coordinates"": [11.368363573768987, 44.527230976465425], ""type"": ""Point""}";;;;
44.50038211234664, 11.336485471879607;"{""coordinates"": [11.336485471879607, 44.50038211234664], ""type"": ""Point""}";;;;
44.50020939967433, 11.336818089318205;"{""coordinates"": [11.336818089318205, 44.50020939967433], ""type"": ""Point""}";;;;
44.50115019061397, 11.364411874960048;"{""coordinates"": [11.364411874960048, 44.50115019061397], ""type"": ""Point""}";;;;
44.51588276915638, 11.392605377062022;"{""coordinates"": [11.392605377062022, 44.51588276915638], ""type"": ""Point""}";;;;
44.442243975525756, 11.304023859198752;"{""coordinates"": [11.304023859198752, 44.442243975525756], ""type"": ""Point""}";;;;
44.497341994220854, 11.292446524831709;"{""coordinates"": [11.292446524831709, 44.497341994220854], ""type"": ""Point""}";;;;
44.50037027164006, 11.292390407693011;"{""coordinates"": [11.292390407693011, 44.50037027164006], ""type"": ""Point""}";;;;
44.497046662417944, 11.303119431153144;"{""coordinates"": [11.303119431153144, 44.497046662417944], ""type"": ""Point""}";;;;
44.49269881301102, 11.301480564934549;"{""coordinates"": [11.301480564934549, 44.49269881301102], ""type"": ""Point""}";;;;
44.50517688889654, 11.303702312090197;"{""coordinates"": [11.303702312090197, 44.50517688889654], ""type"": ""Point""}";;;;
44.505926073179, 11.311053247646093;"{""coordinates"": [11.311053247646093, 44.505926073179], ""type"": ""Point""}";;;;
44.510468825502564, 11.291500177496212;"{""coordinates"": [11.291500177496212, 44.510468825502564], ""type"": ""Point""}";;;;
44.499102399561465, 11.286406869339787;"{""coordinates"": [11.286406869339787, 44.499102399561465], ""type"": ""Point""}";;;;
44.507629312065916, 11.278520932035061;"{""coordinates"": [11.278520932035061, 44.507629312065916], ""type"": ""Point""}";;;;
44.51439471487852, 11.288242054341955;"{""coordinates"": [11.288242054341955, 44.51439471487852], ""type"": ""Point""}";;;;
44.50732757818155, 11.364323868191072;"{""coordinates"": [11.364323868191072, 44.50732757818155], ""type"": ""Point""}";;;;
44.51442050123727, 11.3934510672321;"{""coordinates"": [11.3934510672321, 44.51442050123727], ""type"": ""Point""}";;;;
44.51424401538031, 11.39399827385499;"{""coordinates"": [11.39399827385499, 44.51424401538031], ""type"": ""Point""}";;;;
44.5177168015979, 11.395859580103522;"{""coordinates"": [11.395859580103522, 44.5177168015979], ""type"": ""Point""}";;;;
44.47842441906161, 11.310363066260926;"{""coordinates"": [11.310363066260926, 44.47842441906161], ""type"": ""Point""}";;;;
44.5320510029933, 11.357380974858314;"{""coordinates"": [11.357380974858314, 44.5320510029933], ""type"": ""Point""}";;;;
44.52168354728247, 11.331882619737549;"{""coordinates"": [11.331882619737549, 44.52168354728247], ""type"": ""Point""}";;;;
44.53218022626912, 11.349062570656173;"{""coordinates"": [11.349062570656173, 44.53218022626912], ""type"": ""Point""}";;;;
44.49006741889695, 11.304383853158633;"{""coordinates"": [11.304383853158633, 44.49006741889695], ""type"": ""Point""}";;;;
44.51918963515277, 11.329326130787294;"{""coordinates"": [11.329326130787294, 44.51918963515277], ""type"": ""Point""}";VERDE D'ARREDO;CENTRO CIVICO LINO BORGATTI;Navile;Via Marco Polo
44.53283810001996, 11.3180346523831;"{""coordinates"": [11.3180346523831, 44.53283810001996], ""type"": ""Point""}";PARCO;GIARDINO VIA ZANARDI 395;Navile;Via Francesco Zanardi
44.5072458600814, 11.305291421945887;"{""coordinates"": [11.305291421945887, 44.5072458600814], ""type"": ""Point""}";GIARDINO;CENTRO ANZIANI S.VIOLA;Borgo Panigale - Reno;Via Emilia Ponente
44.537652627386116, 11.345800428848396;"{""coordinates"": [11.345800428848396, 44.537652627386116], ""type"": ""Point""}";;;;
44.489333745991615, 11.37525837272946;"{""coordinates"": [11.37525837272946, 44.489333745991615], ""type"": ""Point""}";PARCO;LARGO MOLINA;San Donato - San Vitale;Largo Molina
44.4910219046484, 11.343904072133478;"{""coordinates"": [11.343904072133478, 44.4910219046484], ""type"": ""Point""}";GIARDINO;PIAZZA CAVOUR;Santo Stefano;P.zza Cavour
44.49505322807816, 11.296801993952394;"{""coordinates"": [11.296801993952394, 44.49505322807816], ""type"": ""Point""}";;;;
44.482914679044605, 11.391044998174209;"{""coordinates"": [11.391044998174209, 44.482914679044605], ""type"": ""Point""}";VERDE D'ARREDO;AREA VIA LINCOLN;Savena;Via Lincoln
44.4825288681037, 11.390811726981529;"{""coordinates"": [11.390811726981529, 44.4825288681037], ""type"": ""Point""}";VERDE D'ARREDO;AREA VIA LINCOLN;Savena;Via Lincoln
44.49443904867848, 11.397843800119748;"{""coordinates"": [11.397843800119748, 44.49443904867848], ""type"": ""Point""}";VERDE D'ARREDO;AREA IACP VIA MATTEI;San Donato - San Vitale;Via Enrico Mattei
44.48219838690951, 11.392153138882676;"{""coordinates"": [11.392153138882676, 44.48219838690951], ""type"": ""Point""}";VERDE D'ARREDO;AREA VIA LINCOLN;Savena;Via Lincoln
44.49752376650561, 11.38857498714258;"{""coordinates"": [11.38857498714258, 44.49752376650561], ""type"": ""Point""}";GIARDINO;PARCO VINCENZO TANARA;San Donato - San Vitale;Via Larga
44.518799162519635, 11.338481391673648;"{""coordinates"": [11.338481391673648, 44.518799162519635], ""type"": ""Point""}";GIARDINO;GIARDINO DANIELE MANIN;Navile;Via Daniele Manin
44.50394122485333, 11.357582289152946;"{""coordinates"": [11.357582289152946, 44.50394122485333], ""type"": ""Point""}";GIARDINO;GIARDINO J. LENNON - G.NO C.PARKER;San Donato - San Vitale;Via Giovanni Antonio Sacco
44.48278829395951, 11.355312974137458;"{""coordinates"": [11.355312974137458, 44.48278829395951], ""type"": ""Point""}";;;;
44.49825207609664, 11.309285270620805;"{""coordinates"": [11.309285270620805, 44.49825207609664], ""type"": ""Point""}";;;;
44.50412012984222, 11.377029120891667;"{""coordinates"": [11.377029120891667, 44.50412012984222], ""type"": ""Point""}";VERDE D'ARREDO;GIARDINO VIA DELLA CAMPAGNA;San Donato - San Vitale;Via della Campagna
44.49346690809875, 11.281273709538235;"{""coordinates"": [11.281273709538235, 44.49346690809875], ""type"": ""Point""}";;;;
44.512092449153485, 11.385791814735251;"{""coordinates"": [11.385791814735251, 44.512092449153485], ""type"": ""Point""}";VERDE D'ARREDO;VERDE VIA S.DONATO 177-177/5A;San Donato - San Vitale;Via San Donato, 177
44.51010600149887, 11.362926538964533;"{""coordinates"": [11.362926538964533, 44.51010600149887], ""type"": ""Point""}";VERDE D'ARREDO;PIAZZA  COSTITITUZIONE E  AREA LIMITROFA;San Donato - San Vitale;Piazza della Costituzione
44.47670616138933, 11.384217305477396;"{""coordinates"": [11.384217305477396, 44.47670616138933], ""type"": ""Point""}";GIARDINO;GIARDINO ROSA PARKS;Savena;Via Lombardia
44.51249390585736, 11.329874118424405;"{""coordinates"": [11.329874118424405, 44.51249390585736], ""type"": ""Point""}";GIARDINO;GIARDINO FANTIN BEVERARA;Navile;Via Mario Fantin 25
44.496497351419315, 11.368179936270844;"{""coordinates"": [11.368179936270844, 44.496497351419315], ""type"": ""Point""}";VERDE D'ARREDO;G.NO PADRE GIOVANNI BREVI;San Donato - San Vitale;Via Sante Vincenzi
44.54961415085225, 11.359639745297477;"{""coordinates"": [11.359639745297477, 44.54961415085225], ""type"": ""Point""}";CORPO IDRICO (laghetti, ruscelli, e fossi in collina);AREA EX CENTRO AVICOLO;Navile;Via S.Anna
44.5212293471909, 11.332867012000953;"{""coordinates"": [11.332867012000953, 44.5212293471909], ""type"": ""Point""}";VERDE D'ARREDO;VERDE TRALICCIO ENEL BEVERARA;Navile;Via Beverara 123/3
44.456121756882276, 11.351486226611408;"{""coordinates"": [11.351486226611408, 44.456121756882276], ""type"": ""Point""}";PARCO;PARCO JOLA CA BANDIERA;Savena;Via Jola
44.50898721618125, 11.358909265166343;"{""coordinates"": [11.358909265166343, 44.50898721618125], ""type"": ""Point""}";GIARDINO;GIARDINO PAOLO LACCHINI;San Donato - San Vitale;Via Serena/Viale della Repubblica
44.47219986758501, 11.376545108898013;"{""coordinates"": [11.376545108898013, 44.47219986758501], ""type"": ""Point""}";;;;
44.521875259659836, 11.408871993423055;"{""coordinates"": [11.408871993423055, 44.521875259659836], ""type"": ""Point""}";VERDE D'ARREDO;GIARDINO CENTRO IMMIGRAZIONE VIA  CANAPA;San Donato - San Vitale;Via della Canapa
44.47390103202505, 11.388713879444591;"{""coordinates"": [11.388713879444591, 44.47390103202505], ""type"": ""Point""}";GIARDINO;G.NO BONCOMPAGNI LUDOVISI;Savena;Via Faenza
44.52039361370995, 11.273944868084055;"{""coordinates"": [11.273944868084055, 44.52039361370995], ""type"": ""Point""}";GIARDINO;GIARDINO LUIGI PASTEUR;Borgo Panigale - Reno;Via Luigi Pasteur
44.49066733189627, 11.372801275244381;"{""coordinates"": [11.372801275244381, 44.49066733189627], ""type"": ""Point""}";PARCO;GIARDINO DOMENICO MARIA NOVARA;San Donato - San Vitale;Via Venturoli
44.49951382878621, 11.332992283651897;"{""coordinates"": [11.332992283651897, 44.49951382878621], ""type"": ""Point""}";GIARDINO;PIAZZA AZZARITA;Porto - Saragozza;Piazza Azzarita
44.489132045331004, 11.381323424834754;"{""coordinates"": [11.381323424834754, 44.489132045331004], ""type"": ""Point""}";PARCO;VIALE FELSINA-VICOLO NERO;Savena;via Felsina
44.47601248517484, 11.382156270341081;"{""coordinates"": [11.382156270341081, 44.47601248517484], ""type"": ""Point""}";GIARDINO;GIARDINO VIA ABRUZZO;Savena;via Lombardia
44.4901420175247, 11.375034946240236;"{""coordinates"": [11.375034946240236, 44.4901420175247], ""type"": ""Point""}";VERDE D'ARREDO;LARGO MOLINA;San Donato - San Vitale;Largo Molina
44.48245969283486, 11.392512803712082;"{""coordinates"": [11.392512803712082, 44.48245969283486], ""type"": ""Point""}";VERDE D'ARREDO;AREA VIA LINCOLN;Savena;Via Lincoln
44.48279218653658, 11.391173546899196;"{""coordinates"": [11.391173546899196, 44.48279218653658], ""type"": ""Point""}";VERDE D'ARREDO;AREA VIA LINCOLN;Savena;Via Lincoln
44.51048522390929, 11.294040018366994;"{""coordinates"": [11.294040018366994, 44.51048522390929], ""type"": ""Point""}";PARCO;LUNGORENO PONENTE DEL MILLIARIO;Borgo Panigale - Reno;Via Emilia Ponente
44.47849514746145, 11.37575063060536;"{""coordinates"": [11.37575063060536, 44.47849514746145], ""type"": ""Point""}";;;;
44.53480430035089, 11.343806811921906;"{""coordinates"": [11.343806811921906, 44.53480430035089], ""type"": ""Point""}";PARCO;PERCORSO LUNGONAVILE;Navile;Via Yuri Gagarin - Via dei Terraioli
44.51110134317027, 11.35501180950108;"{""coordinates"": [11.35501180950108, 44.51110134317027], ""type"": ""Point""}";;;;
44.51159088644544, 11.397865821520293;"{""coordinates"": [11.397865821520293, 44.51159088644544], ""type"": ""Point""}";GIARDINO;CENTRO ACCOGLIENZA TEMPORANEA (EX ADA NEGRI);San Donato - San Vitale;Via Dino Campana
44.543098661616085, 11.355689779906115;"{""coordinates"": [11.355689779906115, 44.543098661616085], ""type"": ""Point""}";GIARDINO;GIARDINETTO BENTINI CORTICELLA;Navile;Via Genuzio Bentini
44.485584018128684, 11.380179372392892;"{""coordinates"": [11.380179372392892, 44.485584018128684], ""type"": ""Point""}";PARCO;AREA VIA ROSELLE-VETULONIA;Savena;via Roselle
44.52802199695952, 11.339381605584009;"{""coordinates"": [11.339381605584009, 44.52802199695952], ""type"": ""Point""}";PARCO;PERCORSO LUNGONAVILE;Navile;Via Yuri Gagarin - Via dei Terraioli
44.533978222460505, 11.350359858756736;"{""coordinates"": [11.350359858756736, 44.533978222460505], ""type"": ""Point""}";GIARDINO;GIARDINO DON BEDETTI;Navile;Via Don Bedetti
44.50217771830339, 11.336294212160377;"{""coordinates"": [11.336294212160377, 44.50217771830339], ""type"": ""Point""}";GIARDINO;GIARDINO DEL CAVATICCIO;Porto - Saragozza;Via Azzo Gardino - Rosselli
44.51643626783425, 11.337927492735467;"{""coordinates"": [11.337927492735467, 44.51643626783425], ""type"": ""Point""}";GIARDINO;G.NO DONATORI DI SANGUE;Navile;Via del Battiferro
44.54055777882669, 11.35613004224138;"{""coordinates"": [11.35613004224138, 44.54055777882669], ""type"": ""Point""}";;;;
44.53869379194814, 11.356755550594178;"{""coordinates"": [11.356755550594178, 44.53869379194814], ""type"": ""Point""}";GIARDINO;GIARDINO CORTICELLA - STENDHAL;Navile;Via Corticella
44.47599851158257, 11.394927501075982;"{""coordinates"": [11.394927501075982, 44.47599851158257], ""type"": ""Point""}";PARCO;AREA VIA DOZZA;Savena;via Dozza
44.502491432487545, 11.336456003070774;"{""coordinates"": [11.336456003070774, 44.502491432487545], ""type"": ""Point""}";GIARDINO;GIARDINO DEL CAVATICCIO;Porto - Saragozza;Via del Porto - Rosselli
44.47644641563658, 11.395400172331144;"{""coordinates"": [11.395400172331144, 44.47644641563658], ""type"": ""Point""}";PARCO;AREA VIA DOZZA;Savena;via Dozza
44.51735058379586, 11.277354855907017;"{""coordinates"": [11.277354855907017, 44.51735058379586], ""type"": ""Point""}";PARCO;PARCO DEI PLATANI;Borgo Panigale - Reno;via Miliani
44.49046416363974, 11.321468451315331;"{""coordinates"": [11.321468451315331, 44.49046416363974], ""type"": ""Point""}";GIARDINO;CENTRO SOCIALE 2 AGOSTO;Porto - Saragozza;via Turati
44.52347873559308, 11.264208117775695;"{""coordinates"": [11.264208117775695, 44.52347873559308], ""type"": ""Point""}";VERDE D'ARREDO;AREE VIA NORMANDIA;Borgo Panigale - Reno;Via Normandia
44.49577353855292, 11.291711713266377;"{""coordinates"": [11.291711713266377, 44.49577353855292], ""type"": ""Point""}";VERDE D'ARREDO;VIA DELLA BARCA 44;Borgo Panigale - Reno;Via della Barca
44.53485072205202, 11.35240948535971;"{""coordinates"": [11.35240948535971, 44.53485072205202], ""type"": ""Point""}";GIARDINO;CENTRO SOCIALE CROCE COPERTA;Navile;Via Papini
44.540430151984225, 11.348200397048757;"{""coordinates"": [11.348200397048757, 44.540430151984225], ""type"": ""Point""}";PARCO;PERCORSO LUNGONAVILE;Navile;Via Yuri Gagarin - Via dei Terraioli
44.508423493943944, 11.39400114204267;"{""coordinates"": [11.39400114204267, 44.508423493943944], ""type"": ""Point""}";VERDE D'ARREDO;AREA VIA LARGA;San Donato - San Vitale;Via Larga
44.51077938644755, 11.371901020179811;"{""coordinates"": [11.371901020179811, 44.51077938644755], ""type"": ""Point""}";;;;
44.5177971746636, 11.297438072619052;"{""coordinates"": [11.297438072619052, 44.5177971746636], ""type"": ""Point""}";;;;
44.52429335771293, 11.352866351102183;"{""coordinates"": [11.352866351102183, 44.52429335771293], ""type"": ""Point""}";GIARDINO;GIARDINO SALICETO BOSCAFIN;Navile;Via di Saliceto
44.490951877760104, 11.395869550444138;"{""coordinates"": [11.395869550444138, 44.490951877760104], ""type"": ""Point""}";GIARDINO;AREA VERDE VIA RIVANI;San Donato - San Vitale;Via Giuseppe Rivani 11
44.53302787296108, 11.316964591120623;"{""coordinates"": [11.316964591120623, 44.53302787296108], ""type"": ""Point""}";GIARDINO;GIARDINO NOCE CAPOLINEA;Navile;Via Zanardi
44.511081929383444, 11.284945691058413;"{""coordinates"": [11.284945691058413, 44.511081929383444], ""type"": ""Point""}";GIARDINO;GIARDINO I. NAGY;Borgo Panigale - Reno;Via della pietra
44.52900251958551, 11.317683713002971;"{""coordinates"": [11.317683713002971, 44.52900251958551], ""type"": ""Point""}";;;;
44.49066247085084, 11.401322108160933;"{""coordinates"": [11.401322108160933, 44.49066247085084], ""type"": ""Point""}";GIARDINO;GIARDINO PALLAVICINI;San Donato - San Vitale;Via Martiri Croce del Biacco
44.485108950543854, 11.315616598145953;"{""coordinates"": [11.315616598145953, 44.485108950543854], ""type"": ""Point""}";GIARDINO;PARCO FELICE BATTAGLIA;Porto - Saragozza;Via Felice Battaglia
44.50688049298594, 11.281293002046377;"{""coordinates"": [11.281293002046377, 44.50688049298594], ""type"": ""Point""}";PARCO;PARCO GIOCO DEL MONDO;Borgo Panigale - Reno;Viale Salvemini 11
44.499275388657196, 11.389538038188693;"{""coordinates"": [11.389538038188693, 44.499275388657196], ""type"": ""Point""}";PARCO;PARCO CAMPAGNA VIA LARGA;San Donato - San Vitale;Via del Carpentiere
44.48903149056901, 11.387924648181029;"{""coordinates"": [11.387924648181029, 44.48903149056901], ""type"": ""Point""}";GIARDINO;"G.NO CASA DI RIPOSO NOTTURNO ""MADRE TERESA DI CALCUTTA""";Savena;Viale Lenin 20
44.50948459611632, 11.293957591435158;"{""coordinates"": [11.293957591435158, 44.50948459611632], ""type"": ""Point""}";;;;
44.49510447732796, 11.299969491265978;"{""coordinates"": [11.299969491265978, 44.49510447732796], ""type"": ""Point""}";VERDE D'ARREDO;PARCO NICHOLAS GREEN ( EX  VILLA CONTRI);Borgo Panigale - Reno;Via della Certosa
44.509889621306925, 11.357747119207502;"{""coordinates"": [11.357747119207502, 44.509889621306925], ""type"": ""Point""}";VERDE D'ARREDO;GIARDINO PAOLO LACCHINI;San Donato - San Vitale;Via Serena
44.49625596055081, 11.29676447290737;"{""coordinates"": [11.29676447290737, 44.49625596055081], ""type"": ""Point""}";GIARDINO;GIARDINO GIANGUIDO BORGHESE;Borgo Panigale - Reno;Via Gianguido Borghese
44.49535983895741, 11.360643082476903;"{""coordinates"": [11.360643082476903, 44.49535983895741], ""type"": ""Point""}";PARCO;NUOVA;SAN DONATO - SAN VITALE;
44.46084313611367, 11.378928737835148;"{""coordinates"": [11.378928737835148, 44.46084313611367], ""type"": ""Point""}";PARCO;NUOVA;;
44.46731966726648, 11.383963991440343;"{""coordinates"": [11.383963991440343, 44.46731966726648], ""type"": ""Point""}";;;;
44.46917720176023, 11.384347840503088;"{""coordinates"": [11.384347840503088, 44.46917720176023], ""type"": ""Point""}";;;;
44.51098667042655, 11.338731900974757;"{""coordinates"": [11.338731900974757, 44.51098667042655], ""type"": ""Point""}";;;;
44.515890934083714, 11.325188122518178;"{""coordinates"": [11.325188122518178, 44.515890934083714], ""type"": ""Point""}";;;;
44.515046388522, 11.326057507655243;"{""coordinates"": [11.326057507655243, 44.515046388522], ""type"": ""Point""}";;;;
44.522123144725846, 11.32083964435944;"{""coordinates"": [11.32083964435944, 44.522123144725846], ""type"": ""Point""}";;;;
44.52529368364755, 11.320771335527242;"{""coordinates"": [11.320771335527242, 44.52529368364755], ""type"": ""Point""}";;;;
44.52775260754749, 11.319604069545239;"{""coordinates"": [11.319604069545239, 44.52775260754749], ""type"": ""Point""}";;;;
44.54142912248488, 11.351525252573115;"{""coordinates"": [11.351525252573115, 44.54142912248488], ""type"": ""Point""}";;;;
44.53855238916532, 11.351816535405874;"{""coordinates"": [11.351816535405874, 44.53855238916532], ""type"": ""Point""}";;;;
44.53827915383654, 11.354347843380825;"{""coordinates"": [11.354347843380825, 44.53827915383654], ""type"": ""Point""}";;;;
44.530145745384786, 11.369845409685645;"{""coordinates"": [11.369845409685645, 44.530145745384786], ""type"": ""Point""}";;;;
44.48916044606642, 11.315409868436516;"{""coordinates"": [11.315409868436516, 44.48916044606642], ""type"": ""Point""}";;;;
44.48972011274842, 11.314569204058449;"{""coordinates"": [11.314569204058449, 44.48972011274842], ""type"": ""Point""}";;;;
44.49013733999059, 11.300882986162003;"{""coordinates"": [11.300882986162003, 44.49013733999059], ""type"": ""Point""}";;;;
44.50382460437803, 11.358565404199629;"{""coordinates"": [11.358565404199629, 44.50382460437803], ""type"": ""Point""}";;;;
44.51432132001234, 11.389371063724827;"{""coordinates"": [11.389371063724827, 44.51432132001234], ""type"": ""Point""}";;;;
44.51333660759307, 11.396019920625706;"{""coordinates"": [11.396019920625706, 44.51333660759307], ""type"": ""Point""}";;;;
44.50650997815095, 11.292059439458905;"{""coordinates"": [11.292059439458905, 44.50650997815095], ""type"": ""Point""}";;;;
44.49937613809529, 11.290852716169722;"{""coordinates"": [11.290852716169722, 44.49937613809529], ""type"": ""Point""}";;;;
44.49752570616773, 11.304030822639387;"{""coordinates"": [11.304030822639387, 44.49752570616773], ""type"": ""Point""}";;;;
44.500773127157885, 11.301093889175899;"{""coordinates"": [11.301093889175899, 44.500773127157885], ""type"": ""Point""}";;;;
44.49976875325933, 11.302031905581952;"{""coordinates"": [11.302031905581952, 44.49976875325933], ""type"": ""Point""}";;;;
44.501979440832955, 11.305059363772834;"{""coordinates"": [11.305059363772834, 44.501979440832955], ""type"": ""Point""}";;;;
44.50018041548136, 11.314800397900482;"{""coordinates"": [11.314800397900482, 44.50018041548136], ""type"": ""Point""}";;;;
44.50826727327554, 11.284975893880993;"{""coordinates"": [11.284975893880993, 44.50826727327554], ""type"": ""Point""}";;;;
44.49749426847018, 11.278036014538118;"{""coordinates"": [11.278036014538118, 44.49749426847018], ""type"": ""Point""}";;;;
44.49706695167041, 11.277601330207327;"{""coordinates"": [11.277601330207327, 44.49706695167041], ""type"": ""Point""}";;;;
44.49757665086261, 11.28194750373973;"{""coordinates"": [11.28194750373973, 44.49757665086261], ""type"": ""Point""}";;;;
44.51425406201337, 11.293937155828475;"{""coordinates"": [11.293937155828475, 44.51425406201337], ""type"": ""Point""}";;;;
44.51081978788998, 11.356253742610555;"{""coordinates"": [11.356253742610555, 44.51081978788998], ""type"": ""Point""}";;;;
44.51375206524013, 11.389853032987054;"{""coordinates"": [11.389853032987054, 44.51375206524013], ""type"": ""Point""}";;;;
44.513973091171046, 11.390300443053269;"{""coordinates"": [11.390300443053269, 44.513973091171046], ""type"": ""Point""}";;;;
44.512409165265986, 11.390988637429063;"{""coordinates"": [11.390988637429063, 44.512409165265986], ""type"": ""Point""}";;;;
44.548159439815656, 11.3631738635748;"{""coordinates"": [11.3631738635748, 44.548159439815656], ""type"": ""Point""}";;;;
44.48333454360565, 11.310013443424747;"{""coordinates"": [11.310013443424747, 44.48333454360565], ""type"": ""Point""}";;;;
44.48423472194246, 11.311249849086764;"{""coordinates"": [11.311249849086764, 44.48423472194246], ""type"": ""Point""}";;;;
44.47744989563895, 11.309574070665118;"{""coordinates"": [11.309574070665118, 44.47744989563895], ""type"": ""Point""}";;;;
44.48687095850023, 11.316682063670628;"{""coordinates"": [11.316682063670628, 44.48687095850023], ""type"": ""Point""}";;;;
44.510786299112915, 11.329942949749903;"{""coordinates"": [11.329942949749903, 44.510786299112915], ""type"": ""Point""}";;;;
44.54081819747574, 11.349902930862418;"{""coordinates"": [11.349902930862418, 44.54081819747574], ""type"": ""Point""}";;;;
44.47736148526682, 11.321077800593654;"{""coordinates"": [11.321077800593654, 44.47736148526682], ""type"": ""Point""}";;;;
44.518380840648355, 11.276630698653316;"{""coordinates"": [11.276630698653316, 44.518380840648355], ""type"": ""Point""}";;;;
44.52160580991327, 11.318875786696248;"{""coordinates"": [11.318875786696248, 44.52160580991327], ""type"": ""Point""}";;;;
44.52087173591238, 11.320571658384432;"{""coordinates"": [11.320571658384432, 44.52087173591238], ""type"": ""Point""}";;;;
44.48851567929022, 11.379496590542658;"{""coordinates"": [11.379496590542658, 44.48851567929022], ""type"": ""Point""}";PARCO;G.NO EMILIO BASSI;Savena;Viale Felsina
44.511471164922284, 11.34706807966834;"{""coordinates"": [11.34706807966834, 44.511471164922284], ""type"": ""Point""}";GIARDINO;PIAZZA DELL UNITA;Navile;Piazza dell'Unit
44.536161099599205, 11.35186493245566;"{""coordinates"": [11.35186493245566, 44.536161099599205], ""type"": ""Point""}";GIARDINO;GIARDINO DON BEDETTI;Navile;Via Don Bedetti
44.49488523167634, 11.386468630119131;"{""coordinates"": [11.386468630119131, 44.49488523167634], ""type"": ""Point""}";GIARDINO;GIARDINO MERIDIANA;San Donato - San Vitale;Via Della Robbia
44.49217204271556, 11.29780953298744;"{""coordinates"": [11.29780953298744, 44.49217204271556], ""type"": ""Point""}";VERDE D'ARREDO;P.ZZA BERNARDI - VIA BERGAMINI;Borgo Panigale - Reno;Piazza Bernardii
44.500446752600574, 11.298979904281335;"{""coordinates"": [11.298979904281335, 44.500446752600574], ""type"": ""Point""}";GIARDINO;GIARDINO GICHIN FUNAKOSHI;Borgo Panigale - Reno;via De Carolis
44.50592118841441, 11.362438779122003;"{""coordinates"": [11.362438779122003, 44.50592118841441], ""type"": ""Point""}";GIARDINO;GIARDINO FRANCO PASELLI;San Donato - San Vitale;Via Repubblica
44.492116214824414, 11.285997655360589;"{""coordinates"": [11.285997655360589, 44.492116214824414], ""type"": ""Point""}";VERDE D'ARREDO;GIARDINO G. HORN D' ARTURO;Borgo Panigale - Reno;Via Masaccio
44.49167558682613, 11.285330134487321;"{""coordinates"": [11.285330134487321, 44.49167558682613], ""type"": ""Point""}";GIARDINO;GIARDINO G. HORN D' ARTURO;Borgo Panigale - Reno;Via Masaccio
44.498230708500415, 11.37278680101726;"{""coordinates"": [11.37278680101726, 44.498230708500415], ""type"": ""Point""}";GIARDINO;G.NO DIANA SABBI;San Donato - San Vitale;via Torretta
44.50831166599407, 11.354333078852678;"{""coordinates"": [11.354333078852678, 44.50831166599407], ""type"": ""Point""}";;;;
44.521154695151246, 11.401734127414976;"{""coordinates"": [11.401734127414976, 44.521154695151246], ""type"": ""Point""}";GIARDINO;GIARDINO OSTELLO COMUNALE;San Donato - San Vitale;Via Viadagola
44.49196549822653, 11.388177591872882;"{""coordinates"": [11.388177591872882, 44.49196549822653], ""type"": ""Point""}";PARCO;GIARDINO GUELFA MULTIPLA;San Donato - San Vitale;Via Guelfa
44.51583145115972, 11.34107862785448;"{""coordinates"": [11.34107862785448, 44.51583145115972], ""type"": ""Point""}";GIARDINO;G.NO DONATORI DI SANGUE;Navile;Via del Battiferro
44.48566982241085, 11.354297929514349;"{""coordinates"": [11.354297929514349, 44.48566982241085], ""type"": ""Point""}";GIARDINO;GIARDINO BARACCANO;Santo Stefano;P.zza Baraccano
44.48080709788788, 11.351594380293735;"{""coordinates"": [11.351594380293735, 44.48080709788788], ""type"": ""Point""}";;;;
44.48605320903708, 11.388127940024058;"{""coordinates"": [11.388127940024058, 44.48605320903708], ""type"": ""Point""}";VERDE D'ARREDO;GIARDINO LEGNANI BARBACCI;Savena;Via Alberto Legnani 4, Via Alfredo Barbacci 3
44.493937895327484, 11.396739559798993;"{""coordinates"": [11.396739559798993, 44.493937895327484], ""type"": ""Point""}";GIARDINO;AREA IACP VIA MATTEI;San Donato - San Vitale;Via Enrico Mattei
44.51659604983079, 11.332783833479086;"{""coordinates"": [11.332783833479086, 44.51659604983079], ""type"": ""Point""}";PARCO;PARCO LUNETTA MARIOTTI;Navile;Via della Beverara
44.5451166495002, 11.359576499105374;"{""coordinates"": [11.359576499105374, 44.5451166495002], ""type"": ""Point""}";;;;
44.484970194469675, 11.403813972241565;"{""coordinates"": [11.403813972241565, 44.484970194469675], ""type"": ""Point""}";PARCO;AREA CANOVA;San Donato - San Vitale;Via Antonio Canova
44.490994150977144, 11.386888034398233;"{""coordinates"": [11.386888034398233, 44.490994150977144], ""type"": ""Point""}";PARCO;GIARDINO AMBASCIATA ROMENA;San Donato - San Vitale;Via Guelfa 1-9
44.49883274625426, 11.310952168210214;"{""coordinates"": [11.310952168210214, 44.49883274625426], ""type"": ""Point""}";VERDE D'ARREDO;AREA VIA GANDHI - CRB;Porto - Saragozza;Via Gandhi
44.48466086281123, 11.37988451027588;"{""coordinates"": [11.37988451027588, 44.48466086281123], ""type"": ""Point""}";PARCO;AREA VIA ROSELLE-VETULONIA;Savena;via Roselle
44.5041585786638, 11.278054477835614;"{""coordinates"": [11.278054477835614, 44.5041585786638], ""type"": ""Point""}";VERDE D'ARREDO;AREA VIA EINAUDI-DE NICOLA;Borgo Panigale - Reno;Via Luigi Einaudi
44.48989318348235, 11.344870493279938;"{""coordinates"": [11.344870493279938, 44.48989318348235], ""type"": ""Point""}";GIARDINO;GIARDINO  SAN  DOMENICO;Santo Stefano;Piazza San Domenico
44.50832491368129, 11.289064782198217;"{""coordinates"": [11.289064782198217, 44.50832491368129], ""type"": ""Point""}";GIARDINO;VERDE SPONDA RUZZOLA;Borgo Panigale - Reno;Ponte Riccardo Bacchelli
44.52693561838968, 11.316931098367153;"{""coordinates"": [11.316931098367153, 44.52693561838968], ""type"": ""Point""}";;;;
44.49881176847346, 11.372104038123528;"{""coordinates"": [11.372104038123528, 44.49881176847346], ""type"": ""Point""}";PARCO;G.NO ZELINDA RESCA;San Donato - San Vitale;via Torretta
44.51588337566223, 11.303178075507676;"{""coordinates"": [11.303178075507676, 44.51588337566223], ""type"": ""Point""}";VERDE SPORTIVO;GIARDINO TIRO A SEGNO;Navile;Via Agucchi
44.52490084216339, 11.2668272017326;"{""coordinates"": [11.2668272017326, 44.52490084216339], ""type"": ""Point""}";GIARDINO;GIARDINO BIANCOLELLI;Borgo Panigale - Reno;Via Biancolelli
44.46420695927548, 11.384886038460504;"{""coordinates"": [11.384886038460504, 44.46420695927548], ""type"": ""Point""}";PARCO;NUOVA;;
44.477026023312796, 11.375355159123464;"{""coordinates"": [11.375355159123464, 44.477026023312796], ""type"": ""Point""}";VERDE SPORTIVO;P.CO LUNETTA GAMBERINI;Santo Stefano;Via degli Orti 60, Largo Lercaro, Via Nadi
44.49818148295499, 11.385214090459762;"{""coordinates"": [11.385214090459762, 44.49818148295499], ""type"": ""Point""}";PARCO;PARCO SCANDELLARA;San Donato - San Vitale;Via Scandellara 54
44.471547888703874, 11.3936009032814;"{""coordinates"": [11.3936009032814, 44.471547888703874], ""type"": ""Point""}";PARCO;PISTA CICLABILE GENOVA-CAVINA;Savena;Via Genova
44.54884930863033, 11.359681988754152;"{""coordinates"": [11.359681988754152, 44.54884930863033], ""type"": ""Point""}";;;;
44.52772660361708, 11.316105958723675;"{""coordinates"": [11.316105958723675, 44.52772660361708], ""type"": ""Point""}";;;;
44.47343765377149, 11.380406528618561;"{""coordinates"": [11.380406528618561, 44.47343765377149], ""type"": ""Point""}";GIARDINO;VERDE  MILANO MAZZONI;Savena;Via Milano - Via Corrado Mazzoni
44.47295458645498, 11.378240357593763;"{""coordinates"": [11.378240357593763, 44.47295458645498], ""type"": ""Point""}";VERDE D'ARREDO;AREA TORINO MILANO;Savena;Via Torino - Via Milano
44.521820576331976, 11.263378048857128;"{""coordinates"": [11.263378048857128, 44.521820576331976], ""type"": ""Point""}";GIARDINO;GIARDINO CENTRO DIURNO TRE GIRASOLI;Borgo Panigale - Reno;via Normandia
44.50511408362216, 11.33130497825621;"{""coordinates"": [11.33130497825621, 44.50511408362216], ""type"": ""Point""}";VERDE D'ARREDO;AREA  ZANARDI INVITI;Porto - Saragozza;Via Inviti
44.477058472894576, 11.371981708566674;"{""coordinates"": [11.371981708566674, 44.477058472894576], ""type"": ""Point""}";GIARDINO;GIARDINO QUARTIERE MURRI;Santo Stefano;via degli Orti
44.50872520219825, 11.363782590314369;"{""coordinates"": [11.363782590314369, 44.50872520219825], ""type"": ""Point""}";VERDE D'ARREDO;PIAZZA  COSTITITUZIONE E  AREA LIMITROFA;San Donato - San Vitale;Piazza della Costituzione
44.48006586248368, 11.371364893083594;"{""coordinates"": [11.371364893083594, 44.48006586248368], ""type"": ""Point""}";;;;
44.50281453573879, 11.291103789697297;"{""coordinates"": [11.291103789697297, 44.50281453573879], ""type"": ""Point""}";VERDE D'ARREDO;AREA VERDE VIA DE PISIS;Borgo Panigale - Reno;Via De Pisis
44.541641893307116, 11.359821017603966;"{""coordinates"": [11.359821017603966, 44.541641893307116], ""type"": ""Point""}";GIARDINO;GIARDINO GUIDO GRANDI (EX P.E.E.P. CORTICELLA);Navile;Via Shakespeare
44.49545653062311, 11.311508737967097;"{""coordinates"": [11.311508737967097, 44.49545653062311], ""type"": ""Point""}";GIARDINO;GIARDINO GIACOMO BULGARELLI;Porto - Saragozza;Via della Certosa
44.507892651933986, 11.426929985946625;"{""coordinates"": [11.426929985946625, 44.507892651933986], ""type"": ""Point""}";GIARDINO;GIARDINO STANDARD P8;San Donato - San Vitale;Via dell'Industria
44.483244286399184, 11.384678172685277;"{""coordinates"": [11.384678172685277, 44.483244286399184], ""type"": ""Point""}";GIARDINO;GIARDINO ALBERT BRUCE SABIN;Savena;Viale Lenin
44.50222143771933, 11.328257283530581;"{""coordinates"": [11.328257283530581, 44.50222143771933], ""type"": ""Point""}";GIARDINO;GIARDINO PIERFRANCESCO LORUSSO;Porto - Saragozza;Via dello Scalo
44.48953888236975, 11.345252368700868;"{""coordinates"": [11.345252368700868, 44.48953888236975], ""type"": ""Point""}";VERDE D'ARREDO;GIARDINO  SAN  DOMENICO;Santo Stefano;Piazza San Domenico
44.455121995572654, 11.350256310454661;"{""coordinates"": [11.350256310454661, 44.455121995572654], ""type"": ""Point""}";PARCO;PARCO JOLA CA BANDIERA;Savena;Via Jola
44.49351153566326, 11.299973951638608;"{""coordinates"": [11.299973951638608, 44.49351153566326], ""type"": ""Point""}";VERDE SPORTIVO;CENTRO SPORTIVO NETTUNO;Borgo Panigale - Reno;Via Fancelli
44.52205393316033, 11.292580860343358;"{""coordinates"": [11.292580860343358, 44.52205393316033], ""type"": ""Point""}";;;;
44.46711862195354, 11.384714224239417;"{""coordinates"": [11.384714224239417, 44.46711862195354], ""type"": ""Point""}";;;;
44.468118414861195, 11.380819068330709;"{""coordinates"": [11.380819068330709, 44.468118414861195], ""type"": ""Point""}";;;;
44.52485743860556, 11.32135351307438;"{""coordinates"": [11.32135351307438, 44.52485743860556], ""type"": ""Point""}";;;;
44.527950936032006, 11.360353975075464;"{""coordinates"": [11.360353975075464, 44.527950936032006], ""type"": ""Point""}";;;;
44.50196195857845, 11.361064336770047;"{""coordinates"": [11.361064336770047, 44.50196195857845], ""type"": ""Point""}";;;;
44.500792530471244, 11.366296623352744;"{""coordinates"": [11.366296623352744, 44.500792530471244], ""type"": ""Point""}";;;;
44.51465720361626, 11.394250387492894;"{""coordinates"": [11.394250387492894, 44.51465720361626], ""type"": ""Point""}";;;;
44.449005885932365, 11.32329210886715;"{""coordinates"": [11.32329210886715, 44.449005885932365], ""type"": ""Point""}";;;;
44.4475845248281, 11.357413786883246;"{""coordinates"": [11.357413786883246, 44.4475845248281], ""type"": ""Point""}";;;;
44.50832374961191, 11.387066574510676;"{""coordinates"": [11.387066574510676, 44.50832374961191], ""type"": ""Point""}";;;;
44.49740753248503, 11.292489534317577;"{""coordinates"": [11.292489534317577, 44.49740753248503], ""type"": ""Point""}";;;;
44.49530764553943, 11.299703658747005;"{""coordinates"": [11.299703658747005, 44.49530764553943], ""type"": ""Point""}";;;;
44.499638495959225, 11.298783665363617;"{""coordinates"": [11.298783665363617, 44.499638495959225], ""type"": ""Point""}";;;;
44.50216089990191, 11.306247244811063;"{""coordinates"": [11.306247244811063, 44.50216089990191], ""type"": ""Point""}";;;;
44.51183784672329, 11.360968962470029;"{""coordinates"": [11.360968962470029, 44.51183784672329], ""type"": ""Point""}";;;;
44.51173135241111, 11.360559729610062;"{""coordinates"": [11.360559729610062, 44.51173135241111], ""type"": ""Point""}";;;;
44.50748631498648, 11.364676839904984;"{""coordinates"": [11.364676839904984, 44.50748631498648], ""type"": ""Point""}";;;;
44.48034734466056, 11.311433702474757;"{""coordinates"": [11.311433702474757, 44.48034734466056], ""type"": ""Point""}";;;;
44.479372821237945, 11.347912357933103;"{""coordinates"": [11.347912357933103, 44.479372821237945], ""type"": ""Point""}";;;;
44.531030891428315, 11.349708904060243;"{""coordinates"": [11.349708904060243, 44.531030891428315], ""type"": ""Point""}";;;;
44.531277368830075, 11.34869620343128;"{""coordinates"": [11.34869620343128, 44.531277368830075], ""type"": ""Point""}";;;;
44.5054280056808, 11.33247777035996;"{""coordinates"": [11.33247777035996, 44.5054280056808], ""type"": ""Point""}";GIARDINO;CENTRO DIURNO;Porto - Saragozza;Via Bovi Campeggi
44.49957220370227, 11.29972154556724;"{""coordinates"": [11.29972154556724, 44.49957220370227], ""type"": ""Point""}";;;;
44.49166046492873, 11.284703500879282;"{""coordinates"": [11.284703500879282, 44.49166046492873], ""type"": ""Point""}";VERDE D'ARREDO;GIARDINO G. HORN D' ARTURO;Borgo Panigale - Reno;Via Masaccio
44.492250887256446, 11.348706018215577;"{""coordinates"": [11.348706018215577, 44.492250887256446], ""type"": ""Point""}";GIARDINO;GIARDINO PIAZZA SANTO STEFANO;Santo Stefano;Piazza Santo Stefano
44.49151831435291, 11.396382807851476;"{""coordinates"": [11.396382807851476, 44.49151831435291], ""type"": ""Point""}";VERDE D'ARREDO;AREA IACP VIA MATTEI;San Donato - San Vitale;Via Enrico Mattei
44.48224281015577, 11.387887383442603;"{""coordinates"": [11.387887383442603, 44.48224281015577], ""type"": ""Point""}";VERDE D'ARREDO;CINEMA FOSSOLO;Savena;Via Orlandi
44.52649885534933, 11.350160181986427;"{""coordinates"": [11.350160181986427, 44.52649885534933], ""type"": ""Point""}";PARCO;PARCO EX CASERME ROSSE;Navile;Via di Corticella
44.4921011421322, 11.312987781582633;"{""coordinates"": [11.312987781582633, 44.4921011421322], ""type"": ""Point""}";GIARDINO;GIARDINO ALDO CUCCHI;Porto - Saragozza;via XXI Aprile 1945
44.487795769311184, 11.385815298581624;"{""coordinates"": [11.385815298581624, 44.487795769311184], ""type"": ""Point""}";PARCO;GIARDINO VITTIME DELLA UNO BIANCA (EX SC. DON MARELLA);Savena;via Populonia
44.48347073357552, 11.340946440403513;"{""coordinates"": [11.340946440403513, 44.48347073357552], ""type"": ""Point""}";GIARDINO;GIARDINO REMO SCOTO;Santo Stefano;Via Codivilla
44.51876199179836, 11.273352731225032;"{""coordinates"": [11.273352731225032, 44.51876199179836], ""type"": ""Point""}";GIARDINO;GIARDINO DEI TASSI;Borgo Panigale - Reno;via Koch
44.521369677419386, 11.264785203455563;"{""coordinates"": [11.264785203455563, 44.521369677419386], ""type"": ""Point""}";GIARDINO;GIARDINO JERZJ POPIELUSZKO;Borgo Panigale - Reno;Via Normandia
44.51736104710564, 11.279114414164088;"{""coordinates"": [11.279114414164088, 44.51736104710564], ""type"": ""Point""}";VERDE D'ARREDO;SEDE QUARTIERE BORGO;Borgo Panigale - Reno;via delle scuole
44.48982451856791, 11.31091300776075;"{""coordinates"": [11.31091300776075, 44.48982451856791], ""type"": ""Point""}";GIARDINO;AREA V. DEL MELONCELLO;Porto - Saragozza;via del Meloncello
44.52296724170897, 11.262720537933061;"{""coordinates"": [11.262720537933061, 44.52296724170897], ""type"": ""Point""}";VERDE D'ARREDO;AREE VIA NORMANDIA;Borgo Panigale - Reno;Via Normandia
44.456946882164985, 11.36984726107985;"{""coordinates"": [11.36984726107985, 44.456946882164985], ""type"": ""Point""}";VERDE D'ARREDO;PIAZZA CHIESA S.RUFFILLO (Via Toscana);Savena;Via Toscana
44.49647823935681, 11.293294846002144;"{""coordinates"": [11.293294846002144, 44.49647823935681], ""type"": ""Point""}";GIARDINO;PIAZZA BONAZZI;Borgo Panigale - Reno;Piazza Bonazzi
44.490651794737346, 11.287605777499175;"{""coordinates"": [11.287605777499175, 44.490651794737346], ""type"": ""Point""}";GIARDINO;GIARDINO I.T.I.S.;Borgo Panigale - Reno;Rotonda Malaguti
44.503338608417344, 11.291165406247526;"{""coordinates"": [11.291165406247526, 44.503338608417344], ""type"": ""Point""}";VERDE D'ARREDO;AREA VERDE VIA DE PISIS;Borgo Panigale - Reno;Via De Pisis
44.51174920021206, 11.387452408341392;"{""coordinates"": [11.387452408341392, 44.51174920021206], ""type"": ""Point""}";VERDE D'ARREDO;VERDE VIA S.DONATO 177-177/5A;San Donato - San Vitale;Via San Donato, 177
44.49013598734832, 11.398161379220376;"{""coordinates"": [11.398161379220376, 44.49013598734832], ""type"": ""Point""}";GIARDINO;GIARDINO CENTRO SOCIALE  E PALESTRA VIA RIVANI;San Donato - San Vitale;Via Tommaso Martelli
44.52954689251683, 11.361905574033155;"{""coordinates"": [11.361905574033155, 44.52954689251683], ""type"": ""Point""}";GIARDINO;PARCO DOZZA;Navile;Via Andrea da Formigine
44.485712655934634, 11.386640105968876;"{""coordinates"": [11.386640105968876, 44.485712655934634], ""type"": ""Point""}";VERDE D'ARREDO;AREA V.LI LENIN-MARX;Savena;viali Lenin - Marx
44.49029095108195, 11.400767322092248;"{""coordinates"": [11.400767322092248, 44.49029095108195], ""type"": ""Point""}";VERDE D'ARREDO;GIARDINO PALLAVICINI;San Donato - San Vitale;Via Martiri Croce del Biacco
44.48290353495425, 11.367743271218279;"{""coordinates"": [11.367743271218279, 44.48290353495425], ""type"": ""Point""}";GIARDINO;GIARDINO SCUOLE MARCONI;Santo Stefano;Via Laura Bassi
44.50274040116481, 11.282547142619185;"{""coordinates"": [11.282547142619185, 44.50274040116481], ""type"": ""Point""}";PARCO;GIARDINO DEI BAMBU;Borgo Panigale - Reno;Via Caduti di Casteldebole
44.47125342374645, 11.380562114690662;"{""coordinates"": [11.380562114690662, 44.47125342374645], ""type"": ""Point""}";;;;
44.477883676108725, 11.390708787012843;"{""coordinates"": [11.390708787012843, 44.477883676108725], ""type"": ""Point""}";PARCO;AREA DUE MADONNE;Savena;via Emilia Levante
44.47392399360615, 11.393124840134751;"{""coordinates"": [11.393124840134751, 44.47392399360615], ""type"": ""Point""}";GIARDINO;AREA VIA FERRARA (HORTUS CONCLUSUS);Savena;via Ferrara
44.537432664436935, 11.351606543178008;"{""coordinates"": [11.351606543178008, 44.537432664436935], ""type"": ""Point""}";VERDE D'ARREDO;A.RONCAGLIO-ARCOVEGGIO E SP.;Navile;Via Roncaglio
44.49743032857307, 11.3384068602094;"{""coordinates"": [11.3384068602094, 44.49743032857307], ""type"": ""Point""}";GIARDINO;GIARDINO PINCHERLE;Porto - Saragozza;Via Pincherle
44.516913192153076, 11.27887100443838;"{""coordinates"": [11.27887100443838, 44.516913192153076], ""type"": ""Point""}";GIARDINO;P.ZZA BORGO PANIGALE;Borgo Panigale - Reno;via E. Lepido
44.50128298676531, 11.291263095975129;"{""coordinates"": [11.291263095975129, 44.50128298676531], ""type"": ""Point""}";VERDE D'ARREDO;AREA VERDE VIA DE PISIS;Borgo Panigale - Reno;Via De Pisis
44.49131071169582, 11.396257615424682;"{""coordinates"": [11.396257615424682, 44.49131071169582], ""type"": ""Point""}";VERDE D'ARREDO;AREA IACP VIA MATTEI;San Donato - San Vitale;Via Enrico Mattei
44.521680868745094, 11.334319556519498;"{""coordinates"": [11.334319556519498, 44.521680868745094], ""type"": ""Point""}";VERDE D'ARREDO;MUSEO DEL PATRIMONIO INDUSTRIALE - EX FORNACE GALLOTTI;Navile;Via Beverara
44.48983424919946, 11.344730296030418;"{""coordinates"": [11.344730296030418, 44.48983424919946], ""type"": ""Point""}";VERDE D'ARREDO;GIARDINO  SAN  DOMENICO;Santo Stefano;Piazza San Domenico
44.49691659354586, 11.383469026684944;"{""coordinates"": [11.383469026684944, 44.49691659354586], ""type"": ""Point""}";GIARDINO;BIBLIOTECA SCANDELLARA;San Donato - San Vitale;Via Scandellara 50
44.49924009709741, 11.330158225406285;"{""coordinates"": [11.330158225406285, 44.49924009709741], ""type"": ""Point""}";VERDE D'ARREDO;G.NO DECORATO AL VALORE CIVILE;Porto - Saragozza;Via Graziano
44.49316609234523, 11.397867210491688;"{""coordinates"": [11.397867210491688, 44.49316609234523], ""type"": ""Point""}";VERDE D'ARREDO;AREA IACP VIA MATTEI;San Donato - San Vitale;Via Enrico Mattei
44.49587952258299, 11.382757140371838;"{""coordinates"": [11.382757140371838, 44.49587952258299], ""type"": ""Point""}";VERDE D'ARREDO;VERDE PARCHEGGIO SCANDELLARA;San Donato - San Vitale;Via Scandellara
44.527465788075965, 11.316074909254494;"{""coordinates"": [11.316074909254494, 44.527465788075965], ""type"": ""Point""}";;;;
44.51999135935959, 11.298332892751471;"{""coordinates"": [11.298332892751471, 44.51999135935959], ""type"": ""Point""}";;;;
44.50445687249557, 11.359766981533134;"{""coordinates"": [11.359766981533134, 44.50445687249557], ""type"": ""Point""}";;;;
44.528120079324765, 11.369770015520821;"{""coordinates"": [11.369770015520821, 44.528120079324765], ""type"": ""Point""}";VERDE SPORTIVO;GIARDINO  C.S. DOZZA;Navile;Via Romita
44.505628078883156, 11.368853490895527;"{""coordinates"": [11.368853490895527, 44.505628078883156], ""type"": ""Point""}";;;;
44.52371198320803, 11.336901295413728;"{""coordinates"": [11.336901295413728, 44.52371198320803], ""type"": ""Point""}";PARCO;PERCORSO LUNGONAVILE;Navile;Via Yuri Gagarin - Via dei Terraioli
44.511051370243905, 11.37349687691255;"{""coordinates"": [11.37349687691255, 44.511051370243905], ""type"": ""Point""}";;;;
44.51691816229663, 11.396879932527835;"{""coordinates"": [11.396879932527835, 44.51691816229663], ""type"": ""Point""}";GIARDINO;GIARDINO COLLINA - MERAVILLE;San Donato - San Vitale;Viale Tito Carnacini
44.52142066037949, 11.296910289487055;"{""coordinates"": [11.296910289487055, 44.52142066037949], ""type"": ""Point""}";;;;
44.5207040005429, 11.297821854008188;"{""coordinates"": [11.297821854008188, 44.5207040005429], ""type"": ""Point""}";;;;
44.517889102178785, 11.27971638049536;"{""coordinates"": [11.27971638049536, 44.517889102178785], ""type"": ""Point""}";GIARDINO;GIARDINO DEGLI IPPOCASTANI;Borgo Panigale - Reno;Via Nani
44.42381217221848, 11.31593135726661;"{""coordinates"": [11.31593135726661, 44.42381217221848], ""type"": ""Point""}";PARCO;PARCO DEI CALANCHI DI SABBIUNO;Santo Stefano;Via di Sabbiuno
44.49689413697245, 11.31847109067323;"{""coordinates"": [11.31847109067323, 44.49689413697245], ""type"": ""Point""}";GIARDINO;GIARDINO CROCETTA;Porto - Saragozza;via Valdossola
44.52449735978711, 11.33208459170303;"{""coordinates"": [11.33208459170303, 44.52449735978711], ""type"": ""Point""}";GIARDINO;ALLOGGI EDILIZIA SOVVENZIONATA - CONTRATTI DI QUARTIERE;Navile;Via Beverara
44.45675867716513, 11.352909995969128;"{""coordinates"": [11.352909995969128, 44.45675867716513], ""type"": ""Point""}";PARCO;PARCO JOLA CA BANDIERA;Savena;Via Jola
44.52680443205157, 11.317555351491517;"{""coordinates"": [11.317555351491517, 44.52680443205157], ""type"": ""Point""}";GIARDINO;PARCO P.E.E.P. PESCAROLA;Navile;Via Zanardi
44.50951959107809, 11.357940643810847;"{""coordinates"": [11.357940643810847, 44.50951959107809], ""type"": ""Point""}";VERDE D'ARREDO;GIARDINO PAOLO LACCHINI;San Donato - San Vitale;Via Serena
44.493301974822714, 11.291608728709392;"{""coordinates"": [11.291608728709392, 44.493301974822714], ""type"": ""Point""}";GIARDINO;GIARDINO TERESA NOCE;Borgo Panigale - Reno;Via del Beccaccino
44.47514794901699, 11.380515032444832;"{""coordinates"": [11.380515032444832, 44.47514794901699], ""type"": ""Point""}";GIARDINO;SC. GRAZIANO -CENTRO CIV.CERVI;Savena;via Lombardia
44.46651160483109, 11.383734613486775;"{""coordinates"": [11.383734613486775, 44.46651160483109], ""type"": ""Point""}";;;;
44.51206719195404, 11.339022213511596;"{""coordinates"": [11.339022213511596, 44.51206719195404], ""type"": ""Point""}";;;;
44.519589508040674, 11.32643980424453;"{""coordinates"": [11.32643980424453, 44.519589508040674], ""type"": ""Point""}";;;;
44.5257790256627, 11.319119309707654;"{""coordinates"": [11.319119309707654, 44.5257790256627], ""type"": ""Point""}";;;;
44.53301898563891, 11.319064973136594;"{""coordinates"": [11.319064973136594, 44.53301898563891], ""type"": ""Point""}";;;;
44.54162318166727, 11.351901727386933;"{""coordinates"": [11.351901727386933, 44.54162318166727], ""type"": ""Point""}";;;;
44.499551539046074, 11.337338556045347;"{""coordinates"": [11.337338556045347, 44.499551539046074], ""type"": ""Point""}";;;;
44.50081990986213, 11.337185249291265;"{""coordinates"": [11.337185249291265, 44.50081990986213], ""type"": ""Point""}";;;;
44.499485170805734, 11.330184758346125;"{""coordinates"": [11.330184758346125, 44.499485170805734], ""type"": ""Point""}";;;;
44.48947559817863, 11.315012435231004;"{""coordinates"": [11.315012435231004, 44.48947559817863], ""type"": ""Point""}";;;;
44.502570114776226, 11.361878783836685;"{""coordinates"": [11.361878783836685, 44.502570114776226], ""type"": ""Point""}";;;;
44.513000723989144, 11.388376520565922;"{""coordinates"": [11.388376520565922, 44.513000723989144], ""type"": ""Point""}";;;;
44.44513257451942, 11.297458563584705;"{""coordinates"": [11.297458563584705, 44.44513257451942], ""type"": ""Point""}";;;;
44.50803374279291, 11.382954048433497;"{""coordinates"": [11.382954048433497, 44.50803374279291], ""type"": ""Point""}";;;;
44.50705722265665, 11.388221686416816;"{""coordinates"": [11.388221686416816, 44.50705722265665], ""type"": ""Point""}";;;;
44.50968243975114, 11.38635179781698;"{""coordinates"": [11.38635179781698, 44.50968243975114], ""type"": ""Point""}";;;;
44.510420564451465, 11.385233551184436;"{""coordinates"": [11.385233551184436, 44.510420564451465], ""type"": ""Point""}";;;;
44.509659910973006, 11.294096860246539;"{""coordinates"": [11.294096860246539, 44.509659910973006], ""type"": ""Point""}";;;;
44.51079208448674, 11.294853007969499;"{""coordinates"": [11.294853007969499, 44.51079208448674], ""type"": ""Point""}";;;;
44.50360990996114, 11.291264788005746;"{""coordinates"": [11.291264788005746, 44.50360990996114], ""type"": ""Point""}";;;;
44.498594184680805, 11.290676582084748;"{""coordinates"": [11.290676582084748, 44.498594184680805], ""type"": ""Point""}";;;;
44.497779052520116, 11.303648652636385;"{""coordinates"": [11.303648652636385, 44.497779052520116], ""type"": ""Point""}";;;;
44.49920266650242, 11.298467443238959;"{""coordinates"": [11.298467443238959, 44.49920266650242], ""type"": ""Point""}";;;;
44.5024894104511, 11.302761428385086;"{""coordinates"": [11.302761428385086, 44.5024894104511], ""type"": ""Point""}";;;;
44.505546360860855, 11.30435851396028;"{""coordinates"": [11.30435851396028, 44.505546360860855], ""type"": ""Point""}";;;;
44.50723192309273, 11.304754201230262;"{""coordinates"": [11.304754201230262, 44.50723192309273], ""type"": ""Point""}";;;;
44.505629512533595, 11.31013243503439;"{""coordinates"": [11.31013243503439, 44.505629512533595], ""type"": ""Point""}";;;;
44.505352203753304, 11.310350349762782;"{""coordinates"": [11.310350349762782, 44.505352203753304], ""type"": ""Point""}";;;;
44.49970116692453, 11.314514896837155;"{""coordinates"": [11.314514896837155, 44.49970116692453], ""type"": ""Point""}";;;;
44.50061051034004, 11.315051491375119;"{""coordinates"": [11.315051491375119, 44.50061051034004], ""type"": ""Point""}";;;;
44.50086590476326, 11.312971061101615;"{""coordinates"": [11.312971061101615, 44.50086590476326], ""type"": ""Point""}";;;;
44.508655073317975, 11.287942329784066;"{""coordinates"": [11.287942329784066, 44.508655073317975], ""type"": ""Point""}";;;;
44.509047561789224, 11.285795699152017;"{""coordinates"": [11.285795699152017, 44.509047561789224], ""type"": ""Point""}";;;;
44.50805696375341, 11.285811103989627;"{""coordinates"": [11.285811103989627, 44.50805696375341], ""type"": ""Point""}";;;;
44.49546886721241, 11.279307918304214;"{""coordinates"": [11.279307918304214, 44.49546886721241], ""type"": ""Point""}";;;;
44.51455345168342, 11.278007883965127;"{""coordinates"": [11.278007883965127, 44.51455345168342], ""type"": ""Point""}";;;;
44.51862367768999, 11.286333194029522;"{""coordinates"": [11.286333194029522, 44.51862367768999], ""type"": ""Point""}";;;;
44.51143430695536, 11.291049083664552;"{""coordinates"": [11.291049083664552, 44.51143430695536], ""type"": ""Point""}";;;;
44.51359265865964, 11.354914191514101;"{""coordinates"": [11.354914191514101, 44.51359265865964], ""type"": ""Point""}";;;;
44.513387707341884, 11.355713903518678;"{""coordinates"": [11.355713903518678, 44.513387707341884], ""type"": ""Point""}";;;;
44.51371589736052, 11.35419150369757;"{""coordinates"": [11.35419150369757, 44.51371589736052], ""type"": ""Point""}";;;;
44.51146712595734, 11.361443833333716;"{""coordinates"": [11.361443833333716, 44.51146712595734], ""type"": ""Point""}";;;;
44.510799024847984, 11.356574565098153;"{""coordinates"": [11.356574565098153, 44.510799024847984], ""type"": ""Point""}";;;;
44.50778436510544, 11.368063894852332;"{""coordinates"": [11.368063894852332, 44.50778436510544], ""type"": ""Point""}";;;;
44.507697964059716, 11.367958070315712;"{""coordinates"": [11.367958070315712, 44.507697964059716], ""type"": ""Point""}";;;;
44.50745550531129, 11.378902872549189;"{""coordinates"": [11.378902872549189, 44.50745550531129], ""type"": ""Point""}";;;;
44.514512930262924, 11.39283353417664;"{""coordinates"": [11.39283353417664, 44.514512930262924], ""type"": ""Point""}";;;;
44.5145236466717, 11.392195907854733;"{""coordinates"": [11.392195907854733, 44.5145236466717], ""type"": ""Point""}";;;;
44.51354979302462, 11.398267088311588;"{""coordinates"": [11.398267088311588, 44.51354979302462], ""type"": ""Point""}";;;;
44.512120157116954, 11.395522013227215;"{""coordinates"": [11.395522013227215, 44.512120157116954], ""type"": ""Point""}";;;;
44.54795783737564, 11.362404291469893;"{""coordinates"": [11.362404291469893, 44.54795783737564], ""type"": ""Point""}";;;;
44.546635700443446, 11.361501434030894;"{""coordinates"": [11.361501434030894, 44.546635700443446], ""type"": ""Point""}";;;;
44.546253258605404, 11.362479306331297;"{""coordinates"": [11.362479306331297, 44.546253258605404], ""type"": ""Point""}";;;;
44.52920914534221, 11.356696464248033;"{""coordinates"": [11.356696464248033, 44.52920914534221], ""type"": ""Point""}";;;;
44.51875122652657, 11.277377498389626;"{""coordinates"": [11.277377498389626, 44.51875122652657], ""type"": ""Point""}";;;;
44.518600527028184, 11.27679814254038;"{""coordinates"": [11.27679814254038, 44.518600527028184], ""type"": ""Point""}";;;;
44.53239053579127, 11.35011277871584;"{""coordinates"": [11.35011277871584, 44.53239053579127], ""type"": ""Point""}";;;;
44.498697476836234, 11.379289541148978;"{""coordinates"": [11.379289541148978, 44.498697476836234], ""type"": ""Point""}";;;;
44.494882337190994, 11.355340508380365;"{""coordinates"": [11.355340508380365, 44.494882337190994], ""type"": ""Point""}";GIARDINO;GIARDINO BELMELORO;Santo Stefano;Via Belmerolo
44.476206378195364, 11.369439383131667;"{""coordinates"": [11.369439383131667, 44.476206378195364], ""type"": ""Point""}";GIARDINO;AREA ROMAGNOLI;Santo Stefano;via Romagnoli
44.48433320817348, 11.339519479022671;"{""coordinates"": [11.339519479022671, 44.48433320817348], ""type"": ""Point""}";GIARDINO;GIARD. CASA DELL'ANGELO;Santo Stefano;Via S. Mamolo
44.48899893577877, 11.340755785505355;"{""coordinates"": [11.340755785505355, 44.48899893577877], ""type"": ""Point""}";GIARDINO;GIARDINO E CORTILI EX MATERNITA;Santo Stefano;via D'Azeglio
44.4743057978322, 11.379094270317747;"{""coordinates"": [11.379094270317747, 44.4743057978322], ""type"": ""Point""}";;;;
44.49108532131877, 11.292065555616528;"{""coordinates"": [11.292065555616528, 44.49108532131877], ""type"": ""Point""}";GIARDINO;AREA LORENZETTI-WILIGELMO;Borgo Panigale - Reno;Via Vitale da Bologna
44.52423023526536, 11.321364312659528;"{""coordinates"": [11.321364312659528, 44.52423023526536], ""type"": ""Point""}";GIARDINO;AREA CA' BIANCA ZUCCHELLI (EST.SC.);Navile;Via Ca' Bianca
44.52305933109969, 11.361090375910829;"{""coordinates"": [11.361090375910829, 44.52305933109969], ""type"": ""Point""}";GIARDINO;PARCHEGGIO DELLA MANIFATTURA TABACCHI;Navile;Via Stalingrado
44.507222685619055, 11.332594960209535;"{""coordinates"": [11.332594960209535, 44.507222685619055], ""type"": ""Point""}";VERDE D'ARREDO;PERCORSO LUNGONAVILE BOVA;Porto - Saragozza;Via Bovi Campeggi
44.47094779253849, 11.387634935555981;"{""coordinates"": [11.387634935555981, 44.47094779253849], ""type"": ""Point""}";PARCO;GIARDINO ANGIOLA SBAIZ;Savena;Via Portazza
44.49085058983799, 11.36978136242825;"{""coordinates"": [11.36978136242825, 44.49085058983799], ""type"": ""Point""}";GIARDINO;GIARDINO SCIPIO SLATAPER;San Donato - San Vitale;Via Bondi
44.48293473665492, 11.391261267342621;"{""coordinates"": [11.391261267342621, 44.48293473665492], ""type"": ""Point""}";VERDE D'ARREDO;AREA VIA LINCOLN;Savena;Via Lincoln
44.50343480263903, 11.372733007374064;"{""coordinates"": [11.372733007374064, 44.50343480263903], ""type"": ""Point""}";GIARDINO;GIARDINO G.CERVI;San Donato - San Vitale;Via Megazzari Melato
44.503837926220754, 11.3769092982155;"{""coordinates"": [11.3769092982155, 44.503837926220754], ""type"": ""Point""}";VERDE D'ARREDO;GIARDINO VIA DELLA CAMPAGNA;San Donato - San Vitale;Via della Campagna
44.47885784827808, 11.295200898441452;"{""coordinates"": [11.295200898441452, 44.47885784827808], ""type"": ""Point""}";VERDE D'ARREDO;AREA VIA MONTE ALBANO;Porto - Saragozza;Via Monte Albano
44.5045403281094, 11.377622940585155;"{""coordinates"": [11.377622940585155, 44.5045403281094], ""type"": ""Point""}";GIARDINO;GIARDINO VIA DELLA CAMPAGNA;San Donato - San Vitale;Via della Campagna
44.52198863004435, 11.314183131100119;"{""coordinates"": [11.314183131100119, 44.52198863004435], ""type"": ""Point""}";;;;
44.482021224926164, 11.389002512919806;"{""coordinates"": [11.389002512919806, 44.482021224926164], ""type"": ""Point""}";GIARDINO;AREA ABRAMO LINCOLN NUOVA;Savena;Viale Abramo Lincoln
44.470451184282965, 11.37408034525184;"{""coordinates"": [11.37408034525184, 44.470451184282965], ""type"": ""Point""}";GIARDINO;AREA VIA DELLE ARMI;Savena;Via Delle Armi
44.54080961443283, 11.356101911668352;"{""coordinates"": [11.356101911668352, 44.54080961443283], ""type"": ""Point""}";;;;
44.49087471762705, 11.396943789235852;"{""coordinates"": [11.396943789235852, 44.49087471762705], ""type"": ""Point""}";GIARDINO;G.NO BELLA FUORI 3 MARTELLI;San Donato - San Vitale;Via Tommaso Martelli 37
44.50066302106359, 11.280893932566357;"{""coordinates"": [11.280893932566357, 44.50066302106359], ""type"": ""Point""}";PARCO;AREA VIA BRIGATA BOLERO;Borgo Panigale - Reno;via Bigata Bolero
44.50282713607641, 11.334408156540734;"{""coordinates"": [11.334408156540734, 44.50282713607641], ""type"": ""Point""}";VERDE D'ARREDO;MURA DI PORTA LAME;Porto - Saragozza;Via Pietramellara
44.50122468190262, 11.347463108927151;"{""coordinates"": [11.347463108927151, 44.50122468190262], ""type"": ""Point""}";VERDE D'ARREDO;ALBERGO DEL PALLONE;Santo Stefano;Via del Pallone, 4
44.47770680852676, 11.369869979031103;"{""coordinates"": [11.369869979031103, 44.47770680852676], ""type"": ""Point""}";GIARDINO;GIARDINO VIA B.GIGLI;Santo Stefano;via degli Orti
44.499213881210615, 11.304933670355956;"{""coordinates"": [11.304933670355956, 44.499213881210615], ""type"": ""Point""}";VERDE D'ARREDO;GIARDINO PERSEGUITATI ANTIFASCISTI;Borgo Panigale - Reno;Viale Gandhi
44.49159398134802, 11.297452254664126;"{""coordinates"": [11.297452254664126, 44.49159398134802], ""type"": ""Point""}";GIARDINO;GIARDINO VIA GRIECO;Borgo Panigale - Reno;Via Grieco
44.50099972606242, 11.2866494544384;"{""coordinates"": [11.2866494544384, 44.50099972606242], ""type"": ""Point""}";PARCO;AREA VERDE BOSCHETTO;Borgo Panigale - Reno;Via Chiarini
44.50745924179666, 11.388805421163358;"{""coordinates"": [11.388805421163358, 44.50745924179666], ""type"": ""Point""}";GIARDINO;GIARDINO AURELIA ZAMA;San Donato - San Vitale;Via Terrapieno
44.46184913891505, 11.377885863789034;"{""coordinates"": [11.377885863789034, 44.46184913891505], ""type"": ""Point""}";PARCO;NUOVA;;
44.50489083298841, 11.280911696210953;"{""coordinates"": [11.280911696210953, 44.50489083298841], ""type"": ""Point""}";VERDE D'ARREDO;AREA VIA EINAUDI-DE NICOLA;Borgo Panigale - Reno;Via Luigi Einaudi
44.51370196727189, 11.321844914582327;"{""coordinates"": [11.321844914582327, 44.51370196727189], ""type"": ""Point""}";GIARDINO;ALLOGGI SOCIALI PER IMMIGRATI;Navile;Via Lazzaretto
44.503345571942035, 11.301655753042047;"{""coordinates"": [11.301655753042047, 44.503345571942035], ""type"": ""Point""}";GIARDINO;AREA VERDE MELOZZO/ INNOCENZO DA IMOLA;Borgo Panigale - Reno;Via Melozzo da Forl
44.516679405837166, 11.279799137852626;"{""coordinates"": [11.279799137852626, 44.516679405837166], ""type"": ""Point""}";GIARDINO;G.NO LEPIDO 23;Borgo Panigale - Reno;Via Marco Emilio Lepido, 23
44.49004183578129, 11.294584386418261;"{""coordinates"": [11.294584386418261, 44.49004183578129], ""type"": ""Point""}";GIARDINO;GIARDINO DEL GHISELLO (EX GIARDINO CALDA);Borgo Panigale - Reno;via Treves
44.46269446071349, 11.379378567019899;"{""coordinates"": [11.379378567019899, 44.46269446071349], ""type"": ""Point""}";PARCO;NUOVA;;
44.460615698751944, 11.379034306030364;"{""coordinates"": [11.379034306030364, 44.460615698751944], ""type"": ""Point""}";PARCO;NUOVA;;
44.516936913076684, 11.333668508788127;"{""coordinates"": [11.333668508788127, 44.516936913076684], ""type"": ""Point""}";;;;
44.52311323467433, 11.328442883125044;"{""coordinates"": [11.328442883125044, 44.52311323467433], ""type"": ""Point""}";;;;
44.541101550585026, 11.354364726529692;"{""coordinates"": [11.354364726529692, 44.541101550585026], ""type"": ""Point""}";;;;
44.5379733165651, 11.35318814570693;"{""coordinates"": [11.35318814570693, 44.5379733165651], ""type"": ""Point""}";;;;
44.50096273742033, 11.336830120987509;"{""coordinates"": [11.336830120987509, 44.50096273742033], ""type"": ""Point""}";;;;
44.48991261945735, 11.313886115736478;"{""coordinates"": [11.313886115736478, 44.48991261945735], ""type"": ""Point""}";;;;
44.50104436607735, 11.365253113048615;"{""coordinates"": [11.365253113048615, 44.50104436607735], ""type"": ""Point""}";;;;
44.50675246972841, 11.292734483579938;"{""coordinates"": [11.292734483579938, 44.50675246972841], ""type"": ""Point""}";;;;
44.5024072828135, 11.292748410461078;"{""coordinates"": [11.292748410461078, 44.5024072828135], ""type"": ""Point""}";;;;
44.49740630364258, 11.291286087941604;"{""coordinates"": [11.291286087941604, 44.49740630364258], ""type"": ""Point""}";;;;
44.49778355827578, 11.303584752828806;"{""coordinates"": [11.303584752828806, 44.49778355827578], ""type"": ""Point""}";;;;
44.50263769077377, 11.302033953652703;"{""coordinates"": [11.302033953652703, 44.50263769077377], ""type"": ""Point""}";;;;
44.50176644147437, 11.302325189314146;"{""coordinates"": [11.302325189314146, 44.50176644147437], ""type"": ""Point""}";;;;
44.50574322412205, 11.287085686857896;"{""coordinates"": [11.287085686857896, 44.50574322412205], ""type"": ""Point""}";;;;
44.50176743646782, 11.280993743359055;"{""coordinates"": [11.280993743359055, 44.50176743646782], ""type"": ""Point""}";;;;
44.50806567083569, 11.366366013837597;"{""coordinates"": [11.366366013837597, 44.50806567083569], ""type"": ""Point""}";;;;
44.511494921642914, 11.330371606100762;"{""coordinates"": [11.330371606100762, 44.511494921642914], ""type"": ""Point""}";;;;
44.53227600417252, 11.350730311771333;"{""coordinates"": [11.350730311771333, 44.53227600417252], ""type"": ""Point""}";;;;
44.53187547839467, 11.342538287040608;"{""coordinates"": [11.342538287040608, 44.53187547839467], ""type"": ""Point""}";;;;
44.51179850645583, 11.388863551791614;"{""coordinates"": [11.388863551791614, 44.51179850645583], ""type"": ""Point""}";;;;
44.51143968445946, 11.390426639392263;"{""coordinates"": [11.390426639392263, 44.51143968445946], ""type"": ""Point""}";;;;
44.49427076064067, 11.367681940520594;"{""coordinates"": [11.367681940520594, 44.49427076064067], ""type"": ""Point""}";GIARDINO;GIARDINO SCIPIONE DEL FERRO;San Donato - San Vitale;Via Scipione dal Ferro 6
44.47490311597671, 11.380236677751135;"{""coordinates"": [11.380236677751135, 44.47490311597671], ""type"": ""Point""}";GIARDINO;SC. GRAZIANO -CENTRO CIV.CERVI;Savena;via Lombardia
44.52160985772294, 11.264901676069606;"{""coordinates"": [11.264901676069606, 44.52160985772294], ""type"": ""Point""}";VERDE D'ARREDO;GIARDINO JERZJ POPIELUSZKO;Borgo Panigale - Reno;Via Normandia
44.498534721378, 11.310173392997788;"{""coordinates"": [11.310173392997788, 44.498534721378], ""type"": ""Point""}";;;;
44.530016632935435, 11.363708478475456;"{""coordinates"": [11.363708478475456, 44.530016632935435], ""type"": ""Point""}";GIARDINO;PARCO DOZZA;Navile;Via Andrea da Formigine
44.50788771534769, 11.353359426015473;"{""coordinates"": [11.353359426015473, 44.50788771534769], ""type"": ""Point""}";;;;
44.52827734357682, 11.365439101890539;"{""coordinates"": [11.365439101890539, 44.52827734357682], ""type"": ""Point""}";;;;
44.52199935745991, 11.334666876179092;"{""coordinates"": [11.334666876179092, 44.52199935745991], ""type"": ""Point""}";VERDE D'ARREDO;MUSEO DEL PATRIMONIO INDUSTRIALE - EX FORNACE GALLOTTI;Navile;Via della Beverara
44.42217428221241, 11.316325892961057;"{""coordinates"": [11.316325892961057, 44.42217428221241], ""type"": ""Point""}";PARCO;PARCO DEI CALANCHI DI SABBIUNO;Santo Stefano;Via di Sabbiuno
44.50542860470904, 11.35729443756225;"{""coordinates"": [11.35729443756225, 44.50542860470904], ""type"": ""Point""}";PARCO;AREA VIA FREGOLI;San Donato - San Vitale;Via Vestri
44.50653889239657, 11.276747166999433;"{""coordinates"": [11.276747166999433, 44.50653889239657], ""type"": ""Point""}";VERDE D'ARREDO;PARCO DELLE QUERCE;Borgo Panigale - Reno;via Galeazza
44.44502663949307, 11.304248324844362;"{""coordinates"": [11.304248324844362, 44.44502663949307], ""type"": ""Point""}";PARCO;PARCO CAVAIONI;Santo Stefano;Via Cavaioni
44.4978007619574, 11.312846196316139;"{""coordinates"": [11.312846196316139, 44.4978007619574], ""type"": ""Point""}";VERDE D'ARREDO;VIA TOFANE;Porto - Saragozza;Via Tofane
44.487604410970164, 11.361190745039213;"{""coordinates"": [11.361190745039213, 44.487604410970164], ""type"": ""Point""}";GIARDINO;G.NO PADRE E. CAROLI (EX PIAZZA TRENTO TRIESTE);Santo Stefano;Piazza Trento Trieste
44.48143722956826, 11.340843794629533;"{""coordinates"": [11.340843794629533, 44.48143722956826], ""type"": ""Point""}";PARCO;PARCO DEL BELVEDERE DI SAN MICHELE IN BOSCO;Santo Stefano;Via Cesare Pupilli, 1
44.51234601164825, 11.388905750720012;"{""coordinates"": [11.388905750720012, 44.51234601164825], ""type"": ""Point""}";GIARDINO;G.NO CIRCOLO LA FATTORIA;San Donato - San Vitale;Via Luigi Pirandello, 5
44.47980019417616, 11.37034454430333;"{""coordinates"": [11.37034454430333, 44.47980019417616], ""type"": ""Point""}";GIARDINO;VIA DAGNINI-G.NO L.LERCARO;Santo Stefano;Via Dagnini
44.49624948487478, 11.33217908908218;"{""coordinates"": [11.33217908908218, 44.49624948487478], ""type"": ""Point""}";GIARDINO;GIARDINO SALA BENJAMIN;Porto - Saragozza;via Del Pratello
44.485431913695344, 11.380940410257484;"{""coordinates"": [11.380940410257484, 44.485431913695344], ""type"": ""Point""}";VERDE D'ARREDO;AREA VIA ROSELLE-VETULONIA;Savena;via Roselle
44.486248105992615, 11.31526845671394;"{""coordinates"": [11.31526845671394, 44.486248105992615], ""type"": ""Point""}";GIARDINO;AREA VIA DOTTI;Porto - Saragozza;via Del Ravone
44.49432610423168, 11.387499694827454;"{""coordinates"": [11.387499694827454, 44.49432610423168], ""type"": ""Point""}";VERDE D'ARREDO;GIARDINO MERIDIANA;San Donato - San Vitale;Via Della Robbia
44.52641540844094, 11.321362860224406;"{""coordinates"": [11.321362860224406, 44.52641540844094], ""type"": ""Point""}";VERDE D'ARREDO;GIARDINO MEDEA  ZANARDI;Navile;Via Molino di Pescarola
44.50473951777692, 11.359714739040372;"{""coordinates"": [11.359714739040372, 44.50473951777692], ""type"": ""Point""}";;;;
44.52321164019537, 11.314752440316102;"{""coordinates"": [11.314752440316102, 44.52321164019537], ""type"": ""Point""}";;;;
44.50211997277355, 11.29125108523775;"{""coordinates"": [11.29125108523775, 44.50211997277355], ""type"": ""Point""}";VERDE D'ARREDO;AREA VERDE VIA DE PISIS;Borgo Panigale - Reno;Via De Pisis
44.48504757566669, 11.354655467416826;"{""coordinates"": [11.354655467416826, 44.48504757566669], ""type"": ""Point""}";PARCO;GIARDINO BARACCANO;Santo Stefano;P.zza Baraccano
44.504358807462616, 11.338419615499063;"{""coordinates"": [11.338419615499063, 44.504358807462616], ""type"": ""Point""}";VERDE D'ARREDO;GIARDINO GRAZIELLA FAVA;Porto - Saragozza;Via Milazzo
44.50869879166881, 11.372278304220133;"{""coordinates"": [11.372278304220133, 44.50869879166881], ""type"": ""Point""}";VERDE SPORTIVO;CENTRO SPORTIVO SAN DONATO;San Donato - San Vitale;Via Michelino
44.47568693427281, 11.39580832861801;"{""coordinates"": [11.39580832861801, 44.47568693427281], ""type"": ""Point""}";PARCO;AREA VIA DOZZA;Savena;via Dozza
44.52225382772073, 11.264192850507499;"{""coordinates"": [11.264192850507499, 44.52225382772073], ""type"": ""Point""}";GIARDINO;GIARDINO JERZJ POPIELUSZKO;Borgo Panigale - Reno;Via Normandia
44.493099871098295, 11.28712888738078;"{""coordinates"": [11.28712888738078, 44.493099871098295], ""type"": ""Point""}";;;;
44.51982468426916, 11.337561750742426;"{""coordinates"": [11.337561750742426, 44.51982468426916], ""type"": ""Point""}";GIARDINO;PARCO DI VILLA GROSSO;Navile;Via Piero Gobetti
44.46074983435059, 11.36149422052205;"{""coordinates"": [11.36149422052205, 44.46074983435059], ""type"": ""Point""}";GIARDINO;AREA VIA DELL'ANGELO CUSTODE;Savena;Via dell'Angelo Custode
44.477977768282045, 11.38291003225773;"{""coordinates"": [11.38291003225773, 44.477977768282045], ""type"": ""Point""}";GIARDINO;GIARDINO PARTIGIANI DEL PONTEVECCHIO;Savena;via Friuli Venezia Giulia
44.491567342468485, 11.378060992989182;"{""coordinates"": [11.378060992989182, 44.491567342468485], ""type"": ""Point""}";GIARDINO;CENTRO ANZIANI R.RUOZI;San Donato - San Vitale;Via Castelmerlo, 13
44.48124457027061, 11.38180794805096;"{""coordinates"": [11.38180794805096, 44.48124457027061], ""type"": ""Point""}";GIARDINO;GIARDINO VITTORINA DAL MONTE;Savena;via Emilia Levante
44.50089759544397, 11.308216585367898;"{""coordinates"": [11.308216585367898, 44.50089759544397], ""type"": ""Point""}";GIARDINO;AREA VIA CIVIDALI;Porto - Saragozza;Via Cividali
44.48886933590126, 11.289574620593013;"{""coordinates"": [11.289574620593013, 44.48886933590126], ""type"": ""Point""}";GIARDINO;GIARDINO DEL GHISELLO (EX GIARDINO CALDA);Borgo Panigale - Reno;via Treves
44.49725967904077, 11.327733752542507;"{""coordinates"": [11.327733752542507, 44.49725967904077], ""type"": ""Point""}";VERDE D'ARREDO;AREA VIALE VICINI-VIA DELLA GRADA;Porto - Saragozza;Viale Giovanni Vicini
44.51736993702667, 11.280562276888062;"{""coordinates"": [11.280562276888062, 44.51736993702667], ""type"": ""Point""}";VERDE D'ARREDO;GIARDINO DEGLI IPPOCASTANI;Borgo Panigale - Reno;Via Nani
44.49564082051162, 11.292294231952553;"{""coordinates"": [11.292294231952553, 44.49564082051162], ""type"": ""Point""}";VERDE D'ARREDO;VIA DELLA BARCA 44;Borgo Panigale - Reno;Via della Barca
44.495141784933125, 11.285609949802597;"{""coordinates"": [11.285609949802597, 44.495141784933125], ""type"": ""Point""}";GIARDINO;GIARDINO GIOVANNI XXIII;Borgo Panigale - Reno;Piazza Giovanni XXIII
44.54964220146628, 11.361634246120579;"{""coordinates"": [11.361634246120579, 44.54964220146628], ""type"": ""Point""}";VERDE D'ARREDO;GIARDINO GUIDO GRANDI (EX P.E.E.P. CORTICELLA);Navile;Via Shakespeare
44.529704182123, 11.343049730807628;"{""coordinates"": [11.343049730807628, 44.529704182123], ""type"": ""Point""}";PARCO;FASCIA BOSCATA;Navile;Via Arcoveggio
44.53534484606557, 11.35295191958545;"{""coordinates"": [11.35295191958545, 44.53534484606557], ""type"": ""Point""}";VERDE D'ARREDO;Giardino Papini Corticella;Navile;Via Giovanni Papini
44.52384547919223, 11.400255633253632;"{""coordinates"": [11.400255633253632, 44.52384547919223], ""type"": ""Point""}";GIARDINO;GIARDINO OSTELLO COMUNALE;San Donato - San Vitale;Via Viadagola
44.50021638665697, 11.361061679144049;"{""coordinates"": [11.361061679144049, 44.50021638665697], ""type"": ""Point""}";GIARDINO;C. ACCOGL. BELTRAME - C. DIURNO SABATUCCI;San Donato - San Vitale;Via Francesco Sabatucci
44.5086746152663, 11.363984955627693;"{""coordinates"": [11.363984955627693, 44.5086746152663], ""type"": ""Point""}";VERDE D'ARREDO;PIAZZA  COSTITITUZIONE E  AREA LIMITROFA;San Donato - San Vitale;Piazza della Costituzione
44.51215576934498, 11.3633534525304;"{""coordinates"": [11.3633534525304, 44.51215576934498], ""type"": ""Point""}";VERDE D'ARREDO;PIAZZA  COSTITITUZIONE E  AREA LIMITROFA;San Donato - San Vitale;Piazza della Costituzione
44.46384715356033, 11.37514535225644;"{""coordinates"": [11.37514535225644, 44.46384715356033], ""type"": ""Point""}";GIARDINO;GIARDINO CENTRO CIVICO CORELLI;Savena;Via Amilcare Ponchielli
44.5114855612444, 11.391166607356253;"{""coordinates"": [11.391166607356253, 44.5114855612444], ""type"": ""Point""}";;;;
44.52328692183537, 11.342422205076122;"{""coordinates"": [11.342422205076122, 44.52328692183537], ""type"": ""Point""}";GIARDINO;ARREDO ORTI ERBOSA;Navile;Via Erbosa
44.52454121243139, 11.265469422341045;"{""coordinates"": [11.265469422341045, 44.52454121243139], ""type"": ""Point""}";VERDE D'ARREDO;AREE VIA NORMANDIA;Borgo Panigale - Reno;Via Normandia
44.510269416829786, 11.395791355929406;"{""coordinates"": [11.395791355929406, 44.510269416829786], ""type"": ""Point""}";;;;
44.5491627635869, 11.359822641619274;"{""coordinates"": [11.359822641619274, 44.5491627635869], ""type"": ""Point""}";;;;
44.510783892203584, 11.394164368521182;"{""coordinates"": [11.394164368521182, 44.510783892203584], ""type"": ""Point""}";;;;
44.4722122873727, 11.37737257725168;"{""coordinates"": [11.37737257725168, 44.4722122873727], ""type"": ""Point""}";;;;
44.4981619912854, 11.311361909708173;"{""coordinates"": [11.311361909708173, 44.4981619912854], ""type"": ""Point""}";;;;
44.53451447661169, 11.352763103130822;"{""coordinates"": [11.352763103130822, 44.53451447661169], ""type"": ""Point""}";VERDE D'ARREDO;Giardino Papini Corticella;Navile;Via Giovanni Papini
44.46673311222992, 11.385269990996282;"{""coordinates"": [11.385269990996282, 44.46673311222992], ""type"": ""Point""}";GIARDINO;"CENTRO SOC. ""CASA DEL GUFO""";Savena;via Longo
44.51923727196939, 11.291725652988879;"{""coordinates"": [11.291725652988879, 44.51923727196939], ""type"": ""Point""}";VERDE D'ARREDO;VERDE PARCHEGGIO VIA CALVI;Borgo Panigale - Reno;Via Pier Fortunato Calvi
44.510800276769636, 11.400036596991557;"{""coordinates"": [11.400036596991557, 44.510800276769636], ""type"": ""Point""}";;;;
44.50247655836783, 11.276804021423981;"{""coordinates"": [11.276804021423981, 44.50247655836783], ""type"": ""Point""}";GIARDINO;G.NO SORELLE MIRABAL;Borgo Panigale - Reno;via Salvemini
44.509616118222574, 11.358462350091058;"{""coordinates"": [11.358462350091058, 44.509616118222574], ""type"": ""Point""}";GIARDINO;GIARDINO PAOLO LACCHINI;San Donato - San Vitale;Via Serena/Viale della Repubblica
44.485773990944764, 11.40410861191554;"{""coordinates"": [11.40410861191554, 44.485773990944764], ""type"": ""Point""}";PARCO;AREA CANOVA;San Donato - San Vitale;Via Antonio Canova
44.47565473910647, 11.395559274303594;"{""coordinates"": [11.395559274303594, 44.47565473910647], ""type"": ""Point""}";PARCO;AREA VIA DOZZA;Savena;via Dozza
44.46674447584989, 11.383754795641734;"{""coordinates"": [11.383754795641734, 44.46674447584989], ""type"": ""Point""}";;;;
44.49443511722021, 11.309180262836916;"{""coordinates"": [11.309180262836916, 44.49443511722021], ""type"": ""Point""}";VERDE SPORTIVO;ANTISTADIO;Porto - Saragozza;via A. Costa
44.47468309815315, 11.393677821602356;"{""coordinates"": [11.393677821602356, 44.47468309815315], ""type"": ""Point""}";GIARDINO;AREA VIA FERRARA (HORTUS CONCLUSUS);Savena;via Ferrara
44.48787977032251, 11.357333293415182;"{""coordinates"": [11.357333293415182, 44.48787977032251], ""type"": ""Point""}";GIARDINO;GIARDINO MONUMENTO  CASA CARDUCCI;Santo Stefano;viale Carducci
44.49384509066237, 11.285001218822819;"{""coordinates"": [11.285001218822819, 44.49384509066237], ""type"": ""Point""}";GIARDINO;AREA VIA ACHILLE GRANDI;Borgo Panigale - Reno;Via Grandi
44.494645286113865, 11.334806904813401;"{""coordinates"": [11.334806904813401, 44.494645286113865], ""type"": ""Point""}";GIARDINO;GIARDINO PIAZZA SAN FRANCESCO;Porto - Saragozza;Piazza San Francesco
44.520633104231884, 11.272436735732875;"{""coordinates"": [11.272436735732875, 44.520633104231884], ""type"": ""Point""}";VERDE D'ARREDO;GIARDINO LUIGI PASTEUR;Borgo Panigale - Reno;Via Luigi Pasteur
44.51138078479602, 11.386516697681152;"{""coordinates"": [11.386516697681152, 44.51138078479602], ""type"": ""Point""}";VERDE D'ARREDO;VERDE VIA S.DONATO 177-177/5A;San Donato - San Vitale;Via San Donato, 177
44.491338111278026, 11.35339172899479;"{""coordinates"": [11.35339172899479, 44.491338111278026], ""type"": ""Point""}";GIARDINO;Giardino Chiesa dei Servi;Santo Stefano;Strada Maggiore, 36
44.505942195528874, 11.293132611197194;"{""coordinates"": [11.293132611197194, 44.505942195528874], ""type"": ""Point""}";GIARDINO;AREA ENEL SPERANZA;Borgo Panigale - Reno;Via Speranza
44.49387809571089, 11.291077098779645;"{""coordinates"": [11.291077098779645, 44.49387809571089], ""type"": ""Point""}";GIARDINO;GIARDINO TERESA NOCE;Borgo Panigale - Reno;Via del Beccaccino
44.537408159311, 11.34676222653569;"{""coordinates"": [11.34676222653569, 44.537408159311], ""type"": ""Point""}";;;;
44.49375425494033, 11.373539517772347;"{""coordinates"": [11.373539517772347, 44.49375425494033], ""type"": ""Point""}";GIARDINO;GIARDINO MASSARENTI  RIMESSE;San Donato - San Vitale;Via Massarenti
44.52604470319672, 11.352222417019824;"{""coordinates"": [11.352222417019824, 44.52604470319672], ""type"": ""Point""}";PARCO;PARCO EX CASERME ROSSE;Navile;Via di Corticella
44.50398306845228, 11.366903727536227;"{""coordinates"": [11.366903727536227, 44.50398306845228], ""type"": ""Point""}";;;;
44.50426815990145, 11.365763361739525;"{""coordinates"": [11.365763361739525, 44.50426815990145], ""type"": ""Point""}";;;;
44.50506117289801, 11.367355941559056;"{""coordinates"": [11.367355941559056, 44.50506117289801], ""type"": ""Point""}";;;;
44.51015676210206, 11.363482435201112;"{""coordinates"": [11.363482435201112, 44.51015676210206], ""type"": ""Point""}";VERDE D'ARREDO;PIAZZA  COSTITITUZIONE E  AREA LIMITROFA;San Donato - San Vitale;Piazza della Costituzione
44.464129654442644, 11.386020483749142;"{""coordinates"": [11.386020483749142, 44.464129654442644], ""type"": ""Point""}";PARCO;PASSAGGIO ANFIBI;Savena;Via Alberto Mario
44.485528738869135, 11.353773017555953;"{""coordinates"": [11.353773017555953, 44.485528738869135], ""type"": ""Point""}";GIARDINO;GIARDINO S. TERESA VERZERI (EX PIAZZA DEL BARACCANO);Santo Stefano;Piazza del Baraccano 6
44.50479246601488, 11.366870958404137;"{""coordinates"": [11.366870958404137, 44.50479246601488], ""type"": ""Point""}";;;;
44.451559623253075, 11.324133217328079;"{""coordinates"": [11.324133217328079, 44.451559623253075], ""type"": ""Point""}";PARCO;PARCO PADERNO;Santo Stefano;Via Paderno
44.523165708763486, 11.359972646485273;"{""coordinates"": [11.359972646485273, 44.523165708763486], ""type"": ""Point""}";;;;
44.475786449466185, 11.375064227920346;"{""coordinates"": [11.375064227920346, 44.475786449466185], ""type"": ""Point""}";GIARDINO;GIARDINO PARISIO MORELLI;Santo Stefano;Via Parisio
44.50454342061101, 11.368083416291434;"{""coordinates"": [11.368083416291434, 44.50454342061101], ""type"": ""Point""}";;;;
44.50228210302417, 11.335478230488274;"{""coordinates"": [11.335478230488274, 44.50228210302417], ""type"": ""Point""}";GIARDINO;GIARDINO JOHN KLEMLEN;Porto - Saragozza;Via Azzo Gardino
44.504376164351676, 11.338218535983906;"{""coordinates"": [11.338218535983906, 44.504376164351676], ""type"": ""Point""}";VERDE D'ARREDO;GIARDINO GRAZIELLA FAVA;Porto - Saragozza;Via Milazzo
44.46362232621926, 11.381292510669397;"{""coordinates"": [11.381292510669397, 44.46362232621926], ""type"": ""Point""}";PARCO;NUOVA;;
44.49848134855097, 11.308294026235847;"{""coordinates"": [11.308294026235847, 44.49848134855097], ""type"": ""Point""}";VERDE D'ARREDO;GIARDINO PERSEGUITATI ANTIFASCISTI;Borgo Panigale - Reno;Viale Gandhi
44.477577427633996, 11.3723377946022;"{""coordinates"": [11.3723377946022, 44.477577427633996], ""type"": ""Point""}";GIARDINO;GIARDINO VIA DEI LAMPONI;Santo Stefano;via dei Lamponi
44.48570997694646, 11.375101344416548;"{""coordinates"": [11.375101344416548, 44.48570997694646], ""type"": ""Point""}";GIARDINO;G.NO ARPAD WEISZ;San Donato - San Vitale;Via Pietro Mainoldi, 4
44.47578874678083, 11.395454302848247;"{""coordinates"": [11.395454302848247, 44.47578874678083], ""type"": ""Point""}";PARCO;AREA VIA DOZZA;Savena;via Dozza
44.52989631813736, 11.350414965770874;"{""coordinates"": [11.350414965770874, 44.52989631813736], ""type"": ""Point""}";GIARDINO;GIARDINO ANNA MORANDI MANZOLINI;Navile;Via Aimo
44.49280718749799, 11.36451648621243;"{""coordinates"": [11.36451648621243, 44.49280718749799], ""type"": ""Point""}";GIARDINO;GIARDINO MASSARENTI-BENTIVOGLI;San Donato - San Vitale;Via Massarenti
44.4910414957017, 11.397728354343728;"{""coordinates"": [11.397728354343728, 44.4910414957017], ""type"": ""Point""}";GIARDINO;G.NO BELLA FUORI 3 MARTELLI;San Donato - San Vitale;Via Tommaso Martelli 37
44.479530770210516, 11.371123962901933;"{""coordinates"": [11.371123962901933, 44.479530770210516], ""type"": ""Point""}";GIARDINO;VIA DAGNINI-G.NO L.LERCARO;Santo Stefano;Via Dagnini
44.525879160201, 11.37194862310426;"{""coordinates"": [11.37194862310426, 44.525879160201], ""type"": ""Point""}";;;;
44.48131366302636, 11.371198778423478;"{""coordinates"": [11.371198778423478, 44.48131366302636], ""type"": ""Point""}";;;;
44.50383496296029, 11.280439435624265;"{""coordinates"": [11.280439435624265, 44.50383496296029], ""type"": ""Point""}";GIARDINO;AREA SALVEMINI;Borgo Panigale - Reno;via Salvemini
44.47045637611275, 11.383528985071047;"{""coordinates"": [11.383528985071047, 44.47045637611275], ""type"": ""Point""}";PARCO;GIARDINO E.BOSCHI;Savena;Via Cavazzoni
44.471113500481785, 11.397493868869347;"{""coordinates"": [11.397493868869347, 44.471113500481785], ""type"": ""Point""}";GIARDINO;CENTRO DIURNO DISABILI;Savena;Via Cracovia
44.49288664632346, 11.284549844250156;"{""coordinates"": [11.284549844250156, 44.49288664632346], ""type"": ""Point""}";GIARDINO;AREA VIA BALDINI - VIA MARCHIONI;Borgo Panigale - Reno;Via Baldini
44.46703507237834, 11.372007635994825;"{""coordinates"": [11.372007635994825, 44.46703507237834], ""type"": ""Point""}";GIARDINO;GIARDINO PONCHIELLI;Savena;Via Ponchielli
44.50436913129689, 11.344891601646108;"{""coordinates"": [11.344891601646108, 44.50436913129689], ""type"": ""Point""}";VERDE D'ARREDO;GIARDINO PIAZZA XX SETTEMBRE;Porto - Saragozza;Piazza XX Settembre
44.48840595085232, 11.37411798888772;"{""coordinates"": [11.37411798888772, 44.48840595085232], ""type"": ""Point""}";PARCO;GIARDINO  MARIO MARAGI  (ARCOBALENO);San Donato - San Vitale;Via Arcobaleno
44.533188696528754, 11.316217053471519;"{""coordinates"": [11.316217053471519, 44.533188696528754], ""type"": ""Point""}";GIARDINO;GIARDINO NOCE CAPOLINEA;Navile;Via Zanardi
44.465708315696915, 11.372507451110124;"{""coordinates"": [11.372507451110124, 44.465708315696915], ""type"": ""Point""}";GIARDINO;GIARDINO SAN RUFFILLO;Savena;piazza Caduti di San Ruffillo
44.4765972953809, 11.382620609956438;"{""coordinates"": [11.382620609956438, 44.4765972953809], ""type"": ""Point""}";GIARDINO;PIAZZA BELLUNO;Savena;Piazza Belluno
44.49713883051532, 11.365842844713438;"{""coordinates"": [11.365842844713438, 44.49713883051532], ""type"": ""Point""}";GIARDINO;GIARDINO VIA LIBIA;San Donato - San Vitale;Via Libia
44.52406344017346, 11.263508714416261;"{""coordinates"": [11.263508714416261, 44.52406344017346], ""type"": ""Point""}";VERDE D'ARREDO;AREE VIA NORMANDIA;Borgo Panigale - Reno;Via Normandia
44.485981955850335, 11.372778348305275;"{""coordinates"": [11.372778348305275, 44.485981955850335], ""type"": ""Point""}";GIARDINO;AREA AZZURRA FOSSOLO;San Donato - San Vitale;Via Azzurra, Via Fossolo
44.495371008919996, 11.349454643826395;"{""coordinates"": [11.349454643826395, 44.495371008919996], ""type"": ""Point""}";GIARDINO;CONSERVATORIO G.B.MARTINI;Santo Stefano;Piazza Rossini, 4
44.49473795691306, 11.331154545337188;"{""coordinates"": [11.331154545337188, 44.49473795691306], ""type"": ""Point""}";VERDE D'ARREDO;CENTRO CIVICO MALPIGHI;Porto - Saragozza;via Pietralata
44.49075827983169, 11.313126972781923;"{""coordinates"": [11.313126972781923, 44.49075827983169], ""type"": ""Point""}";VERDE D'ARREDO;GIARDINO BANDIERA DE COUBERTIN;Porto - Saragozza;via Bandiera
44.49605889438868, 11.383278539923298;"{""coordinates"": [11.383278539923298, 44.49605889438868], ""type"": ""Point""}";VERDE D'ARREDO;VERDE PARCHEGGIO SCANDELLARA;San Donato - San Vitale;Via Scandellara
44.533599858948534, 11.356785879283718;"{""coordinates"": [11.356785879283718, 44.533599858948534], ""type"": ""Point""}";;;;
44.502152819358265, 11.3744862510077;"{""coordinates"": [11.3744862510077, 44.502152819358265], ""type"": ""Point""}";PARCO;GIARDINO AMELIA ROSSELLI;San Donato - San Vitale;Via Andreini
44.50448794453909, 11.361596589824778;"{""coordinates"": [11.361596589824778, 44.50448794453909], ""type"": ""Point""}";GIARDINO;ANFASS;San Donato - San Vitale;Via Rasi
44.492463123699046, 11.286605638923472;"{""coordinates"": [11.286605638923472, 44.492463123699046], ""type"": ""Point""}";VERDE D'ARREDO;GIARDINO G. HORN D' ARTURO;Borgo Panigale - Reno;Via Masaccio
44.499193032012684, 11.285677528748984;"{""coordinates"": [11.285677528748984, 44.499193032012684], ""type"": ""Point""}";GIARDINO;AREA VERDE BOSCHETTO;Borgo Panigale - Reno;Via Chiarini
44.51198770663557, 11.387690092871905;"{""coordinates"": [11.387690092871905, 44.51198770663557], ""type"": ""Point""}";VERDE D'ARREDO;VERDE VIA S.DONATO 177-177/5A;San Donato - San Vitale;Via San Donato, 177
44.50949565569797, 11.37470196174513;"{""coordinates"": [11.37470196174513, 44.50949565569797], ""type"": ""Point""}";;;;
44.51285266523547, 11.350812894985522;"{""coordinates"": [11.350812894985522, 44.51285266523547], ""type"": ""Point""}";PARCO;PARCO ZUCCA;Navile;Via di Saliceto
44.508424924306965, 11.375241013967994;"{""coordinates"": [11.375241013967994, 44.508424924306965], ""type"": ""Point""}";;;;
44.51151279456037, 11.395702575601131;"{""coordinates"": [11.395702575601131, 44.51151279456037], ""type"": ""Point""}";GIARDINO;AREA CONDOMINIO VIA NEGRI - CASINI;San Donato - San Vitale;Via Ada Negri
44.5428345212814, 11.346808533301855;"{""coordinates"": [11.346808533301855, 44.5428345212814], ""type"": ""Point""}";VERDE D'ARREDO;AREA VERDE VIA COLOMBO 54;Navile;Via Cristoforo Colombo 54
44.52374244548825, 11.36037242989676;"{""coordinates"": [11.36037242989676, 44.52374244548825], ""type"": ""Point""}";;;;
44.48810193344642, 11.355177570497474;"{""coordinates"": [11.355177570497474, 44.48810193344642], ""type"": ""Point""}";GIARDINO;GIARDINO LAVINIA FONTANA;Santo Stefano;via del Piombo
44.48104314452616, 11.37324881962614;"{""coordinates"": [11.37324881962614, 44.48104314452616], ""type"": ""Point""}";;;;
44.48430307282759, 11.316134922708086;"{""coordinates"": [11.316134922708086, 44.48430307282759], ""type"": ""Point""}";GIARDINO;PARCO FELICE BATTAGLIA;Porto - Saragozza;Via Felice Battaglia
44.477417413130816, 11.398901141986146;"{""coordinates"": [11.398901141986146, 44.477417413130816], ""type"": ""Point""}";VERDE D'ARREDO;AREA VIALE VIGHI;Savena;viale Vighi
44.521114238066176, 11.298132294974783;"{""coordinates"": [11.298132294974783, 44.521114238066176], ""type"": ""Point""}";;;;
44.50821734965501, 11.357790881957001;"{""coordinates"": [11.357790881957001, 44.50821734965501], ""type"": ""Point""}";GIARDINO;GIARDINO DEL LAVORO TOMBA;San Donato - San Vitale;Via del Lavoro
44.52854439311052, 11.319685002341055;"{""coordinates"": [11.319685002341055, 44.52854439311052], ""type"": ""Point""}";;;;
44.52969492867585, 11.34896713558039;"{""coordinates"": [11.34896713558039, 44.52969492867585], ""type"": ""Point""}";GIARDINO;GIARDINO ANNA MORANDI MANZOLINI;Navile;Via Aimo
44.46864780831071, 11.381033309668064;"{""coordinates"": [11.381033309668064, 44.46864780831071], ""type"": ""Point""}";;;;
44.46897460397386, 11.379782016060085;"{""coordinates"": [11.379782016060085, 44.46897460397386], ""type"": ""Point""}";;;;
44.46951952215798, 11.379813065529277;"{""coordinates"": [11.379813065529277, 44.46951952215798], ""type"": ""Point""}";;;;
44.51591072812026, 11.33641405810042;"{""coordinates"": [11.33641405810042, 44.51591072812026], ""type"": ""Point""}";;;;
44.51547060189465, 11.3332943626845;"{""coordinates"": [11.3332943626845, 44.51547060189465], ""type"": ""Point""}";;;;
44.516022700268564, 11.32791077284696;"{""coordinates"": [11.32791077284696, 44.516022700268564], ""type"": ""Point""}";;;;
44.52459662306444, 11.321258812193378;"{""coordinates"": [11.321258812193378, 44.52459662306444], ""type"": ""Point""}";;;;
44.53427454854891, 11.321348273476461;"{""coordinates"": [11.321348273476461, 44.53427454854891], ""type"": ""Point""}";;;;
44.54156418767583, 11.353003983542852;"{""coordinates"": [11.353003983542852, 44.54156418767583], ""type"": ""Point""}";;;;
44.528060385410875, 11.362202194728443;"{""coordinates"": [11.362202194728443, 44.528060385410875], ""type"": ""Point""}";;;;
44.502661204250764, 11.358162199319596;"{""coordinates"": [11.358162199319596, 44.502661204250764], ""type"": ""Point""}";;;;
44.513202254151494, 11.38747864634668;"{""coordinates"": [11.38747864634668, 44.513202254151494], ""type"": ""Point""}";;;;
44.44506867471187, 11.297391386863923;"{""coordinates"": [11.297391386863923, 44.44506867471187], ""type"": ""Point""}";;;;
44.44361290601888, 11.354370353740473;"{""coordinates"": [11.354370353740473, 44.44361290601888], ""type"": ""Point""}";;;;
44.510113763452495, 11.294516305137286;"{""coordinates"": [11.294516305137286, 44.510113763452495], ""type"": ""Point""}";;;;
44.50044850794289, 11.291234476558557;"{""coordinates"": [11.291234476558557, 44.50044850794289], ""type"": ""Point""}";;;;
44.496480575661124, 11.301838977316764;"{""coordinates"": [11.301838977316764, 44.496480575661124], ""type"": ""Point""}";;;;
44.495837071829705, 11.300483564090726;"{""coordinates"": [11.300483564090726, 44.495837071829705], ""type"": ""Point""}";;;;
44.49818272726618, 11.296737233064654;"{""coordinates"": [11.296737233064654, 44.49818272726618], ""type"": ""Point""}";;;;
44.50128842175997, 11.299904369681066;"{""coordinates"": [11.299904369681066, 44.50128842175997], ""type"": ""Point""}";;;;
44.502197765175474, 11.301667348987461;"{""coordinates"": [11.301667348987461, 44.502197765175474], ""type"": ""Point""}";;;;
44.50116226060158, 11.313544930527325;"{""coordinates"": [11.313544930527325, 44.50116226060158], ""type"": ""Point""}";;;;
44.50008599941954, 11.313128762549793;"{""coordinates"": [11.313128762549793, 44.50008599941954], ""type"": ""Point""}";;;;
44.50715343653886, 11.286216987971851;"{""coordinates"": [11.286216987971851, 44.50715343653886], ""type"": ""Point""}";;;;
44.49683520933074, 11.282177236752771;"{""coordinates"": [11.282177236752771, 44.49683520933074], ""type"": ""Point""}";;;;
44.4938908760208, 11.2791994146654;"{""coordinates"": [11.2791994146654, 44.4938908760208], ""type"": ""Point""}";;;;
44.51362313344696, 11.286753813073808;"{""coordinates"": [11.286753813073808, 44.51362313344696], ""type"": ""Point""}";;;;
44.51230635471916, 11.29071017723715;"{""coordinates"": [11.29071017723715, 44.51230635471916], ""type"": ""Point""}";;;;
44.50726194017783, 11.365602469712622;"{""coordinates"": [11.365602469712622, 44.50726194017783], ""type"": ""Point""}";;;;
44.51353438818702, 11.398157914897228;"{""coordinates"": [11.398157914897228, 44.51353438818702], ""type"": ""Point""}";;;;
44.51263320518688, 11.402044287515784;"{""coordinates"": [11.402044287515784, 44.51263320518688], ""type"": ""Point""}";;;;
44.516549382817345, 11.396724260336276;"{""coordinates"": [11.396724260336276, 44.516549382817345], ""type"": ""Point""}";;;;
44.54833023258045, 11.36323481314969;"{""coordinates"": [11.36323481314969, 44.54833023258045], ""type"": ""Point""}";;;;
44.48539812206969, 11.316770474042992;"{""coordinates"": [11.316770474042992, 44.48539812206969], ""type"": ""Point""}";;;;
44.52952527940097, 11.356558490485101;"{""coordinates"": [11.356558490485101, 44.52952527940097], ""type"": ""Point""}";;;;
44.5171866742517, 11.333400331129816;"{""coordinates"": [11.333400331129816, 44.5171866742517], ""type"": ""Point""}";;;;
44.51817120090176, 11.279047918606976;"{""coordinates"": [11.279047918606976, 44.51817120090176], ""type"": ""Point""}";;;;
44.53273346087198, 11.348344571268441;"{""coordinates"": [11.348344571268441, 44.53273346087198], ""type"": ""Point""}";;;;
44.47269879937958, 11.391313351791272;"{""coordinates"": [11.391313351791272, 44.47269879937958], ""type"": ""Point""}";;;;
44.49893390760479, 11.376791278353975;"{""coordinates"": [11.376791278353975, 44.49893390760479], ""type"": ""Point""}";;;;
