codice;Anno realizzazione;Lunghezza;Utilizzo;Descrizione tipologia;geo_point_2d;Geo Shape;fid
811;Precedente 31/12/2021;311.0;Ciclabile;sede propria;44.49873814135093, 11.306238373164835;"{""coordinates"": [[[11.304600696608, 44.499342071007], [11.3046854267467, 44.4993388285661], [11.3051071439646, 44.4992628845286], [11.3051753045641, 44.4992462997302], [11.3052148674408, 44.4992268493814], [11.305201347817, 44.4991845852328], [11.3051770696224, 44.4991102137355], [11.3051883150328, 44.4990946983952], [11.3052303831345, 44.4990785948606], [11.3064454803069, 44.4985909688961], [11.3067538524656, 44.4984571788622], [11.3068859401014, 44.4984324069028], [11.3079967461386, 44.4982593369298]]], ""type"": ""MultiLineString""}";1
817;Precedente 31/12/2021;484.0;Ciclabile;sede propria;44.490060389865704, 11.294981546628808;"{""coordinates"": [[[11.2977654379522, 44.4909894525728], [11.2973349190729, 44.4908267136897], [11.2969291504315, 44.490665593193], [11.2964934445172, 44.490494578148], [11.2963243884725, 44.4904263945946], [11.2959305807268, 44.4902753376701], [11.2955345464621, 44.4901278233813], [11.295418513046, 44.4900879693629], [11.295356897941, 44.4900674741815], [11.2952051234844, 44.4900283007442], [11.2950442185055, 44.4899842060914], [11.294758761751, 44.4899106243812], [11.2944067997247, 44.4898281218773], [11.2940532922, 44.4897564664017], [11.2934005961259, 44.4896229686553], [11.2928801689918, 44.4895214611684], [11.2921324369859, 44.4893503230605]]], ""type"": ""MultiLineString""}";5
816;Precedente 31/12/2021;164.0;Ciclabile;sede propria;44.489128871070704, 11.291144354549493;"{""coordinates"": [[[11.2921324369859, 44.4893503230605], [11.2911787659991, 44.4891322663566], [11.2907307620351, 44.489038628903], [11.2901549693608, 44.4889132881972]]], ""type"": ""MultiLineString""}";6
1824;Precedente 31/12/2021;135.0;Ciclabile;corsia preferenziale bus/bici;44.49909112926191, 11.359429794673927;"{""coordinates"": [[[11.359264157468905, 44.49969446427601], [11.359304676138118, 44.499586330314294], [11.359313593287753, 44.499414199627935], [11.35958103032387, 44.49859491163536], [11.359677119841814, 44.49853574254749]]], ""type"": ""MultiLineString""}";11
1826;Precedente 31/12/2021;922.0;Ciclabile;corsia preferenziale bus/bici;44.50109903663197, 11.321749116800206;"{""coordinates"": [[[11.3165446329009, 44.5029250894483], [11.326810937924074, 44.49932303868523], [11.3268172951519, 44.499320808179], [11.326825463591632, 44.49931794218831], [11.326825464165912, 44.49931794198682], [11.3269536006995, 44.4992729838156]]], ""type"": ""MultiLineString""}";13
601;Precedente 31/12/2021;247.0;Ciclabile;sede propria;44.49550858607115, 11.372677121722104;"{""coordinates"": [[[11.3727497115937, 44.4944463449015], [11.3724726422067, 44.4949524466633], [11.3724548251195, 44.4951957061082], [11.372435492447, 44.4953354262238], [11.3724145871864, 44.4954114558824], [11.3724112972463, 44.4954792421612], [11.3724257997679, 44.4955394297885], [11.3724432639636, 44.4956041019651], [11.3725037784332, 44.4957316132529], [11.3725537393273, 44.4958175352864], [11.3726000975416, 44.4958698146726], [11.3726754238503, 44.4959416285977], [11.37274171533, 44.4959891538783], [11.3728325321626, 44.4960462208965], [11.3729293571834, 44.4961037951845], [11.3730546745027, 44.4961803284445], [11.3731451359069, 44.4962447450765], [11.3731453550286, 44.4962448753934], [11.373157660313517, 44.49625943067763], [11.373157660908038, 44.496259431380864], [11.373157749075355, 44.49625953566942], [11.373161926429, 44.4962644768447], [11.3731718326753, 44.4962761944303], [11.3732884859879, 44.4964073691529]]], ""type"": ""MultiLineString""}";17
842;Precedente 31/12/2021;249.0;Pedonale-Ciclabile;promiscuo ciclopedonale;44.52321622146585, 11.317712661453363;"{""coordinates"": [[[11.3182971688218, 44.5242481169627], [11.3173997003197, 44.5228307174383], [11.317366288196, 44.5226754548652], [11.3172967162535, 44.5225081666098], [11.3174428192083, 44.5224509372278], [11.3174538563508, 44.5223985280753], [11.3175369053725, 44.5223209979516], [11.3176375456739, 44.5222782253331]]], ""type"": ""MultiLineString""}";18
1811;Precedente 31/12/2021;77.0;Ciclabile;sede propria;44.48734375590794, 11.357435247336399;"{""coordinates"": [[[11.3569554357374, 44.4873022463272], [11.3577249167659, 44.4873683729577], [11.357810309692384, 44.48737696435864], [11.357820323126838, 44.487377971812464], [11.3578203232392, 44.48737797182377], [11.3578203340883, 44.4873779729153], [11.3579148521675, 44.4873874823998]]], ""type"": ""MultiLineString""}";25
1817;Precedente 31/12/2021;143.0;Pedonale-Ciclabile;promiscuo ciclopedonale;44.53606377263228, 11.352619130208106;"{""coordinates"": [[[11.3523783077987, 44.5354385030082], [11.3528076923045, 44.5365672234886], [11.3528244358819, 44.5365928120242], [11.3529081993606, 44.5366532583579]]], ""type"": ""MultiLineString""}";31
1819;Precedente 31/12/2021;251.0;Ciclabile;sede propria;44.51466879560082, 11.396674274229714;"{""coordinates"": [[[11.3952855089807, 44.5152004289289], [11.3954713808342, 44.5150895985346], [11.3979259320814, 44.5142213009908], [11.3980783724282, 44.5142800701375]]], ""type"": ""MultiLineString""}";32
831;Precedente 31/12/2021;122.0;Pedonale-Ciclabile;ciclabile contigua al pedonale;44.49708158625046, 11.322912908292695;"{""coordinates"": [[[11.3221471996324, 44.4971124707014], [11.32214720080386, 44.49711247065746], [11.32302863429531, 44.497079410823616], [11.3230290925422, 44.4970793936362], [11.323029099058667, 44.49707939328933], [11.323678343357958, 44.497044834625825], [11.3236783507697, 44.4970448342313]]], ""type"": ""MultiLineString""}";35
832;Precedente 31/12/2021;182.0;Ciclabile;sede propria;44.49700381920536, 11.324821327114128;"{""coordinates"": [[[11.3236783507697, 44.4970448342313], [11.3242916521531, 44.497026514873], [11.324518669230505, 44.49701763251382], [11.324768755564296, 44.49700784753786], [11.3253784173599, 44.4969839936714], [11.32583152057, 44.4969592360438], [11.3259637535656, 44.4969504182209]]], ""type"": ""MultiLineString""}";38
835;Precedente 31/12/2021;141.0;Ciclabile;sede propria;44.500899470847074, 11.3122935169347;"{""coordinates"": [[[11.3126650481064, 44.5014679386309], [11.3126295322662, 44.501411492459], [11.3125649014137, 44.5013546415812], [11.3123893433642, 44.5010663937939], [11.3121399111191, 44.5006507932952], [11.3120335528173, 44.5004719909826], [11.31195196676, 44.5003095233593]]], ""type"": ""MultiLineString""}";39
461;Precedente 31/12/2021;262.0;Pedonale-Ciclabile;promiscuo ciclopedonale;44.50714274019985, 11.396678209784868;"{""coordinates"": [[[11.39632782901, 44.508278455985], [11.3964142723305, 44.5081872174587], [11.3966880571492, 44.507146919625], [11.3967998424419, 44.5066639250877], [11.396800178303893, 44.5066624739173], [11.39680253428581, 44.50665229434566], [11.396802534497613, 44.50665229343051], [11.3969595240244, 44.5059739834131]]], ""type"": ""MultiLineString""}";46
1212;Precedente 31/12/2021;146.0;Percorso naturalistico;pavimentato;44.540503923575606, 11.354524163907486;"{""coordinates"": [[[11.3550409672421, 44.5402400310617], [11.3548341030312, 44.5402444039697], [11.3546230374896, 44.5402684400783], [11.3544548393472, 44.5403040263303], [11.3543345114661, 44.5403331174042], [11.354379282785, 44.5403964488829], [11.3544371567938, 44.5405057033037], [11.3544347449077, 44.5405861013802], [11.3543827359617, 44.5406936601355], [11.3543369964835, 44.540746852008], [11.3543535548882, 44.5408087711302], [11.3543671383991, 44.540937039436], [11.3543824107358, 44.5410371507182], [11.3544127967676, 44.5410927519906]]], ""type"": ""MultiLineString""}";51
1213;Precedente 31/12/2021;622.0;Percorso naturalistico;pavimentato;44.54070710125311, 11.35280032544967;"{""coordinates"": [[[11.3543369964835, 44.540746852008], [11.3541124729851, 44.5408359604792], [11.3535049489888, 44.5410759057719], [11.3531972449944, 44.5412029895968], [11.3530634335681, 44.5412687166467], [11.3528078872566, 44.5414021144741], [11.3525537589849, 44.541530059411], [11.3524595573094, 44.541570231535], [11.3523897310859, 44.541585780589], [11.3523164465771, 44.5415853343433], [11.3522538615543, 44.5415705998615], [11.3521683504166, 44.5415463110255], [11.3521196825689, 44.5415272626256], [11.3520505021746, 44.5414885655361], [11.3519661992857, 44.5414240792389], [11.3518425619909, 44.5412921397378], [11.3518321866497, 44.5412441548703], [11.3518159390847, 44.5411902694686], [11.3518101501736, 44.54111607517], [11.3518151412481, 44.5410295995819], [11.3518342961548, 44.5408042293485], [11.3518227182543, 44.5406558408819], [11.351777594998, 44.5405141939657], [11.3517092298014, 44.5402143649786], [11.3516995806187, 44.5401141418331], [11.3517199353125, 44.54005947573], [11.3517763295789, 44.539989980262], [11.3518532363849, 44.5399401327315], [11.3519727781053, 44.5398994179142], [11.3520879745736, 44.5398909330665], [11.3521783934928, 44.539897037193], [11.3522668809917, 44.5399252771547], [11.3523712140734, 44.5399973682409], [11.3525459329194, 44.5401382582577], [11.3526591947928, 44.5402222108375], [11.3527521049868, 44.5402905291754], [11.3529026921739, 44.5403917630313], [11.3530116920399, 44.5404396520439], [11.3531341266643, 44.5404711851742], [11.353308369198, 44.5404594310222], [11.3536090731555, 44.5403686477797], [11.3538152539496, 44.5403100113321], [11.3539825795586, 44.5402662645791], [11.3541006718005, 44.5402597250395], [11.3542225427876, 44.5402792406091], [11.3543345114661, 44.5403331174042]]], ""type"": ""MultiLineString""}";54
1452;Precedente 31/12/2021;100.0;Ciclabile;corsia preferenziale bus/bici;44.490459494761616, 11.330163352401609;"{""coordinates"": [[[11.3307764466429, 44.4903632428585], [11.3302385055977, 44.4904732980131], [11.3301194044613, 44.4904876922836], [11.3297881200865, 44.4905023719386], [11.3296476985429, 44.4904946799969], [11.32954533837774, 44.490479229638], [11.329545338317937, 44.490479229628974], [11.3295453377709, 44.4904792295464]]], ""type"": ""MultiLineString""}";55
1215;Precedente 31/12/2021;24.0;Percorso naturalistico;pavimentato;44.54146378085121, 11.352925162300787;"{""coordinates"": [[[11.353030470469, 44.5415419885062], [11.3529716682684, 44.541480975069], [11.3528078872566, 44.5414021144741]]], ""type"": ""MultiLineString""}";58
1692;Precedente 31/12/2021;426.0;Ciclabile;sede propria;44.49963580294192, 11.31016986869296;"{""coordinates"": [[[11.308662395264111, 44.498220469991594], [11.308778163283652, 44.4985108312675], [11.3090298118421, 44.4990007573107], [11.309030089382707, 44.49900129763872], [11.309030089808587, 44.499001298467846], [11.309032542546962, 44.499006073564686], [11.3090349293872, 44.4990107203682], [11.309090661743, 44.499119222521], [11.3092193780412, 44.4991284251497], [11.3093827703472, 44.4991629319384], [11.3095860724553, 44.4992268819278], [11.3098687961381, 44.4993396427474], [11.310066354346, 44.4994364807827], [11.3102542437466, 44.4995392885937], [11.3105681610357, 44.4999850509406], [11.3109973447124, 44.5006096195017], [11.3118054625078, 44.5003538989309], [11.31195196676, 44.5003095233593]]], ""type"": ""MultiLineString""}";59
1693;Precedente 31/12/2021;91.0;Ciclabile;sede propria;44.50248097734705, 11.313766504132001;"{""coordinates"": [[[11.3135121019878, 44.5021161537223], [11.3140209062762, 44.5028458009718]]], ""type"": ""MultiLineString""}";61
451;Precedente 31/12/2021;128.0;Ciclabile;sede propria;44.497869271245285, 11.358279248029689;"{""coordinates"": [[[11.3574879806816, 44.4979833436394], [11.3577987036559, 44.4979375156671], [11.3582464536808, 44.4978737038368], [11.3587705863076, 44.4977985746726], [11.3590709555828, 44.497758327703]]], ""type"": ""MultiLineString""}";65
452;Precedente 31/12/2021;56.0;Pedonale-Ciclabile;promiscuo ciclopedonale;44.497534198746756, 11.359194572855992;"{""coordinates"": [[[11.3590709555828, 44.497758327703], [11.3591349881687, 44.4977038846079], [11.3591971593303, 44.4975374901631], [11.3592885395583, 44.4972894511488]]], ""type"": ""MultiLineString""}";68
691;Precedente 31/12/2021;385.0;Ciclabile;sede propria;44.52968906474334, 11.366974480931933;"{""coordinates"": [[[11.3672168249351, 44.5314065248415], [11.3671417973326, 44.5307080452292], [11.366878801384, 44.5295780905164], [11.3668588656455, 44.5294050403277], [11.3668963886549, 44.5292748038934], [11.3668872172759, 44.5288574970933], [11.3667955149491, 44.5279651733674]]], ""type"": ""MultiLineString""}";69
692;Precedente 31/12/2021;84.0;Ciclabile;sede propria;44.52804014537016, 11.367283824952732;"{""coordinates"": [[[11.3677463511865, 44.5282162758712], [11.3677214561525, 44.5282081914991], [11.3676372654417, 44.5281683814461], [11.3673370761052, 44.5280061973063], [11.3671951010744, 44.5279741466915], [11.3669582616779, 44.5279730690056], [11.3668676144749, 44.5279714464642], [11.3667955149491, 44.5279651733674]]], ""type"": ""MultiLineString""}";72
456;Precedente 31/12/2021;38.0;Ciclabile;sede propria;44.5132475660352, 11.397796966536259;"{""coordinates"": [[[11.3979482089625, 44.5133375854576], [11.3978904855646, 44.5133547250278], [11.3977793005074, 44.5132216901355], [11.3977380154612, 44.5131648258033], [11.397636377532, 44.513151466879]]], ""type"": ""MultiLineString""}";73
1200;Precedente 31/12/2021;217.0;Percorso naturalistico;pavimentato;44.54064225196478, 11.355560896324306;"{""coordinates"": [[[11.3548712837281, 44.5410186095187], [11.3549398513611, 44.5410110200092], [11.3550215414499, 44.5409871862617], [11.3555767421281, 44.5407924492782], [11.3556536619875, 44.540778541195], [11.3557444919284, 44.5407680237086], [11.3559236484584, 44.5407703778821], [11.3561278061618, 44.5407793950779], [11.3559449630186, 44.5405750508087], [11.3558329263679, 44.5404564090874], [11.355685151048, 44.5403794532134], [11.3555310444759, 44.5403311043329], [11.3553421180736, 44.5402852712447], [11.3552142944971, 44.5402701780817], [11.3550409672421, 44.5402400310617]]], ""type"": ""MultiLineString""}";75
694;Precedente 31/12/2021;251.0;Percorso naturalistico;sterrato;44.520514902682194, 11.334343914013516;"{""coordinates"": [[[11.3348783755962, 44.5214640238962], [11.334382559024, 44.5210925157263], [11.3343161021107, 44.521020701427], [11.3342887432582, 44.5208907197913], [11.3342748239586, 44.5208197998429], [11.3342810305738, 44.5207682449339], [11.3343015219125, 44.5207282636743], [11.334268662406, 44.5203254354405], [11.3342173046628, 44.5200119943948], [11.3341747419278, 44.519779467724], [11.3341605554091, 44.5194969080168], [11.3341804548185, 44.5193738652737]]], ""type"": ""MultiLineString""}";76
1229;Precedente 31/12/2021;141.0;Pedonale-Ciclabile;promiscuo ciclopedonale;44.5013571368357, 11.282139230056767;"{""coordinates"": [[[11.2825183108976, 44.5018768522223], [11.2825685263839, 44.5018088299496], [11.2825850400989, 44.5017677792924], [11.2825818185964, 44.5017289548766], [11.2822584950667, 44.5014441245074], [11.2818654997574, 44.5011121497069], [11.2815848042304, 44.5008750089711]]], ""type"": ""MultiLineString""}";82
1683;Precedente 31/12/2021;333.0;Ciclabile;sede propria;44.52093758834602, 11.35799899662291;"{""coordinates"": [[[11.3570968042709, 44.5195769168843], [11.3572020325843, 44.519744379633], [11.357243453323594, 44.51980781658787], [11.357243453810195, 44.51980781733312], [11.35724597527045, 44.51981167901601], [11.3572492577046, 44.5198167061505], [11.3576520512947, 44.5204335951587], [11.3583263380165, 44.5214485516298], [11.3585647966609, 44.5217991721817], [11.3589636775779, 44.522251333349]]], ""type"": ""MultiLineString""}";89
1688;Precedente 31/12/2021;36.0;Pedonale-Ciclabile;ciclabile contigua al pedonale;44.497321127529005, 11.321085062328805;"{""coordinates"": [[[11.3211395079657, 44.4974778996707], [11.3210622643231, 44.4972583191009], [11.3210369232687, 44.4971744577397], [11.321036017156516, 44.497171459135174], [11.3210335781177, 44.4971633876039]]], ""type"": ""MultiLineString""}";93
481;Precedente 31/12/2021;214.0;Pedonale-Ciclabile;promiscuo ciclopedonale;44.47175576939813, 11.371473851195505;"{""coordinates"": [[[11.3724371377769, 44.471099063388], [11.3722681723427, 44.4712213977117], [11.3720665982886, 44.4713563552672], [11.3717744959233, 44.4715726018476], [11.371547867129, 44.4717696070507], [11.3713962850963, 44.4718709480106], [11.3710914437368, 44.4720111352096], [11.3708845931535, 44.4721024900608], [11.3706755610981, 44.4721775818981], [11.3706193722263, 44.4722113829589], [11.3706088164904, 44.4722496495987], [11.3706169897949, 44.4724125156909]]], ""type"": ""MultiLineString""}";95
488;Precedente 31/12/2021;76.0;Percorso naturalistico;sterrato;44.46630152592354, 11.386780121773661;"{""coordinates"": [[[11.3872489082684, 44.4663712661361], [11.3869267193092, 44.4663183242218], [11.3866290644264, 44.4662698508012], [11.3863086462834, 44.4662590613495]]], ""type"": ""MultiLineString""}";98
1233;Precedente 31/12/2021;105.0;Percorso naturalistico;pavimentato;44.46446537543698, 11.376324861040173;"{""coordinates"": [[[11.3760842858875, 44.4641033099785], [11.3760212551718, 44.4641587364893], [11.3759917415228, 44.4642066330176], [11.3760190617672, 44.4642686956266], [11.3764583436158, 44.4645749602759], [11.3765160832264, 44.4646115550313], [11.3767634985248, 44.4647973968944]]], ""type"": ""MultiLineString""}";101
1238;Precedente 31/12/2021;189.0;Percorso naturalistico;pavimentato;44.47673269392069, 11.373516617198652;"{""coordinates"": [[[11.3746914868883, 44.4768018428209], [11.3742932050101, 44.4767801612839], [11.3740109489155, 44.4767610671232], [11.3730793507208, 44.4766955957551], [11.372805920726, 44.47667914907], [11.3727064677424, 44.4766918106192], [11.372648330471, 44.4767267316132], [11.3723542577521, 44.4766643148096]]], ""type"": ""MultiLineString""}";103
1219;Precedente 31/12/2021;232.0;Percorso naturalistico;pavimentato;44.537644049987044, 11.353140126948954;"{""coordinates"": [[[11.3532519924576, 44.5386834325599], [11.3532951116127, 44.5384784768479], [11.3533033333476, 44.5384282708975], [11.3532800782328, 44.5383138789873], [11.3532389342774, 44.5381479827214], [11.3532077931194, 44.5380319045655], [11.3531591071257, 44.5377531328282], [11.3530783356929, 44.5372767661086], [11.3529802852249, 44.5367025498265], [11.352893719644, 44.536641597802]]], ""type"": ""MultiLineString""}";109
2303;2024;44.0;Pedonale-Ciclabile;promiscuo ciclopedonale;44.47322380029125, 11.401407080808108;"{""coordinates"": [[[11.401154389346384, 44.4732990599918], [11.401396692728238, 44.473232259539635], [11.401656810440128, 44.47313917615731]]], ""type"": ""MultiLineString""}";112
2304;2024;140.0;Itinerario ciclabile;corsia ciclabile su strada;44.47345616248944, 11.400881012626911;"{""coordinates"": [[[11.40009851442722, 44.47374572414213], [11.400102441512937, 44.47374421934928], [11.40035599315606, 44.47364706264663], [11.40054328023571, 44.473575283597285], [11.400700852926308, 44.473514883577614], [11.400703902152383, 44.473513714762674], [11.400706434160334, 44.473512833286584], [11.400767978370698, 44.473491407702305], [11.40087250616277, 44.47345501558189], [11.401068819698244, 44.473386658728046], [11.4011147131131, 44.47337067689785], [11.401245165278063, 44.47332524139835], [11.401362282915164, 44.473284450213754], [11.401439355041417, 44.473257606576816], [11.401580897864624, 44.473208296692476], [11.401632933256664, 44.47319016889832], [11.401667700130867, 44.47317805701227]]], ""type"": ""MultiLineString""}";115
470;Precedente 31/12/2021;265.0;Percorso naturalistico;sterrato;44.498965261195664, 11.388051171972043;"{""coordinates"": [[[11.389485583117, 44.4986953977091], [11.3891060864618, 44.4988248243502], [11.3883971169835, 44.4990411325928], [11.388048839531, 44.4991405379751], [11.3879685098517, 44.4991562322538], [11.3878961882924, 44.4991545602854], [11.3878324142804, 44.4991333728172], [11.3877811753238, 44.4990905330163], [11.3877412399667, 44.4990391190493], [11.3876882334295, 44.4989524665742], [11.3876362371809, 44.4988908497833], [11.3875883295676, 44.4988583840714], [11.3875178148749, 44.4988430666072], [11.3874206749696, 44.4988566986215], [11.3873300453566, 44.4988810577954], [11.3872508580204, 44.4989051919964], [11.3870671926363, 44.4989652460687], [11.3869516027643, 44.4990095944452], [11.3868745072138, 44.4990501073479], [11.3868056383434, 44.4991171412344], [11.3867532300036, 44.4991664051898], [11.3866936286943, 44.4992147843625]]], ""type"": ""MultiLineString""}";117
474;Precedente 31/12/2021;77.0;Ciclabile;sede propria;44.488405893228816, 11.397364838763842;"{""coordinates"": [[[11.3977338718012, 44.4885262906429], [11.3977215893973, 44.48850699376], [11.3976399361069, 44.4884328121857], [11.3975659441713, 44.4883957195032], [11.3974490219322, 44.4883516495415], [11.3974007204109, 44.4883356310777], [11.3973834090075, 44.488361950337], [11.397365724304, 44.4883773112672], [11.3973401597672, 44.4883919137371], [11.3972836360781, 44.4884174711112], [11.3972525749777, 44.4884256279669], [11.3972161967572, 44.488432026046], [11.397183445678, 44.488430855109], [11.3971493110501, 44.4884278409438], [11.3971163559978, 44.4884219921495], [11.3970792629211, 44.4884106132941], [11.3970499226534, 44.4883971952663], [11.3970242859176, 44.4883780700295], [11.3970011870321, 44.4883570263308], [11.396981856049, 44.4883321559197]]], ""type"": ""MultiLineString""}";119
1222;Precedente 31/12/2021;72.0;Pedonale-Ciclabile;promiscuo ciclopedonale;44.5314245671312, 11.35093376833495;"{""coordinates"": [[[11.3510330307039, 44.5317410144345], [11.350834505966, 44.5311081198279]]], ""type"": ""MultiLineString""}";124
1227;Precedente 31/12/2021;283.0;Pedonale-Ciclabile;promiscuo ciclopedonale;44.50215802603321, 11.283201734531685;"{""coordinates"": [[[11.2833973513882, 44.5030382860941], [11.2834433693812, 44.5030146914559], [11.2835472079678, 44.502944598864], [11.2835775129044, 44.5029228851626], [11.2836238606811, 44.5028926536028], [11.2836584183777, 44.5028625354658], [11.2837054150259, 44.5027972084233], [11.28372502093, 44.50275343508], [11.2837640917261, 44.502676876362], [11.2838107846137, 44.5025721963935], [11.2838385049909, 44.5024925369587], [11.28384498547, 44.5024262714805], [11.2838345305939, 44.5022514154599], [11.2838092839956, 44.5021157575757], [11.2837875286759, 44.5020695075073], [11.2837381353008, 44.5020121371721], [11.2836241016212, 44.5019249306772], [11.2835107147386, 44.5018563992785], [11.2833703108927, 44.5018113331886], [11.2833078082129, 44.5018023212315], [11.283258317955, 44.501799935832], [11.2830954264283, 44.5018116776301], [11.2825753910208, 44.5018667108687], [11.2823862767419, 44.501900311164], [11.2822121155481, 44.5019452898689], [11.2820592608109, 44.502024881434], [11.2819651286499, 44.5020825141177]]], ""type"": ""MultiLineString""}";127
1409;Precedente 31/12/2021;23.0;Pedonale-Ciclabile;area pedonale;44.493332306231196, 11.3436663335794;"{""coordinates"": [[[11.3436426875754, 44.4932307812793], [11.3436899795834, 44.4934338311831]]], ""type"": ""MultiLineString""}";129
1648;Precedente 31/12/2021;242.0;Ciclabile;corsia preferenziale bus/bici;44.50013483406779, 11.344091997809935;"{""coordinates"": [[[11.3444027429402, 44.501202509325], [11.3440406901708, 44.499961191722], [11.344039646947008, 44.499957571098136], [11.344039198234764, 44.499956013792534], [11.343782947575, 44.4990666674603]]], ""type"": ""MultiLineString""}";132
1889;Precedente 31/12/2021;123.0;Pedonale-Ciclabile;promiscuo ciclopedonale;44.50810345819771, 11.359266343876069;"{""coordinates"": [[[11.3591571213074, 44.5076839401794], [11.3594030674155, 44.5077931406864], [11.3594137664667, 44.5078481532695], [11.35938875994, 44.5079206112013], [11.3593597525767, 44.5079631746816], [11.3593199843515, 44.5080159516546], [11.3592524671921, 44.5080732959261], [11.3591322747925, 44.5082096634421], [11.359117544791, 44.5082599279303], [11.3591877061993, 44.5084063720544], [11.3593845132936, 44.5085761901237]]], ""type"": ""MultiLineString""}";133
426;Precedente 31/12/2021;343.0;Itinerario ciclabile;corsia ciclabile su strada;44.50395323857245, 11.33043656503205;"{""coordinates"": [[[11.3283350593576, 44.5042655937449], [11.3285286965474, 44.5042324735648], [11.3285705092434, 44.5042248592657], [11.3286094573513, 44.5042201751824], [11.3286451374474, 44.5042155577985], [11.3286733805525, 44.504214981245], [11.3287247306442, 44.5042181550784], [11.328750507716, 44.5042216709111], [11.3287732486959, 44.5042263380059], [11.3287930252694, 44.50422922013], [11.3295117054241, 44.5041125041897], [11.3298668250166, 44.5040516515889], [11.3302459392626, 44.5039868595496], [11.3309465905777, 44.5038670817785], [11.3325382776537, 44.5036159687631]]], ""type"": ""MultiLineString""}";139
425;Precedente 31/12/2021;298.0;Itinerario ciclabile;corsia ciclabile su strada;44.50428273714877, 11.326797101545674;"{""coordinates"": [[[11.3257437922443, 44.5034496095312], [11.3257986533351, 44.5036434372461], [11.3259959830995, 44.5042527269702], [11.3260057555319, 44.5042966122906], [11.3260411871511, 44.5043590684157], [11.3260688352297, 44.5044007437425], [11.3261270910104, 44.5044513104216], [11.3261866673914, 44.5044806945806], [11.3262953331987, 44.5045212398232], [11.3263743574653, 44.5045401896394], [11.3264362271848, 44.5045465978724], [11.3265509199111, 44.5045473555325], [11.3266583525549, 44.5045420675295], [11.326765687678, 44.5045318031064], [11.3269892634334, 44.5044932496024], [11.3283350593576, 44.5042655937449]]], ""type"": ""MultiLineString""}";140
664;Precedente 31/12/2021;185.0;Percorso naturalistico;sterrato;44.539694082232586, 11.347525583496886;"{""coordinates"": [[[11.3481064148557, 44.540407790266], [11.3481012458721, 44.5403216467753], [11.3480828648432, 44.5402500720004], [11.3480731195223, 44.5402004589818], [11.3479995026552, 44.5401051063168], [11.3479019742658, 44.5399936342897], [11.3478234819712, 44.5398734667106], [11.3477576100961, 44.5397779459014], [11.3477127738601, 44.5397235078465], [11.3476527735028, 44.5396776803012], [11.3475256898061, 44.5396027716108], [11.3472693130011, 44.5394954463779], [11.3470058303299, 44.5393060968376], [11.3468701598339, 44.5392149438487], [11.3467666670606, 44.5391148249637]]], ""type"": ""MultiLineString""}";141
1411;Precedente 31/12/2021;60.0;Pedonale-Ciclabile;area pedonale;44.4924346338991, 11.3434111734403;"{""coordinates"": [[[11.3433355226261, 44.4921696122447], [11.3434868242545, 44.4926996555535]]], ""type"": ""MultiLineString""}";146
1654;Precedente 31/12/2021;42.0;Ciclabile;corsia ciclabile su strada;44.49019531628984, 11.357258982945629;"{""coordinates"": [[[11.3569994942551, 44.4901889915174], [11.357085528798063, 44.490208721562986], [11.357086979341318, 44.49020905421175], [11.3570872204819, 44.4902091095118], [11.357087220993932, 44.490209109472104], [11.3574079653247, 44.4901842425754], [11.357407965558291, 44.49018424259288], [11.357508426444348, 44.490191760829994], [11.3575184631232, 44.4901925119495], [11.357518651533507, 44.49019252604965], [11.357518651719703, 44.49019252606358], [11.3575201528064, 44.4901926384011]]], ""type"": ""MultiLineString""}";148
1653;Precedente 31/12/2021;138.0;Pedonale-Ciclabile;ciclabile contigua al pedonale;44.49946302280229, 11.374044955593133;"{""coordinates"": [[[11.3732699606138, 44.4997560022537], [11.3743947995808, 44.4993155937864], [11.3745090413054, 44.4992780222639], [11.3746151476005, 44.4992597548388], [11.3748379201179, 44.4992450695501]]], ""type"": ""MultiLineString""}";149
1892;Precedente 31/12/2021;53.0;Pedonale-Ciclabile;promiscuo ciclopedonale;44.5023250480038, 11.358325646516;"{""coordinates"": [[[11.3580332026947, 44.5024407437954], [11.3586180903373, 44.5022093522122]]], ""type"": ""MultiLineString""}";150
1635;Precedente 31/12/2021;212.0;Ciclabile;sede propria;44.50876730575183, 11.338981523195644;"{""coordinates"": [[[11.3389810442041, 44.5078746653686], [11.3389975890192, 44.5079752691387], [11.3389939909426, 44.5079912661103], [11.3388505036346, 44.5081655719633], [11.3388344458398, 44.5082144290514], [11.338837172507, 44.5082560767576], [11.3389658749992, 44.5087447819626], [11.3390492249363, 44.5090643540285], [11.3390292082059, 44.5090816858451], [11.3388864157373, 44.5091014244387], [11.3389263877366, 44.5092562490657], [11.3390381930099, 44.5092431031296], [11.3390903929932, 44.5092742052052], [11.3391102085097, 44.5093597234162], [11.3391535639338, 44.5093878671627], [11.3393348544751, 44.5093647510103]]], ""type"": ""MultiLineString""}";155
1638;Precedente 31/12/2021;253.0;Ciclabile;sede propria;44.50988064116125, 11.338436187733668;"{""coordinates"": [[[11.3390463956023, 44.5091689229454], [11.3384525472268, 44.5092483985863], [11.3383400028026, 44.5093136581788], [11.3382393536093, 44.5094879236609], [11.3381750875878, 44.509621298629], [11.3385312797634, 44.5110115838083]]], ""type"": ""MultiLineString""}";157
1898;Precedente 31/12/2021;47.0;Pedonale-Ciclabile;promiscuo ciclopedonale;44.488150969744396, 11.3755263084876;"{""coordinates"": [[[11.3754795454568, 44.4883593376373], [11.3755730715184, 44.4879426018515]]], ""type"": ""MultiLineString""}";159
1897;Precedente 31/12/2021;210.0;Ciclabile;sede propria;44.48804178030484, 11.395138894133584;"{""coordinates"": [[[11.3945652199181, 44.4886554227077], [11.3945085660574, 44.488573575704], [11.3944306415936, 44.4885019815685], [11.3943725633021, 44.4884153067946], [11.3943978330005, 44.4883659216688], [11.3945315204744, 44.4882995646851], [11.3948061008674, 44.4881764751042], [11.395295118236, 44.4879609187247], [11.3957843156544, 44.4877502824786], [11.3959251982876, 44.4876935722399], [11.3959300208019, 44.4876446409845], [11.3958939660463, 44.4875965786442], [11.395778792014, 44.4874476531244]]], ""type"": ""MultiLineString""}";160
1879;Precedente 31/12/2021;76.0;Pedonale-Ciclabile;ciclabile contigua al pedonale;44.50309352212626, 11.279168010032633;"{""coordinates"": [[[11.27906440959, 44.5033843140893], [11.2791547831208, 44.5033193930871], [11.2792105851016, 44.5032696689916], [11.2792366995635, 44.5032313753331], [11.2792497763831, 44.5031807751351], [11.2792507299866, 44.5031412113534], [11.2792445179916, 44.5031107788139], [11.2792304370849, 44.5030715262556], [11.2790501072938, 44.5027705793395]]], ""type"": ""MultiLineString""}";161
657;Precedente 31/12/2021;293.0;Ciclabile;sede propria;44.48769953231468, 11.387216677141389;"{""coordinates"": [[[11.3881420110603, 44.4887557212801], [11.3877747808166, 44.4885869732314], [11.3873047293228, 44.487880198107], [11.3866568770947, 44.486903455389], [11.3865482920562, 44.4866459295735], [11.3866120816264, 44.4864586826653]]], ""type"": ""MultiLineString""}";170
1641;Precedente 31/12/2021;206.0;Ciclabile;sede propria;44.512794302893866, 11.340267883131384;"{""coordinates"": [[[11.3414713751413, 44.5126154349693], [11.3414666210354, 44.5126160644159], [11.341338597968, 44.5126330147493], [11.3412355743248, 44.5126983904443], [11.3411569906993, 44.5127665426578], [11.3409839524122, 44.5127878690447], [11.340877567522, 44.5127367267045], [11.3407770010088, 44.5127067951369], [11.3390240238179, 44.5129488010998]]], ""type"": ""MultiLineString""}";179
899;Precedente 31/12/2021;55.0;Pedonale-Ciclabile;ciclabile contigua al pedonale;44.53678731599343, 11.35082198638464;"{""coordinates"": [[[11.3510452300808, 44.5369723261602], [11.3508931839801, 44.5368548011784], [11.3506050027308, 44.5365948133495]]], ""type"": ""MultiLineString""}";182
2312;2025;152.0;Itinerario ciclabile;corsia ciclabile su strada;44.48642184889791, 11.361310921298507;"{""coordinates"": [[[11.360863516096872, 44.48581732588806], [11.36175832650014, 44.48702637190777]]], ""type"": ""MultiLineString""}";183
1880;Precedente 31/12/2021;60.0;Ciclabile;sede propria;44.494918324781835, 11.311777769288556;"{""coordinates"": [[[11.3119394779836, 44.4951637282783], [11.3116938977487, 44.4947832055871], [11.311601245956, 44.4946845010648]]], ""type"": ""MultiLineString""}";187
2313;;89.0;Pedonale-Ciclabile;ciclabile contigua al pedonale;44.502027028568904, 11.352699286699131;"{""coordinates"": [[[11.352283090027349, 44.502132692871825], [11.352539692435773, 44.50195197530073], [11.3526863540151, 44.501933607890315], [11.352928041768914, 44.50199828692485], [11.353050446212416, 44.50223048084961]]], ""type"": ""MultiLineString""}";188
1644;Precedente 31/12/2021;231.0;Ciclabile;sede propria;44.51020116612786, 11.352485757405484;"{""coordinates"": [[[11.3529783759976, 44.5111799868166], [11.3525967161023, 44.5104281315675], [11.3522892179058, 44.5098134542753], [11.3520014993553, 44.509218200822]]], ""type"": ""MultiLineString""}";189
1883;Precedente 31/12/2021;143.0;Pedonale-Ciclabile;ciclabile contigua al pedonale;44.49773197606701, 11.32031110634425;"{""coordinates"": [[[11.3194827047228, 44.4979860524633], [11.3211395079657, 44.4974778996707]]], ""type"": ""MultiLineString""}";190
1885;Precedente 31/12/2021;65.0;Pedonale-Ciclabile;promiscuo ciclopedonale;44.5256904686081, 11.348735407836138;"{""coordinates"": [[[11.3486476184774, 44.5254032510067], [11.3486857433943, 44.5255262813051], [11.348757163604, 44.5257787131143], [11.3488329434172, 44.5259743364433]]], ""type"": ""MultiLineString""}";192
1886;Precedente 31/12/2021;58.0;Pedonale-Ciclabile;promiscuo ciclopedonale;44.530522438871614, 11.35404643924468;"{""coordinates"": [[[11.3537480935587, 44.5306750372791], [11.3538140205237, 44.5306396792066], [11.3543455427062, 44.530371296251]]], ""type"": ""MultiLineString""}";195
442;Precedente 31/12/2021;152.0;Pedonale-Ciclabile;promiscuo ciclopedonale;44.50758275346535, 11.34114611168585;"{""coordinates"": [[[11.3402062534647, 44.5077096523335], [11.342085969907, 44.5074558545972]]], ""type"": ""MultiLineString""}";197
686;2022;319.0;Ciclabile;corsia ciclabile su strada;44.53836045224638, 11.359734337647541;"{""coordinates"": [[[11.3589169352361, 44.5396512393393], [11.3590692335283, 44.539503472414], [11.3592403934621, 44.539332806174], [11.3593823871017, 44.539147260088], [11.3594915640152, 44.5389783708385], [11.3597661309851, 44.5382862568353], [11.3599222559018, 44.5379259093432], [11.3600215662692, 44.5376619651694], [11.3601461738077, 44.5374649588348], [11.3602465923059, 44.5373478123345], [11.3604173110303, 44.53718557695], [11.3605585731744, 44.5370845388724]]], ""type"": ""MultiLineString""}";202
449;Precedente 31/12/2021;207.0;Ciclabile;corsia ciclabile su strada;44.50581809341239, 11.354521012632146;"{""coordinates"": [[[11.35408832480169, 44.504938340444504], [11.3542212669713, 44.5052031307357], [11.354425981991575, 44.505619399790675]], [[11.354425928134923, 44.505619290278155], [11.354426039428207, 44.505619516582755]], [[11.354425985532, 44.5056194069898], [11.3544261173977, 44.5056196751265], [11.354426201311586, 44.50561984724731]], [[11.354426166855145, 44.505619776571635], [11.354426236468177, 44.5056199193591]], [[11.354426202231869, 44.50561984913495], [11.3545285974336, 44.5058298780761], [11.354773827791655, 44.506342104266935]], [[11.354773822163315, 44.506342092510714], [11.35477391292811, 44.50634228209615]], [[11.35477390728258, 44.506342270304025], [11.3547740319461, 44.5063425306956], [11.354779959575687, 44.5063543716065]], [[11.354795932380613, 44.50638627855296], [11.354854900924853, 44.50650407290361]], [[11.35483915769065, 44.506472624542894], [11.35489494381397, 44.50658406175499]], [[11.354893198961802, 44.5065805762742], [11.3549487861076, 44.5066916160129]]], ""type"": ""MultiLineString""}";204
688;2022;113.0;Ciclabile;corsia ciclabile su strada;44.5356984640785, 11.3644332294914;"{""coordinates"": [[[11.3637916353398, 44.5359126133476], [11.365074823643, 44.5354843148094]]], ""type"": ""MultiLineString""}";205
687;2022;256.0;Ciclabile;corsia ciclabile su strada;44.53639548910494, 11.362338854961266;"{""coordinates"": [[[11.3608899193288, 44.5368887851451], [11.3611341822559, 44.5367924358885], [11.3627564106233, 44.536258042118], [11.3637916353398, 44.5359126133476]]], ""type"": ""MultiLineString""}";206
1670;Precedente 31/12/2021;55.0;Pedonale-Ciclabile;promiscuo ciclopedonale;44.50914754483362, 11.280168498577236;"{""coordinates"": [[[11.2800093249449, 44.508941262646], [11.280213207021, 44.5091572834244], [11.2802581330971, 44.509254796827], [11.2802549789917, 44.5093065517029], [11.2802080620818, 44.5093748622599]]], ""type"": ""MultiLineString""}";207
1418;Precedente 31/12/2021;69.0;Ciclabile;corsia ciclabile su strada;44.4901516355739, 11.3395344689668;"{""coordinates"": [[[11.3399657848459, 44.4901104665917], [11.3391031530877, 44.4901928045561]]], ""type"": ""MultiLineString""}";212
1677;Precedente 31/12/2021;133.0;Pedonale-Ciclabile;ciclabile contigua al pedonale;44.50741315014174, 11.35994839530526;"{""coordinates"": [[[11.3594030674155, 44.5077931406864], [11.3594803610284, 44.5077962871271], [11.3595503300511, 44.5077822314377], [11.3595978441381, 44.5077576027327], [11.3602226853976, 44.507080924895], [11.3604971095641, 44.5072126010638]]], ""type"": ""MultiLineString""}";215
1660;Precedente 31/12/2021;117.0;Percorso naturalistico;pavimentato;44.48070316494376, 11.372075080518911;"{""coordinates"": [[[11.3719721748571, 44.4802878526618], [11.3720692191799, 44.4803226328114], [11.3721576606703, 44.480368107918], [11.3721861741637, 44.4803968823912], [11.3722363703207, 44.4804545734587], [11.3722370023187, 44.4805263474478], [11.3722152612522, 44.4806083758997], [11.3721610845199, 44.4807334984787], [11.3720236215718, 44.4809402976442], [11.3719016927429, 44.4810244092883], [11.3718450030854, 44.481087585944], [11.3717917771146, 44.4811591641437]]], ""type"": ""MultiLineString""}";226
1664;Precedente 31/12/2021;212.0;Pedonale-Ciclabile;promiscuo ciclopedonale;44.491246731858496, 11.393871552744287;"{""coordinates"": [[[11.3926203040931, 44.4913123913112], [11.3936613367734, 44.4913925424253], [11.3937698369182, 44.4913937946697], [11.3939265927625, 44.4913693096732], [11.3940924743231, 44.4913269742636], [11.3943010380408, 44.4912411645558], [11.3946433821692, 44.4910500286504], [11.3950625046053, 44.4908612527023]]], ""type"": ""MultiLineString""}";228
1667;Precedente 31/12/2021;415.0;Ciclabile;sede propria;44.523279152401614, 11.273918370866962;"{""coordinates"": [[[11.2730011782857, 44.5224078915616], [11.2733967750082, 44.5230161105011], [11.2734942804533, 44.5231237566618], [11.2735291758905, 44.5231546362454], [11.2735637065639, 44.5231762341456], [11.2736055666593, 44.5231865375823], [11.2736497970271, 44.5231912197679], [11.2736961794368, 44.5231847120179], [11.2745014129654, 44.5228972827424], [11.2745422868792, 44.5228815999129], [11.2746138649074, 44.5229879130447], [11.2738573777279, 44.5232650642893], [11.2737789412105, 44.5233130894167], [11.2737481617659, 44.5233880176818], [11.2737454944959, 44.5234530903939], [11.273874360805616, 44.52365702284782], [11.27387436129126, 44.52365702361636], [11.273875008410563, 44.52365804769028], [11.2738780580611, 44.5236628737982], [11.274245371593, 44.5242441517912], [11.274336637859, 44.5245065660181]]], ""type"": ""MultiLineString""}";229
2020;Precedente 31/12/2021;98.0;Ciclabile;sede propria;44.51373462369734, 11.349821010584082;"{""coordinates"": [[[11.3499731157457, 44.5141661782575], [11.3499634680949, 44.5140974280021], [11.3498945323366, 44.513774601432], [11.3498796478789, 44.5137248549806], [11.3495603308235, 44.5133557553616]]], ""type"": ""MultiLineString""}";230
2022;Precedente 31/12/2021;85.0;Ciclabile;sede propria;44.51682674810945, 11.350248080678348;"{""coordinates"": [[[11.3502387038145, 44.5172110084479], [11.3502574575422, 44.516442487771]]], ""type"": ""MultiLineString""}";231
2026;Precedente 31/12/2021;70.0;Ciclabile;sede propria;44.4973517439831, 11.3597204799157;"{""coordinates"": [[[11.3592885395583, 44.4972894511488], [11.3601524202731, 44.4974140368174]]], ""type"": ""MultiLineString""}";237
2263;2023;403.0;Itinerario ciclabile;promiscuo veicolare;44.51359501837712, 11.314282599970939;"{""coordinates"": [[[11.311867158534529, 44.51407547316499], [11.312592635964695, 44.51404662732387], [11.312745263234516, 44.51402117147088], [11.313461722561208, 44.51382939045666], [11.316007149514105, 44.51314250883079], [11.316273809630038, 44.51307468398323], [11.316482173696057, 44.51303660370251], [11.316684816334586, 44.51301766273893]]], ""type"": ""MultiLineString""}";241
2027;Precedente 31/12/2021;64.0;Ciclabile;sede propria;44.496520931976946, 11.3600213179221;"{""coordinates"": [[[11.360411684271, 44.496583800447], [11.3596309515732, 44.4964580635069]]], ""type"": ""MultiLineString""}";242
2266;2023;93.0;Ciclabile;corsia ciclabile su strada;44.500973247620585, 11.275278939547574;"{""coordinates"": [[[11.27484291574739, 44.500695898092026], [11.275714963347758, 44.501250597149145]]], ""type"": ""MultiLineString""}";243
2265;2023;95.0;Ciclabile;corsia ciclabile su strada;44.50309693853033, 11.278618253655015;"{""coordinates"": [[[11.27817156684115, 44.50281039487175], [11.278279907649587, 44.502878867062584], [11.278319126230148, 44.50290413079867], [11.279064409590006, 44.50338431408933]]], ""type"": ""MultiLineString""}";244
2009;Precedente 31/12/2021;72.0;Percorso naturalistico;pavimentato;44.46487232987285, 11.376324854451449;"{""coordinates"": [[[11.3767634985248, 44.4647973968944], [11.3758862103781, 44.4649472628513]]], ""type"": ""MultiLineString""}";248
2250;2022;422.0;Itinerario ciclabile;corsia ciclabile su strada;44.49278236214632, 11.313120219472122;"{""coordinates"": [[[11.3142136351752, 44.4945114304257], [11.3133453739601, 44.4931365361234], [11.3125403136359, 44.4918789149736], [11.3120397573403, 44.4910453404913]]], ""type"": ""MultiLineString""}";253
2252;2022;189.0;Itinerario ciclabile;corsia ciclabile su strada;44.490935938372736, 11.311321253367256;"{""coordinates"": [[[11.3111872440585, 44.4917808262592], [11.3113021219692, 44.4909905654558], [11.3114119919386, 44.4905664787519], [11.311421023598, 44.4900893008796]]], ""type"": ""MultiLineString""}";257
2016;Precedente 31/12/2021;224.0;Pedonale-Ciclabile;ciclabile contigua al pedonale;44.49838668784619, 11.31818857853109;"{""coordinates"": [[[11.3194827047228, 44.4979860524633], [11.3186605277084, 44.4982408350069], [11.316894347548, 44.4987869847087]]], ""type"": ""MultiLineString""}";258
2254;2022;77.0;Pedonale-Ciclabile;promiscuo ciclopedonale;44.5109470012048, 11.3390071007294;"{""coordinates"": [[[11.3385312806433, 44.5110115837902], [11.3394829208155, 44.5108824186194]]], ""type"": ""MultiLineString""}";261
2257;2023;85.0;Pedonale-Ciclabile;promiscuo ciclopedonale;44.47186224431964, 11.390087639802548;"{""coordinates"": [[[11.390556209581547, 44.47167818555013], [11.38961907002355, 44.47204630308914]]], ""type"": ""MultiLineString""}";263
2259;2023;509.0;Itinerario ciclabile;promiscuo veicolare;44.510511474084126, 11.301449536791605;"{""coordinates"": [[[11.298529731464116, 44.5113958585093], [11.298585550036021, 44.51139314116433], [11.299046750302775, 44.511267458875075], [11.299447378517687, 44.511163685061035], [11.299842753185775, 44.511071412332], [11.300306758978625, 44.510963147347816], [11.300758662517392, 44.510849373428826], [11.300955347966916, 44.51078781995955], [11.301629574723895, 44.51047768663596], [11.302100898918026, 44.51023608793017], [11.302385636786592, 44.51011114342054], [11.302635632491475, 44.510034387310924], [11.303068152188997, 44.50991453149758], [11.303203968206892, 44.509876894600346], [11.303578745902186, 44.50978013935558], [11.303995139085528, 44.50967716022236], [11.304360153341651, 44.50959666583081]]], ""type"": ""MultiLineString""}";265
380;Precedente 31/12/2021;139.0;Ciclabile;sede propria;44.494632073479224, 11.299204561495936;"{""coordinates"": [[[11.2997258101592, 44.4951326925086], [11.2988428510876, 44.4942847737941], [11.2986836238587, 44.4941311313454]]], ""type"": ""MultiLineString""}";268
383;Precedente 31/12/2021;807.0;Percorso naturalistico;sterrato;44.53534328093999, 11.344137397667446;"{""coordinates"": [[[11.3458723085601, 44.5386913774958], [11.3457863148535, 44.538528942428], [11.3457475630861, 44.5384630241272], [11.3457245815572, 44.5382582119983], [11.3456633997766, 44.5380002708516], [11.3456344222772, 44.5378237814933], [11.345587245608, 44.5376695115607], [11.3455455733793, 44.537563158859], [11.34539827396, 44.5374043943741], [11.3450809537098, 44.5370941758828], [11.3449183923886, 44.5369085700076], [11.3447783014173, 44.5367491768959], [11.3446492138507, 44.5365971634114], [11.3445855704862, 44.5364782179579], [11.3445314094816, 44.5362656329457], [11.3445067583062, 44.5361211443608], [11.3443511201849, 44.5357768510234], [11.3442795089857, 44.535528253531], [11.3441848638664, 44.5353677848232], [11.344055242416, 44.5352025375686], [11.3439300895598, 44.5350184440996], [11.3438827061428, 44.5349071243598], [11.3438110133862, 44.5347886340371], [11.3435808761645, 44.5343289157515], [11.3433509019806, 44.5339357749337], [11.3431911003396, 44.5336250434497], [11.3430335751764, 44.5333047952082], [11.3428614315932, 44.5330171469419], [11.3427697542839, 44.5328667836883], [11.3427331372508, 44.5327572306485], [11.3426578006522, 44.5325514716345], [11.3425319443341, 44.5322858404436], [11.342521179118, 44.5321892716006], [11.3424312360707, 44.5320740000758], [11.3423912683053, 44.5320319853584], [11.3423533815281, 44.5319711083454]]], ""type"": ""MultiLineString""}";269
387;Precedente 31/12/2021;349.0;Ciclabile;sede propria;44.52922563892078, 11.334534282240405;"{""coordinates"": [[[11.3342258491964, 44.5304195996336], [11.3340913723494, 44.5304039197725], [11.3339952653422, 44.5303234734462], [11.333865251275, 44.5299536343706], [11.3339260035534, 44.5298937776721], [11.3340377362499, 44.5297157199686], [11.3342247909014, 44.5296531177374], [11.3341553153534, 44.5294044430569], [11.33407056806, 44.5291454378927], [11.3340618384027, 44.5290205297966], [11.3341609208048, 44.5289594614743], [11.3348994728302, 44.5287061498805], [11.3350816301741, 44.5286555933787], [11.3352223778209, 44.5286322950069], [11.3355038720268, 44.5285857033673], [11.3356896735498, 44.5285553620043], [11.3357738684, 44.5285154574677], [11.3357453716953, 44.5283617699071]]], ""type"": ""MultiLineString""}";273
1170;Precedente 31/12/2021;29.0;Ciclabile;sede propria;44.49560168151229, 11.310722509722892;"{""coordinates"": [[[11.3108618363731, 44.4955456454439], [11.3108066661498, 44.4955896393964], [11.3107403157869, 44.495578120608], [11.3106371754343, 44.4956209423702], [11.3106033038457, 44.4956865093887]]], ""type"": ""MultiLineString""}";294
1176;Precedente 31/12/2021;166.0;Ciclabile;sede propria;44.49926939712813, 11.39016380558255;"{""coordinates"": [[[11.3896041195394, 44.4986599819617], [11.3897534474885, 44.4989289936772], [11.3898179996398, 44.4990447941163], [11.3899334707683, 44.4992083718922], [11.3900304207254, 44.4993176808942], [11.3901560783485, 44.4994612808064], [11.390231701461, 44.4995122747962], [11.3902898840358, 44.4995363547863], [11.390372480194, 44.4995579553364], [11.3905082747064, 44.499538088652], [11.3908414497121, 44.499452014332], [11.3909239616758, 44.4994384750233]]], ""type"": ""MultiLineString""}";299
1179;Precedente 31/12/2021;150.0;Percorso naturalistico;sterrato;44.513077519966565, 11.333159421682232;"{""coordinates"": [[[11.3333495872166, 44.5124920518522], [11.3332738379682, 44.5125229816139], [11.3331422683104, 44.5126982797295], [11.3330467423893, 44.5128765129816], [11.333012897747, 44.5129286201145], [11.3329893094609, 44.5129805173853], [11.3330019114541, 44.5130390190892], [11.3331241132656, 44.5132715562995], [11.3333625093834, 44.5137147175201]]], ""type"": ""MultiLineString""}";301
1361;Precedente 31/12/2021;262.0;Itinerario ciclabile;promiscuo veicolare;44.49525092770482, 11.351339862712502;"{""coordinates"": [[[11.3520354564855, 44.4941970133643], [11.3520501525662, 44.4942779362447], [11.351937465475, 44.4947285490541], [11.3518732399642, 44.4947965063872], [11.3513889888252, 44.4952424526349], [11.3508202900913, 44.4957802816237], [11.3505631500071, 44.4960378147993], [11.3503965516751, 44.4961760538657]]], ""type"": ""MultiLineString""}";305
2271;2023;346.0;Itinerario ciclabile;corsia ciclabile su strada;44.48240869599672, 11.393846613672144;"{""coordinates"": [[[11.392949583098362, 44.48098485155462], [11.393410918268398, 44.48172681732195], [11.393922220283676, 44.48253204524795], [11.394618541156415, 44.483628672884244], [11.394654048758131, 44.48368460033695], [11.394783516238574, 44.48379978258016]]], ""type"": ""MultiLineString""}";309
2270;2023;252.0;Itinerario ciclabile;promiscuo veicolare;44.46883648647141, 11.386898809025286;"{""coordinates"": [[[11.388431062044418, 44.46855035346756], [11.38752999158371, 44.46871904693347], [11.386336668607354, 44.4689389757642], [11.385526640346898, 44.469091889326265], [11.385455772404157, 44.46911774352361], [11.385376256593931, 44.46915480185553], [11.385376256166182, 44.46915480205488]]], ""type"": ""MultiLineString""}";311
2273;2023;391.0;Percorso naturalistico;sterrato;44.48044617467332, 11.399102492273075;"{""coordinates"": [[[11.400144586259017, 44.48204209261075], [11.398868082485627, 44.479968101319514], [11.39866442641749, 44.47987161081087], [11.397995454890337, 44.47890568197588]]], ""type"": ""MultiLineString""}";313
2037;Precedente 31/12/2021;302.0;Percorso naturalistico;pavimentato;44.49523890001529, 11.301746198867011;"{""coordinates"": [[[11.3002952161112, 44.4948270067962], [11.3003438276681, 44.49480091136], [11.3004287402007, 44.4947964957844], [11.3019164673538, 44.494950283506], [11.3020210144183, 44.4949808057426], [11.3020620556098, 44.4950111121894], [11.3027787477109, 44.4963315791937]]], ""type"": ""MultiLineString""}";314
2039;Precedente 31/12/2021;658.0;Ciclabile;corsia ciclabile su strada;44.50863357070925, 11.333308760677731;"{""coordinates"": [[[11.3373746036592, 44.5080910020806], [11.335818542531, 44.508297062469], [11.3325144613239, 44.5087471202866], [11.332120188125323, 44.50879764313978], [11.332120187820909, 44.50879764317879], [11.3321147834904, 44.5087983356991], [11.332106033483612, 44.50879945694018], [11.3312691038362, 44.5089067025603], [11.3295615996257, 44.5091268094391], [11.329239101875, 44.5091276619253]]], ""type"": ""MultiLineString""}";318
2218;Precedente 31/12/2021;237.0;Pedonale-Ciclabile;ciclabile contigua al pedonale;44.50873099092944, 11.35581941144415;"{""coordinates"": [[[11.355457506084639, 44.507736907755834], [11.3554625173701, 44.5077283565972], [11.3554666277315, 44.5077213427576]], [[11.3562913617369, 44.5097436428674], [11.3557998450706, 44.5087038355101], [11.3554006120176, 44.5078339906693], [11.355457506521384, 44.50773690701058]]], ""type"": ""MultiLineString""}";326
1162;Precedente 31/12/2021;322.0;Ciclabile;sede propria;44.52304149548179, 11.271186860654355;"{""coordinates"": [[[11.2693728907469, 44.5236760910318], [11.2698125041088, 44.5235213033183], [11.2707986389502, 44.52317700004], [11.2711803242112, 44.5230436982092], [11.2730011782857, 44.5224078915616]]], ""type"": ""MultiLineString""}";327
1164;Precedente 31/12/2021;66.0;Pedonale-Ciclabile;ciclabile contigua al pedonale;44.5246241931314, 11.26669346932505;"{""coordinates"": [[[11.2670665425632, 44.5244947749339], [11.2663203960869, 44.5247536113289]]], ""type"": ""MultiLineString""}";328
1163;Precedente 31/12/2021;205.0;Pedonale-Ciclabile;ciclabile contigua al pedonale;44.52408437562566, 11.26821934158157;"{""coordinates"": [[[11.2693728907469, 44.5236760910318], [11.2686917922459, 44.5239159025139], [11.2673631932578, 44.5243885151337], [11.2670665425632, 44.5244947749339]]], ""type"": ""MultiLineString""}";329
1166;Precedente 31/12/2021;199.0;Pedonale-Ciclabile;promiscuo ciclopedonale;44.4968131179483, 11.312913560294588;"{""coordinates"": [[[11.3134029158667, 44.4976356076599], [11.3129662093419, 44.4969042828924], [11.3124263235137, 44.4959893704913]]], ""type"": ""MultiLineString""}";331
1390;Precedente 31/12/2021;7.0;Ciclabile;corsia preferenziale bus/bici;44.4899779410447, 11.35031906160495;"{""coordinates"": [[[11.3502910110505, 44.4900028693037], [11.3503471121594, 44.4899530127857]]], ""type"": ""MultiLineString""}";332
1393;Precedente 31/12/2021;53.0;Ciclabile;corsia preferenziale bus/bici;44.4905602473183, 11.34971068885325;"{""coordinates"": [[[11.3495183443609, 44.490756417343], [11.3499030333456, 44.4903640772936]]], ""type"": ""MultiLineString""}";334
1392;Precedente 31/12/2021;10.0;Ciclabile;corsia preferenziale bus/bici;44.4903274792929, 11.34994114135195;"{""coordinates"": [[[11.3499030333456, 44.4903640772936], [11.3499792493583, 44.4902908812922]]], ""type"": ""MultiLineString""}";336
1167;Precedente 31/12/2021;77.0;Ciclabile;sede propria;44.49429235417363, 11.31171264326831;"{""coordinates"": [[[11.3116371351718, 44.4946373763484], [11.3116640326304, 44.4945275029111], [11.3116855546473, 44.4943752787838], [11.3117044803544, 44.4942270497649], [11.3118260339597, 44.493959264277]]], ""type"": ""MultiLineString""}";337
1395;Precedente 31/12/2021;142.0;Pedonale-Ciclabile;area pedonale;44.491816276888336, 11.348453133060849;"{""coordinates"": [[[11.3480725738943, 44.4923879737964], [11.3481013584136, 44.4922833100258], [11.3481539115041, 44.4921563977195], [11.3483491407882, 44.4919214143345], [11.348569774261, 44.4916889741604], [11.3487135389052, 44.4915200491294], [11.348867363605, 44.4912590077311]]], ""type"": ""MultiLineString""}";338
1169;Precedente 31/12/2021;124.0;Ciclabile;sede propria;44.49507069456316, 11.31121707563334;"{""coordinates"": [[[11.3116371351718, 44.4946373763484], [11.3115835039328, 44.4947077973893], [11.3115344898878, 44.4947559546017], [11.3114345137534, 44.4948030006246], [11.3113260671881, 44.4948630811424], [11.3112677356455, 44.4949028518176], [11.3111868167691, 44.4949773811337], [11.3111386489972, 44.4950469591932], [11.311097059513, 44.4951314107343], [11.3110726357078, 44.4952712537701], [11.3110419720986, 44.4954047917358], [11.3110022742506, 44.4954613352719], [11.310917345214, 44.4955102198161], [11.3108618363731, 44.4955456454439]]], ""type"": ""MultiLineString""}";340
2207;Precedente 31/12/2021;122.0;Itinerario ciclabile;corsia ciclabile su strada;44.531703725172044, 11.35345994623327;"{""coordinates"": [[[11.3530476436744, 44.5312424705313], [11.353701085129, 44.531973514774], [11.3538722981872, 44.5321649356467]]], ""type"": ""MultiLineString""}";352
1190;Precedente 31/12/2021;74.0;Pedonale-Ciclabile;promiscuo ciclopedonale;44.5178342611939, 11.325872129322024;"{""coordinates"": [[[11.3263175382888, 44.5179209569031], [11.3262388991257, 44.5179009696422], [11.3260513254987, 44.5178679640775], [11.3255302263119, 44.5177732941207], [11.3254305324108, 44.5177348818866]]], ""type"": ""MultiLineString""}";355
1195;Precedente 31/12/2021;379.0;Pedonale-Ciclabile;ciclabile contigua al pedonale;44.50953185891923, 11.349656105567131;"{""coordinates"": [[[11.3520014993553, 44.509218200822], [11.3509771349192, 44.5093589721894], [11.3499359367875, 44.5094930300535], [11.3488405301497, 44.5096407235595], [11.3473103375949, 44.5098427800947]]], ""type"": ""MultiLineString""}";357
394;2022;111.0;Itinerario ciclabile;corsia ciclabile su strada;44.52063671457372, 11.321827870091242;"{""coordinates"": [[[11.321678141135, 44.5211270944889], [11.3217032260729, 44.5210213499688], [11.3219850211652, 44.5201484094517]]], ""type"": ""MultiLineString""}";359
1196;Precedente 31/12/2021;89.0;Pedonale-Ciclabile;promiscuo ciclopedonale;44.50819651722346, 11.360147670495223;"{""coordinates"": [[[11.3597895305412, 44.5079539397355], [11.3597467207372, 44.5080024158909], [11.3605418113876, 44.5083919538085], [11.3606016144529, 44.5084174083247]]], ""type"": ""MultiLineString""}";360
1199;Precedente 31/12/2021;110.0;Ciclabile;sede propria;44.50595513780228, 11.36562552076629;"{""coordinates"": [[[11.3652127567642, 44.5063494796685], [11.3653691137201, 44.5061862907789], [11.3657766841238, 44.5058222174835], [11.3660385763745, 44.5055608747832]]], ""type"": ""MultiLineString""}";361
396;2022;58.0;Itinerario ciclabile;corsia ciclabile su strada;44.5188775254557, 11.3229139899136;"{""coordinates"": [[[11.3226288092646, 44.5190368031925], [11.3231991705626, 44.5187182477189]]], ""type"": ""MultiLineString""}";362
1198;Precedente 31/12/2021;176.0;Ciclabile;sede propria;44.50665036968222, 11.364493600983954;"{""coordinates"": [[[11.3638248010336, 44.507264747467], [11.3649112642423, 44.5062016004411], [11.3652127567642, 44.5063494796685]]], ""type"": ""MultiLineString""}";363
1389;Precedente 31/12/2021;190.0;Ciclabile;corsia preferenziale bus/bici;44.48926058764875, 11.351039377041037;"{""coordinates"": [[[11.3503471121594, 44.4899530127857], [11.3504957473348, 44.489822278515], [11.3506747480544, 44.4896563198031], [11.3508178306054, 44.489513546937], [11.3509768994821, 44.4893438982688], [11.3512821178056, 44.4889929695703], [11.3517132568544, 44.4885493286494]]], ""type"": ""MultiLineString""}";371
2211;Precedente 31/12/2021;47.0;Pedonale-Ciclabile;promiscuo ciclopedonale;44.4937242435639, 11.28818779961134;"{""coordinates"": [[[11.28796723449651, 44.493701949882954], [11.28811867206738, 44.49368480140651], [11.288215579784262, 44.49369912072544], [11.2883359811553, 44.4937950582728], [11.2883951600001, 44.4937999343893]]], ""type"": ""MultiLineString""}";372
2213;Precedente 31/12/2021;78.0;Ciclabile;corsia ciclabile su strada;44.49397461007313, 11.31133888930794;"{""coordinates"": [[[11.3108541333729, 44.4939270525875], [11.3112517008999, 44.4939962413496], [11.3115219884139, 44.4939907646141], [11.3118260339597, 44.493959264277]]], ""type"": ""MultiLineString""}";374
2212;Precedente 31/12/2021;271.0;Itinerario ciclabile;corsia ciclabile su strada;44.49424935031058, 11.312480704974142;"{""coordinates"": [[[11.3141061262071, 44.4946096846332], [11.3134100853161, 44.4944410175738], [11.3128886357297, 44.4943118755001], [11.312067374438, 44.4941201463521], [11.3118979590501, 44.4940918736683], [11.3117645794417, 44.4940804881802], [11.3116417230058, 44.4940864978443], [11.3112415706682, 44.4940523218322], [11.3108438647438, 44.4939622893956]]], ""type"": ""MultiLineString""}";375
2217;Precedente 31/12/2021;105.0;Pedonale-Ciclabile;ciclabile contigua al pedonale;44.51019180146012, 11.356484286607694;"{""coordinates"": [[[11.3566354603971, 44.510650516768], [11.3566120765546, 44.510445627685], [11.3563526397289, 44.5099023080366], [11.3562913617369, 44.5097436428674]]], ""type"": ""MultiLineString""}";378
2216;Precedente 31/12/2021;381.0;Pedonale-Ciclabile;ciclabile contigua al pedonale;44.50240421282189, 11.36391062811642;"{""coordinates"": [[[11.3638870401769, 44.503359531071], [11.3648955338654, 44.5021152273569], [11.3646358894353, 44.5019843443674], [11.3626330577471, 44.5023782534809], [11.3623804489378, 44.5025810828269]]], ""type"": ""MultiLineString""}";379
1185;Precedente 31/12/2021;262.0;Ciclabile;sede propria;44.515507738032696, 11.329660618307456;"{""coordinates"": [[[11.3311808066546, 44.5150600589315], [11.33110193295, 44.5150855529514], [11.3307946650516, 44.5151796518189], [11.3302012548309, 44.5153659216065], [11.3300672611058, 44.5154004736548], [11.329729198949, 44.5154634331045], [11.3294553124764, 44.5155432587409], [11.3291902640825, 44.5156319938707], [11.3287829764526, 44.5157599963358], [11.328309692116, 44.5159287394136], [11.3281467466797, 44.5159759851613]]], ""type"": ""MultiLineString""}";386
2000;Precedente 31/12/2021;289.0;Ciclabile;sede propria;44.49151022261869, 11.287420844416285;"{""coordinates"": [[[11.2879888193907, 44.4925988836527], [11.2877813446507, 44.4925336609848], [11.2877098102383, 44.4925031043762], [11.2876505525384, 44.4924503145285], [11.2872442908515, 44.4917729353479], [11.2874947871003, 44.4911625833689], [11.2874251074194, 44.4909151813912], [11.2872827532434, 44.4905579409281], [11.2869535169998, 44.4903475884313]]], ""type"": ""MultiLineString""}";388
2002;2022;59.0;Itinerario ciclabile;corsia ciclabile su strada;44.49101795297355, 11.31167093965475;"{""coordinates"": [[[11.3120397573403, 44.4910453404913], [11.3113021219692, 44.4909905654558]]], ""type"": ""MultiLineString""}";389
2001;Precedente 31/12/2021;145.0;Ciclabile;sede propria;44.492489137110546, 11.311925269636959;"{""coordinates"": [[[11.3119174702151, 44.4931266084058], [11.3118501635324, 44.4929830384586], [11.3120117618572, 44.4918398548084]]], ""type"": ""MultiLineString""}";390
2240;2022;378.0;Pedonale-Ciclabile;ciclabile contigua al pedonale;44.50485125554374, 11.400363730868733;"{""coordinates"": [[[11.402656627943, 44.5049158413572], [11.4023409859934, 44.5048676382476], [11.4019679382473, 44.5048484735818], [11.4017476699809, 44.5048453554435], [11.4012784561229, 44.5048480342265], [11.4005906086088, 44.5048551089323], [11.3999614869682, 44.5048615750665], [11.3990106917763, 44.5048713835922], [11.3983792765611, 44.504878579153], [11.3983493584208, 44.5045456727815]]], ""type"": ""MultiLineString""}";391
2006;Precedente 31/12/2021;164.0;Percorso naturalistico;sterrato;44.50031004949412, 11.388054243826794;"{""coordinates"": [[[11.388391109707, 44.5010037489439], [11.3883948688662, 44.5009245158707], [11.3876774020937, 44.499625652378]]], ""type"": ""MultiLineString""}";394
2243;2022;27.0;Itinerario ciclabile;corsia ciclabile su strada;44.454017633021095, 11.3665929671781;"{""coordinates"": [[[11.3667073973088, 44.4541090352714], [11.3664785370474, 44.4539262307708]]], ""type"": ""MultiLineString""}";399
2007;Precedente 31/12/2021;183.0;Percorso naturalistico;pavimentato;44.49371307175571, 11.39971335395165;"{""coordinates"": [[[11.39866341787, 44.4940486817673], [11.4007632900333, 44.4933774617441]]], ""type"": ""MultiLineString""}";400
2246;2022;67.0;Itinerario ciclabile;corsia ciclabile su strada;44.54135509639074, 11.356454362448295;"{""coordinates"": [[[11.3567093246105, 44.5411107927579], [11.3566326483212, 44.541226213318], [11.356444559068, 44.5413847258258], [11.3561588421536, 44.5415545140515]]], ""type"": ""MultiLineString""}";401
2248;2022;127.0;Ciclabile;sede propria;44.53442854001059, 11.367926458370167;"{""coordinates"": [[[11.3676809532806, 44.5344754085216], [11.3676741241429, 44.534447894127], [11.3676728709723, 44.5344195731083], [11.3676864190527, 44.5343691107075], [11.3676992617678, 44.5343472910998], [11.3677169733894, 44.5343258426863], [11.3677420766842, 44.5343037293214], [11.3677637542554, 44.5342892615059], [11.3677946886904, 44.5342735775365], [11.3678284139737, 44.5342614248277], [11.3678835804544, 44.5342502273841], [11.367920614876, 44.5342477167019], [11.3679583254532, 44.5342492278196], [11.3680023563327, 44.5342562327068], [11.3680341960244, 44.5342651858019], [11.3680652099876, 44.5342753511304], [11.3681032457098, 44.5342994956532], [11.3681278969314, 44.5343193905825], [11.3681479420867, 44.5343412584345], [11.3681645365387, 44.5343671334625], [11.3681750988322, 44.5343939165107], [11.3681797424921, 44.5344206371714], [11.3681778987775, 44.5344530577214], [11.3681694158486, 44.534481388642], [11.3681543491547, 44.5345088865365], [11.3681355427943, 44.5345318661395], [11.3681075124166, 44.5345561055735], [11.3680802386665, 44.5345732226957], [11.3680262907668, 44.5345955425891], [11.3679911979427, 44.534602920188], [11.3679485075737, 44.5346092656602], [11.3679081295985, 44.5346093729202], [11.3678327862041, 44.5345968572057], [11.367796156708, 44.5345838533944], [11.367745046974, 44.5345549610724], [11.3677144658807, 44.5345278119007], [11.367698555117, 44.5345079077221], [11.3676809532806, 44.5344754085216]]], ""type"": ""MultiLineString""}";403
2229;Precedente 31/12/2021;227.0;Itinerario ciclabile;promiscuo veicolare;44.49857839924815, 11.31395895720959;"{""coordinates"": [[[11.3134029158667, 44.4976356076599], [11.313502072443193, 44.497801655836035], [11.3135020728782, 44.4978016565645], [11.313502072932883, 44.49780165666173], [11.313505204217758, 44.49780722405942], [11.3135075591481, 44.4978114111054], [11.3135594680078, 44.4979037046128], [11.3145160939903, 44.4995205695724]]], ""type"": ""MultiLineString""}";406
1131;Precedente 31/12/2021;185.0;Ciclabile;corsia ciclabile su strada;44.50314280339187, 11.353212944640093;"{""coordinates"": [[[11.352873341923056, 44.50246416681981], [11.352886097494432, 44.50248820027503], [11.352935208000321, 44.502579138740316], [11.3530038499661, 44.5027071611253], [11.3532157052606, 44.5031375985892], [11.3534405479781, 44.5036217714029], [11.3535421836958, 44.5038266462295]]], ""type"": ""MultiLineString""}";407
2230;Precedente 31/12/2021;103.0;Ciclabile;sede propria;44.49993957604282, 11.314611021495061;"{""coordinates"": [[[11.3145160939903, 44.4995205695724], [11.31457736565, 44.4996229352653], [11.3144673849724, 44.499770158678], [11.3148238044642, 44.5003645160969]]], ""type"": ""MultiLineString""}";411
2233;2022;2222.0;Itinerario ciclabile;corsia ciclabile su strada;44.526856365297554, 11.397322159595811;"{""coordinates"": [[[11.3840383428452, 44.5290141481202], [11.384038343242857, 44.52901414799293]], [[11.38403834327433, 44.529014147982856], [11.384038344012014, 44.529014147746764]], [[11.384038343965951, 44.52901414776151], [11.386229098531, 44.5283130078692], [11.3875589532726, 44.5278872265922], [11.3890414325792, 44.5274149904912], [11.3894978996952, 44.527272130773], [11.3896542474376, 44.5272244469615], [11.3898460033379, 44.5271840333677], [11.3900054324943, 44.5271593577577], [11.3901598542678, 44.5271405748949], [11.3902888212547, 44.5271246392698], [11.3906791068923, 44.5271177118211], [11.391626774955, 44.5271480511734], [11.3926547219386, 44.5271841464245], [11.3939735655135, 44.5272329051705], [11.3960184044472, 44.5273085398712], [11.3985120648096, 44.5273955441963], [11.3987430270113, 44.5274028428685], [11.3991222259853, 44.5273939746896], [11.3992878056806, 44.5273798462076], [11.3995611827477, 44.5273340531479], [11.3998353467654, 44.5272740897813], [11.4007669919908, 44.5270373511665], [11.4020800182692, 44.5266963483673], [11.403927402737, 44.5262217871377], [11.4052136162848, 44.5258910882049], [11.4078631639754, 44.5250824093326], [11.409557255794, 44.5245662695487], [11.409845404199, 44.5244663421578], [11.4101218888269, 44.524341453859], [11.4105187559116, 44.5241313888066]]], ""type"": ""MultiLineString""}";412
2232;Precedente 31/12/2021;243.0;Pedonale-Ciclabile;promiscuo ciclopedonale;44.550415594864575, 11.359112259661533;"{""coordinates"": [[[11.3576243045293, 44.5506016855486], [11.3577930966801, 44.5505980877481], [11.357956985718, 44.55059459313], [11.3580890262383, 44.5505920323004], [11.3582225339988, 44.5505839603753], [11.3583131420746, 44.55057848137], [11.3584228843646, 44.5505718456294], [11.3585740767026, 44.5505506838936], [11.3587304485937, 44.550528798499], [11.3589687696749, 44.5504936087546], [11.3593055713625, 44.5504095621845], [11.3594732879174, 44.5503677130236], [11.3599869163875, 44.5502395655122], [11.3603347471086, 44.5501527958174], [11.3605792818037, 44.5500882161529]]], ""type"": ""MultiLineString""}";413
2235;Precedente 31/12/2021;269.0;Itinerario ciclabile;promiscuo veicolare;44.52417824024786, 11.27549273569651;"{""coordinates"": [[[11.2747252413722, 44.5252580487311], [11.2748417211727, 44.5250199432414], [11.2750387876185, 44.5247653278767], [11.275219572095, 44.5245317412165], [11.2757211843674, 44.5238784347441], [11.2762975520199, 44.5231211042434]]], ""type"": ""MultiLineString""}";414
2236;2022;209.0;Ciclabile;corsia ciclabile su strada;44.511434223106704, 11.358689478139201;"{""coordinates"": [[[11.3582224048755, 44.5105565100395], [11.3591565514029, 44.5123119361739]]], ""type"": ""MultiLineString""}";416
2239;Precedente 31/12/2021;68.0;Pedonale-Ciclabile;promiscuo ciclopedonale;44.502439456383335, 11.403878462490596;"{""coordinates"": [[[11.4037779156823, 44.5021645820745], [11.4039999773277, 44.5025288105278], [11.4037260751442, 44.5026232549062]]], ""type"": ""MultiLineString""}";417
804;Precedente 31/12/2021;66.0;Ciclabile;sede propria;44.501562782998036, 11.302234439774528;"{""coordinates"": [[[11.3024080581141, 44.50181506974], [11.3023530334837, 44.5017932686056], [11.3023228816829, 44.5017550259403], [11.3022584238327, 44.5016204294414], [11.30225623026128, 44.501615848974744], [11.302251683060216, 44.50160635381874], [11.302251682657888, 44.50160635297862], [11.3020942724165, 44.5012776596179]]], ""type"": ""MultiLineString""}";423
803;Precedente 31/12/2021;148.0;Percorso naturalistico;pavimentato;44.5014846620576, 11.300584016771184;"{""coordinates"": [[[11.301384172726, 44.5013541075721], [11.3010928401253, 44.501393476695], [11.3010013808596, 44.5014156275372], [11.3003952686189, 44.5016293893853], [11.3002906542887, 44.5016403546698], [11.3001945310303, 44.5016237888672], [11.3001390557566, 44.5015882551711], [11.299903943614, 44.5012683901256]]], ""type"": ""MultiLineString""}";424
806;Precedente 31/12/2021;157.0;Ciclabile;sede propria;44.50838988934666, 11.304598699893996;"{""coordinates"": [[[11.3040769880695, 44.5089484822429], [11.3042340595593, 44.5089042565428], [11.3046196600281, 44.508370177943], [11.3046833895941, 44.50827772957], [11.3048932703782, 44.5079862607494], [11.3050719299857, 44.5077573626742]]], ""type"": ""MultiLineString""}";425
805;Precedente 31/12/2021;358.0;Ciclabile;sede propria;44.50173575460075, 11.304504720219523;"{""coordinates"": [[[11.3064524933798, 44.5023554914247], [11.3061966954553, 44.5020981100776], [11.3060548430459, 44.5019982729723], [11.3059219348877, 44.5019230539467], [11.3057420711885, 44.5018076922538], [11.3056218841774, 44.5017505767397], [11.3054831272425, 44.5017075065615], [11.3051014963878, 44.5016484234315], [11.3046921917713, 44.5016149698552], [11.3041062968954, 44.5015482859556], [11.3039020968211, 44.5015429649271], [11.3036669284786, 44.5015610491768], [11.3032899207878, 44.5016205843103], [11.3031159646402, 44.5016557860376], [11.302614759243, 44.5018020882871], [11.3024080581141, 44.50181506974]]], ""type"": ""MultiLineString""}";426
808;Precedente 31/12/2021;523.0;Ciclabile;corsia ciclabile su strada;44.508773045292045, 11.30743859330665;"{""coordinates"": [[[11.3043601533417, 44.5095966658308], [11.3105170332716, 44.5079494247533]]], ""type"": ""MultiLineString""}";427
2091;Precedente 31/12/2021;125.0;Ciclabile;sede propria;44.50649641844771, 11.41840054690831;"{""coordinates"": [[[11.4182557839336, 44.5059521799772], [11.4184825580192, 44.5066021537107], [11.4184132852014, 44.5070527817269]]], ""type"": ""MultiLineString""}";429
809;Precedente 31/12/2021;72.0;Ciclabile;sede propria;44.49692970349022, 11.299196649644173;"{""coordinates"": [[[11.2988998428817, 44.4966905245772], [11.2989846961354, 44.4967328858364], [11.299322261162, 44.497054292849], [11.2994971425023, 44.4971663153633]]], ""type"": ""MultiLineString""}";430
2093;Precedente 31/12/2021;693.0;Itinerario ciclabile;corsia ciclabile su strada;44.51903519517967, 11.398468941088709;"{""coordinates"": [[[11.3948263027152, 44.5172725861885], [11.3957913624414, 44.5177779558381], [11.395902099425, 44.5178389884793], [11.398503590372, 44.5191730218161], [11.3986388952986, 44.5192429398532], [11.3989057857257, 44.5193666314468], [11.3993192652284, 44.5195554228124], [11.3996754100069, 44.5197128648432], [11.399985249614, 44.5198420748023], [11.4000826138308, 44.5198744962107], [11.40024226908, 44.5199202178995], [11.4007212830291, 44.5200292830499], [11.4010001127428, 44.5200927678268], [11.401336651081, 44.5201687851857], [11.4016249706863, 44.5202402885106], [11.4019022503761, 44.5203205126813], [11.4020728611115, 44.5203810708515], [11.4021687836968, 44.520423963544], [11.4022405131306, 44.5204648177192]]], ""type"": ""MultiLineString""}";433
2092;Precedente 31/12/2021;526.0;Ciclabile;corsia ciclabile su strada;44.51177221733746, 11.3893538256353;"{""coordinates"": [[[11.3862784136625, 44.5125903357789], [11.3863948208716, 44.5124912459352], [11.3864671980521, 44.5124413226127], [11.386609012425, 44.5124042032361], [11.3892573146222, 44.5117969306152], [11.3908528093905, 44.5114340110399], [11.3915060833731, 44.5112827914289], [11.3923055167765, 44.5110402589004], [11.3924584255275, 44.5109899316722]]], ""type"": ""MultiLineString""}";434
2094;Precedente 31/12/2021;294.0;Itinerario ciclabile;corsia ciclabile su strada;44.503835954851496, 11.404464302939992;"{""coordinates"": [[[11.405184865147, 44.5050573733384], [11.4051429362526, 44.5049492122991], [11.4046723179412, 44.5041766366112], [11.4037260751442, 44.5026232549062]]], ""type"": ""MultiLineString""}";436
1146;Precedente 31/12/2021;166.0;Ciclabile;sede propria;44.51626276405217, 11.336655536764578;"{""coordinates"": [[[11.3371285031834, 44.5155964142945], [11.336712565324, 44.5161777551414], [11.336627763762, 44.5163056896349], [11.3364485690948, 44.5165683634503], [11.3363001444304, 44.5167545255538], [11.3362501202306, 44.5168242596718], [11.3361804485427, 44.5169272881993]]], ""type"": ""MultiLineString""}";438
1148;Precedente 31/12/2021;196.0;Ciclabile;corsia ciclabile su strada;44.51705902083344, 11.33472792031358;"{""coordinates"": [[[11.3334931876221, 44.5170646057508], [11.333495352506715, 44.51706459725846], [11.333495730491872, 44.517064595775715], [11.33438766151879, 44.5170610969402], [11.334387661656733, 44.51706109693966], [11.3356403375849, 44.5170561829868], [11.3358951940424, 44.5170467376467], [11.3359622670517, 44.5170409703286]]], ""type"": ""MultiLineString""}";440
2064;Precedente 31/12/2021;72.0;Pedonale-Ciclabile;promiscuo ciclopedonale;44.470900448174596, 11.376588827673102;"{""coordinates"": [[[11.3761405726217, 44.4709511136079], [11.37614337514873, 44.470950796843496], [11.376776913407504, 44.47087918919447], [11.376855226200481, 44.47087033764539], [11.3770370827245, 44.4708497827413]]], ""type"": ""MultiLineString""}";444
2066;Precedente 31/12/2021;104.0;Ciclabile;corsia ciclabile su strada;44.512442807865035, 11.403573156702917;"{""coordinates"": [[[11.402977302371, 44.5126051055171], [11.4032759021632, 44.5125719066014], [11.4041541433125, 44.5122211353081]]], ""type"": ""MultiLineString""}";446
2067;Precedente 31/12/2021;208.0;Ciclabile;sede propria;44.5130607588584, 11.4047324758269;"{""coordinates"": [[[11.4041541433125, 44.5122211353081], [11.4053108083413, 44.5139003824087]]], ""type"": ""MultiLineString""}";449
2069;Precedente 31/12/2021;390.0;Itinerario ciclabile;corsia ciclabile su strada;44.50924312935503, 11.398699987086946;"{""coordinates"": [[[11.3998262957686, 44.5106462475841], [11.3998310718443, 44.5099813684119], [11.3998374690533, 44.5097322827077], [11.3998198760557, 44.5096430162354], [11.3997820557243, 44.5095691196526], [11.399704302196, 44.5094872043754], [11.3995177593785, 44.5093686965447], [11.3992087782138, 44.5092460838456], [11.398800869003, 44.5090978235635], [11.3978164721052, 44.5087352362273], [11.3976314772173, 44.508677296776], [11.3975052494304, 44.5086501069783], [11.3972226197028, 44.508606299773], [11.3967731704283, 44.5085490587999]]], ""type"": ""MultiLineString""}";450
2053;Precedente 31/12/2021;119.0;Ciclabile;sede propria;44.51110913050509, 11.337798207826268;"{""coordinates"": [[[11.337065630226, 44.5112103003575], [11.3376768556735, 44.5111237386538], [11.3385312797634, 44.5110115838083]]], ""type"": ""MultiLineString""}";453
2290;2024;171.0;Pedonale-Ciclabile;promiscuo ciclopedonale;44.5162748902993, 11.320926614668986;"{""coordinates"": [[[11.321524163291473, 44.516905497123766], [11.321379259864084, 44.51664991762812], [11.321165731938938, 44.5164346251624], [11.320818254639407, 44.51614885039209], [11.320572398355974, 44.516000568289904], [11.32040875509981, 44.51590781063519], [11.320361965768136, 44.51585843345927], [11.320346824329814, 44.51580155113219], [11.320377021198242, 44.5156819829271]]], ""type"": ""MultiLineString""}";456
1725;Precedente 31/12/2021;173.0;Ciclabile;corsia ciclabile su strada;44.502137941018646, 11.3438226664333;"{""coordinates"": [[[11.3434891763869, 44.5013978161887], [11.3441561564797, 44.5028780658486]]], ""type"": ""MultiLineString""}";464
1728;Precedente 31/12/2021;336.0;Ciclabile;corsia preferenziale bus/bici;44.50163423716976, 11.342375326379274;"{""coordinates"": [[[11.3403483094477, 44.5020678371949], [11.342257738642, 44.5016575625086], [11.3434891763869, 44.5013978161887], [11.34438947041193, 44.50120534679298], [11.3443980645538, 44.501203509494], [11.3444027429402, 44.501202509325]]], ""type"": ""MultiLineString""}";465
2081;Precedente 31/12/2021;1084.0;Itinerario ciclabile;corsia ciclabile su strada;44.53680434980061, 11.35548952378471;"{""coordinates"": [[[11.3538722981872, 44.5321649356467], [11.3538877811653, 44.5322800608342], [11.3539239767765, 44.5324336450415], [11.3539746082582, 44.5325821614101], [11.3540687354555, 44.5328402120571], [11.354174656454, 44.5330987205505], [11.3542278979735, 44.5332535105756], [11.3543821272082, 44.5337212125674], [11.3544007655701, 44.5338349849996], [11.3544126660474, 44.533907627091], [11.3544431080789, 44.5341141642388], [11.3544975690399, 44.5344584973255], [11.3545806756114, 44.5347720406688], [11.3546286188236, 44.5348754410029], [11.3547106615732, 44.5350589537351], [11.354970060384, 44.5355142404984], [11.355430978275, 44.536183837579], [11.3559649931359, 44.5370194605811], [11.356142228623, 44.5373530679838], [11.356312939749, 44.5376612747537], [11.3564824205587, 44.5380137177573], [11.3565258209909, 44.5381473985578], [11.3565529252935, 44.5382728354275], [11.3565066400097, 44.5387550076939], [11.3562186628882, 44.5410506136784], [11.3561818744056, 44.5413331792014], [11.3561588421536, 44.5415545140515]]], ""type"": ""MultiLineString""}";471
2089;Precedente 31/12/2021;633.0;Itinerario ciclabile;promiscuo veicolare;44.5099249991297, 11.41369798548771;"{""coordinates"": [[[11.414522817283, 44.5118693479767], [11.4146680067346, 44.5117610642195], [11.4147107434867, 44.5117150667879], [11.414744913184, 44.5116523443771], [11.4148186721476, 44.5114852793783], [11.4149274850161, 44.5112416401172], [11.4150254917208, 44.5110075864962], [11.4150331763458, 44.5108759036201], [11.4149919501334, 44.510767800046], [11.4149048279782, 44.5106926107921], [11.4148382290426, 44.5106695981787], [11.4131259256238, 44.5103538815506], [11.4129967322337, 44.5103237447938], [11.4128700944563, 44.510262812879], [11.4127760757909, 44.510179576416], [11.4127317925035, 44.5100412829992], [11.412754838189, 44.5099186726394], [11.4128984793481, 44.5093355480631], [11.41289877414429, 44.509334351310684], [11.412901628476371, 44.5093227638855], [11.412901628699585, 44.509322762979345], [11.4133358645036, 44.507559942554], [11.4133536837683, 44.5074485936388]]], ""type"": ""MultiLineString""}";475
741;Precedente 31/12/2021;250.0;Pedonale-Ciclabile;ciclabile contigua al pedonale;44.50325374281588, 11.276795754705264;"{""coordinates"": [[[11.2781715668412, 44.5028103948718], [11.2780767566203, 44.5028573817528], [11.2780327554924, 44.502898535531], [11.2779074262263, 44.5029238163211], [11.2778450074888, 44.5029427363826], [11.2777756747473, 44.5029643170785], [11.2777111882619, 44.5029304891307], [11.2776445741024, 44.5029319008632], [11.2775891667238, 44.5029506726851], [11.2775268454132, 44.5029721051721], [11.2774715358478, 44.5029933892431], [11.2774394896311, 44.5029814986291], [11.2773835897712, 44.5029877114382], [11.277303835713, 44.5030120279675], [11.2772415131762, 44.5030334612379], [11.2771380018335, 44.5030783944715], [11.2770487100669, 44.5031280549768], [11.2769008570406, 44.503251136091], [11.2764416415717, 44.5033915648697], [11.2753944950075, 44.503716407052]]], ""type"": ""MultiLineString""}";476
505;Precedente 31/12/2021;116.0;Ciclabile;sede propria;44.50249918965198, 11.268450581320682;"{""coordinates"": [[[11.2687584201524, 44.5029765517801], [11.2684377858653, 44.5024742981313], [11.2682085009569, 44.502117268458], [11.2681130140283, 44.5020501286995]]], ""type"": ""MultiLineString""}";477
504;Precedente 31/12/2021;137.0;Itinerario ciclabile;promiscuo veicolare;44.50275276428682, 11.269548337470493;"{""coordinates"": [[[11.270320464278, 44.5024723681788], [11.2702124933022, 44.502522478847], [11.2698084226309, 44.5026715105781], [11.2694613202534, 44.5028020283029], [11.2692221651114, 44.5028730220725], [11.268941652163, 44.5029379611342], [11.2687584201524, 44.5029765517801]]], ""type"": ""MultiLineString""}";478
983;Precedente 31/12/2021;161.0;Pedonale-Ciclabile;ciclabile contigua al pedonale;44.490467736739745, 11.36698662556855;"{""coordinates"": [[[11.3678992302433, 44.4901519361027], [11.3660740208938, 44.4907835373768]]], ""type"": ""MultiLineString""}";483
746;Precedente 31/12/2021;249.0;Pedonale-Ciclabile;promiscuo ciclopedonale;44.50239507686572, 11.280516592360337;"{""coordinates"": [[[11.2790501072938, 44.5027705793395], [11.2797345087307, 44.5025942786038], [11.2804609097558, 44.5024148156664], [11.2809787509407, 44.5022701263408], [11.2816213166219, 44.5020868149634], [11.2817588344971, 44.5020697528403], [11.2818886988992, 44.5021288997562], [11.2819651286499, 44.5020825141177]]], ""type"": ""MultiLineString""}";486
749;Precedente 31/12/2021;319.0;Pedonale-Ciclabile;corsia ciclabile su strada;44.505973468857746, 11.282422967822972;"{""coordinates"": [[[11.2812038027243, 44.504863896841], [11.2813280225395, 44.50496342275], [11.2817547912193, 44.5053017454254], [11.2818537521962, 44.5053774279747], [11.2820674418923, 44.505540849692], [11.2821453149632, 44.5056089672283], [11.2823731513174, 44.5058157059323], [11.282393994527, 44.5058365959003], [11.2824652610325, 44.5059080213242], [11.2825288065799, 44.5059824737601], [11.2826293371778, 44.5061071706842], [11.282689794624, 44.5061882081319], [11.2827242604439, 44.5062411087067], [11.2827806444552, 44.5063276504582], [11.2828056890107, 44.5063711821183], [11.2829283965169, 44.5065844658472], [11.2830970517143, 44.5068776089313], [11.2831895645946, 44.5068599178034], [11.2832592066858, 44.506857027282], [11.2833227132761, 44.5068642310974], [11.2833550390219, 44.5068703027395], [11.2833885690099, 44.5068789241541], [11.2834524431768, 44.506903398462], [11.2834984154222, 44.5069294375064], [11.2835422877939, 44.506963308054], [11.2835679580816, 44.5069904569901], [11.2835911091638, 44.5070214846062]]], ""type"": ""MultiLineString""}";488
984;Precedente 31/12/2021;126.0;Pedonale-Ciclabile;ciclabile contigua al pedonale;44.48990443425471, 11.368614871818727;"{""coordinates"": [[[11.3693327150285, 44.4896635905731], [11.3692329152084, 44.489707239365], [11.3684046757487, 44.4899681334616], [11.36831215952, 44.4899985032057], [11.3679783418868, 44.4901166315581], [11.3678992302433, 44.4901519361027]]], ""type"": ""MultiLineString""}";489
987;Precedente 31/12/2021;187.0;Ciclabile;sede propria;44.48826064552801, 11.374383679137607;"{""coordinates"": [[[11.3754795454568, 44.4883593376373], [11.3754160532873, 44.488363191748], [11.375269483015, 44.4883675110619], [11.3751874321447, 44.488393267636], [11.3750573767483, 44.4884124304109], [11.3749381463612, 44.4883933981618], [11.3746308119678, 44.488313735365], [11.3744445052278, 44.4882973649952], [11.374246500503, 44.4882976914061], [11.3741307522658, 44.4882773198213], [11.3740092937516, 44.4882469452421], [11.3738921896648, 44.4882367323512], [11.3738491771643, 44.4882224418512], [11.3738105613936, 44.4881422442917], [11.3737820103744, 44.4880922127082], [11.3737182317152, 44.4880454471273], [11.3736153629176, 44.4880374670362], [11.3734920658092, 44.488048898237], [11.3733333356303, 44.4880585369889]]], ""type"": ""MultiLineString""}";490
1970;Precedente 31/12/2021;97.0;Ciclabile;sede propria;44.49882260342377, 11.332060599636067;"{""coordinates"": [[[11.3314864095429, 44.4989238949504], [11.332279340779, 44.4988036093029], [11.3323533590869, 44.4987842532267], [11.3324392397058, 44.4987497916381], [11.3325041202192, 44.4987097998184], [11.332600783241, 44.4986334906656]]], ""type"": ""MultiLineString""}";494
1715;Precedente 31/12/2021;146.0;Pedonale-Ciclabile;promiscuo ciclopedonale;44.49205962349869, 11.388284237578207;"{""coordinates"": [[[11.3875821647845, 44.4916666797509], [11.3876090280893, 44.4917248163876], [11.387633742083, 44.4917583537666], [11.3876507779192, 44.4917753073162], [11.3877037334871, 44.4917948857561], [11.3877622019852, 44.4918160273685], [11.3878239851657, 44.4918421243], [11.3879112933297, 44.491883331249], [11.3879985109039, 44.4919223090955], [11.3880845389078, 44.4919607537893], [11.3882134030807, 44.4920284698211], [11.3882584997827, 44.4920655072945], [11.3883204399012, 44.4920955107614], [11.3885175337248, 44.492233287174], [11.3885532046867, 44.4922682844371], [11.3885820662588, 44.4922889100499], [11.3886355049709, 44.4923012303282], [11.3890484663555, 44.4922440447015]]], ""type"": ""MultiLineString""}";497
1974;Precedente 31/12/2021;61.0;Ciclabile;corsia ciclabile su strada;44.48514750876278, 11.348853182326074;"{""coordinates"": [[[11.3486694820535, 44.4853327861143], [11.348669485492115, 44.48533216812284], [11.348669485497366, 44.48533216717908], [11.3486704904311, 44.4851515594146], [11.3489722422417, 44.4851146129835], [11.349149453734778, 44.485057035928165], [11.3491571861079, 44.4850545236347], [11.3491625759865, 44.4850527724315]]], ""type"": ""MultiLineString""}";501
1956;Precedente 31/12/2021;684.0;Itinerario ciclabile;corsia ciclabile su strada;44.490973033756084, 11.305909957078802;"{""coordinates"": [[[11.3099953010218, 44.4901655112314], [11.3097487307868, 44.4901732497747], [11.3094184581151, 44.4902266954107], [11.3091584852521, 44.4902842172046], [11.3084223145577, 44.49051916236], [11.3080108309671, 44.490658914444], [11.3075111304598, 44.4908129448912], [11.3070428610121, 44.4909568938799], [11.3067991675083, 44.4910264955006], [11.306618767666, 44.4910816280069], [11.3063810240744, 44.4911557354621], [11.3061785832724, 44.4912132937034], [11.3059021119308, 44.4912861616581], [11.3056139747041, 44.4913434014234], [11.3054158040191, 44.4913671607771], [11.3052558345494, 44.4913782656364], [11.3050937358319, 44.4913813385713], [11.3048565901233, 44.4913812917251], [11.3046390283944, 44.4913700916562], [11.3044715298185, 44.4913578938093], [11.3044362999494, 44.4913538187267], [11.3040805890941, 44.4913262587544], [11.3038040190757, 44.4913045615692], [11.3035781950648, 44.4912841097588], [11.3033840438502, 44.4912630350685], [11.3028876208332, 44.4912116850373], [11.3024849871725, 44.4911639626093], [11.3021897673736, 44.491121927333], [11.3020394450634, 44.4910972753515], [11.3019199236443, 44.4910701588925], [11.3017728569059, 44.491026894989]]], ""type"": ""MultiLineString""}";507
1958;Precedente 31/12/2021;682.0;Itinerario ciclabile;corsia ciclabile su strada;44.48975333311529, 11.321926089369283;"{""coordinates"": [[[11.3260857395913, 44.4903081730502], [11.3259764401122, 44.4903006521187], [11.3244224084491, 44.4902189082328], [11.3235877640476, 44.4901763082449], [11.3232037207551, 44.4901181785402], [11.3221944008598, 44.4898937394629], [11.3209134834428, 44.4896095592932], [11.3205922618679, 44.4895392950717], [11.3200209143001, 44.4894063478947], [11.3194432588429, 44.4892826719074], [11.3186669713236, 44.4890691183439], [11.3178247256428, 44.4888326469501]]], ""type"": ""MultiLineString""}";509
2075;Precedente 31/12/2021;464.0;Ciclabile;corsia ciclabile su strada;44.52914637192505, 11.241394043428198;"{""coordinates"": [[[11.2439247050888, 44.5281079185724], [11.2431592647032, 44.5284376316672], [11.2426277431821, 44.5286588935073], [11.2413010350205, 44.529222836946], [11.241172172752, 44.5292397843618], [11.2398928008378, 44.5297345750046], [11.2394235761584, 44.5299149188809], [11.239070837605, 44.5300510539857], [11.2389750378336, 44.5300992858297], [11.238857258181, 44.5301654684521]]], ""type"": ""MultiLineString""}";511
2074;Precedente 31/12/2021;577.0;Ciclabile;corsia ciclabile su strada;44.53134795848175, 11.235607980536571;"{""coordinates"": [[[11.232334153704, 44.5324613330306], [11.2337419311017, 44.532000685245], [11.2350767091758, 44.5315492077218], [11.2359858409856, 44.531242354937], [11.2366089249882, 44.5310241355203], [11.2376822335682, 44.5306131317609], [11.238857258181, 44.5301654684521]]], ""type"": ""MultiLineString""}";512
2079;Precedente 31/12/2021;604.0;Ciclabile;corsia ciclabile su strada;44.551162501135494, 11.356131029254204;"{""coordinates"": [[[11.3536651377794, 44.5529221319395], [11.3540538097114, 44.5526848013643], [11.3560081770002, 44.5515174071702], [11.3562482469195, 44.5513276349265], [11.3567394259273, 44.5508680214132], [11.3568602768247, 44.5507925849355], [11.3569889570341, 44.5507325825958], [11.3571872539843, 44.5506650556082], [11.3573269849368, 44.5506375101987], [11.3574702342581, 44.5506123371364], [11.3576243031037, 44.5506016844955], [11.3576793624109, 44.5504162322659], [11.3575520944142, 44.5500428862172], [11.3574373604476, 44.5497063693297], [11.3573436550056, 44.549489688294], [11.3571451221747, 44.5489296190445]]], ""type"": ""MultiLineString""}";514
732;Precedente 31/12/2021;54.0;Ciclabile;sede propria;44.515346258380745, 11.284775512102104;"{""coordinates"": [[[11.2848412974313, 44.515191649579], [11.284760910835855, 44.515251615325084], [11.284757158575061, 44.5152833788946], [11.284780607132559, 44.51531890013156], [11.28494299638652, 44.51542452053901], [11.284945474303473, 44.51544897107943], [11.284923368283096, 44.51546738457778], [11.284885248583075, 44.51546543212339], [11.2846439025306, 44.5153174719004], [11.28452096485, 44.5152310786046]]], ""type"": ""MultiLineString""}";516
736;Precedente 31/12/2021;177.0;Pedonale-Ciclabile;ciclabile contigua al pedonale;44.50762256317403, 11.27848652152945;"{""coordinates"": [[[11.2781680526405, 44.5069259553979], [11.2785656119588, 44.5075805601414], [11.2783970702116, 44.5076275889451], [11.2788050294038, 44.5083253838179]]], ""type"": ""MultiLineString""}";520
735;Precedente 31/12/2021;92.0;Pedonale-Ciclabile;promiscuo ciclopedonale;44.50843456100252, 11.27925130706232;"{""coordinates"": [[[11.2788050294038, 44.5083253838179], [11.2788540844982, 44.5083604972149], [11.2789084724415, 44.5083690536312], [11.2790018456821, 44.5083641147426], [11.2792869861566, 44.5083194319345], [11.2796197886183, 44.5087143088158]]], ""type"": ""MultiLineString""}";521
737;Precedente 31/12/2021;139.0;Pedonale-Ciclabile;promiscuo ciclopedonale;44.506427709084825, 11.278208886136468;"{""coordinates"": [[[11.2781680526405, 44.5069259553979], [11.2781521224647, 44.5068869234251], [11.2778743944145, 44.5064203949166], [11.2787728719377, 44.5061322153302]]], ""type"": ""MultiLineString""}";523
1509;Precedente 31/12/2021;190.0;Itinerario ciclabile;corsia ciclabile su strada;44.50593998851364, 11.329740501271944;"{""coordinates"": [[[11.3291510435889, 44.5052450564038], [11.3293398494716, 44.5058711235907], [11.32936899444, 44.5059209236815], [11.3294201361164, 44.5059731103246], [11.3294943205972, 44.5060179485776], [11.3295644796441, 44.5060574225591], [11.3296265993941, 44.5060861496349], [11.3297272273216, 44.5061250013532], [11.3298362292009, 44.5061526901552], [11.3299462104953, 44.5061696098462], [11.33004574004, 44.5061812151988], [11.3301525732409, 44.5061844884838], [11.3306658620927, 44.5061448518862]]], ""type"": ""MultiLineString""}";533
1963;Precedente 31/12/2021;68.0;Pedonale-Ciclabile;promiscuo ciclopedonale;44.50279232162349, 11.278699846363777;"{""coordinates"": [[[11.2783191262301, 44.5029041307987], [11.2790002113205, 44.5026952666001], [11.2790466504642, 44.5027705488266]]], ""type"": ""MultiLineString""}";534
761;Precedente 31/12/2021;253.0;Ciclabile;sede propria;44.515854827305205, 11.285588348600035;"{""coordinates"": [[[11.28452096485, 44.5152310786046], [11.2846159709484, 44.5151688419472], [11.2847931221963, 44.5152827077522], [11.2849610584075, 44.5153871336077], [11.2851134009978, 44.5154213183256], [11.285173962407, 44.5154344172122], [11.2852883846598, 44.5155121990303], [11.2853708903642, 44.5155682849477], [11.2856611403229, 44.5157655935295], [11.2857732585077, 44.5158418109986], [11.2858649568545, 44.5159197696696], [11.2860368453874, 44.5161635888255], [11.2860768921337, 44.5162203942648], [11.2861682334312, 44.5163649898279], [11.2863301350417, 44.5166265159938], [11.2863622308463, 44.5166307030087], [11.2862334692884, 44.5168013996725]]], ""type"": ""MultiLineString""}";536
763;Precedente 31/12/2021;411.0;Ciclabile;sede propria;44.5172774458639, 11.29004762531467;"{""coordinates"": [[[11.287591167046, 44.516684273156], [11.2877195249524, 44.5167248480396], [11.2878846372837, 44.5167790742661], [11.2882988742586, 44.5169261462082], [11.288742764553, 44.5170596658642], [11.2890682936889, 44.5171509650938], [11.289464364142, 44.5172451536527], [11.2898966262935, 44.5173386142347], [11.2902897854586, 44.5174098385488], [11.290822015581, 44.5174868887725], [11.291165286335, 44.5175173597843], [11.2917056544488, 44.5175452561774], [11.2921885981076, 44.5175454979683], [11.2925582706712, 44.5175307508071]]], ""type"": ""MultiLineString""}";538
764;Precedente 31/12/2021;72.0;Ciclabile;sede propria;44.517445590688475, 11.292994491410582;"{""coordinates"": [[[11.2925582706712, 44.5175307508071], [11.2927674129154, 44.5174760311738], [11.293087195299, 44.5174204897084], [11.2932914327081, 44.5173946937891], [11.2934341736479, 44.517420070356]]], ""type"": ""MultiLineString""}";542
766;Precedente 31/12/2021;482.0;Ciclabile;sede propria;44.51693793967992, 11.285502109968096;"{""coordinates"": [[[11.2862605003956, 44.5186256930601], [11.2862538875472, 44.5185577132479], [11.2862662733096, 44.5185142649075], [11.2863084247656, 44.5184601354732], [11.2863831245941, 44.5183635882778], [11.2865017856357, 44.5181048682465], [11.2865504435281, 44.5179598804415], [11.2865724160067, 44.5178528728556], [11.2865808611691, 44.5177086987096], [11.2865771861493, 44.5175633308482], [11.2865366283684, 44.5173495941907], [11.2865126942643, 44.517252161732], [11.2864815619726, 44.5171764770964], [11.2864083034532, 44.5170526947038], [11.2862925247805, 44.5168707475552], [11.2862334692884, 44.5168013996725], [11.2861766090827, 44.5167881653051], [11.2858138425349, 44.5167220730109], [11.285723801088, 44.5166835707532], [11.2856517386672, 44.5166163516854], [11.2856190360123, 44.5165258560074], [11.2855942899995, 44.5165105161743], [11.2853905055215, 44.5165477404926], [11.2851465653302, 44.5165872127929], [11.2847341861126, 44.5166415954914], [11.2846740374521, 44.5166471265215], [11.2846171785097, 44.5166338737194], [11.2844745382704, 44.5164337345566], [11.2844914521389, 44.5164031578323], [11.2844979193933, 44.5163627129803], [11.2843917239856, 44.5162712661493], [11.2842846994717, 44.5162100723977], [11.2842022976377, 44.5161955642627], [11.2839047867685, 44.5159890998033], [11.283763685906, 44.5158901783562], [11.2836191784109, 44.5158622038751]]], ""type"": ""MultiLineString""}";543
769;Precedente 31/12/2021;141.0;Percorso naturalistico;pavimentato;44.51491211952251, 11.286840666431795;"{""coordinates"": [[[11.2875457711585, 44.5145452682372], [11.2868730403309, 44.5148531034709], [11.2868430274553, 44.5148816221377], [11.2868148241219, 44.5149565928555], [11.2867951050258, 44.5149830374365], [11.2861347456973, 44.5152757036179]]], ""type"": ""MultiLineString""}";544
1513;Precedente 31/12/2021;269.0;Ciclabile;corsia ciclabile su strada;44.49408504268215, 11.35491300149998;"{""coordinates"": [[[11.3566013124528, 44.4940402563876], [11.3564990613911, 44.4940439932859], [11.3563232612557, 44.4940709107118], [11.3557957756989, 44.4940800563727], [11.3548992900047, 44.494079660283], [11.3544456316116, 44.4940838155497], [11.3540092633947, 44.4940915669442], [11.3537351680871, 44.4941039237096], [11.3532234370533, 44.494128028554]]], ""type"": ""MultiLineString""}";546
1739;Precedente 31/12/2021;112.0;Pedonale-Ciclabile;area pedonale;44.4964935264386, 11.342296554935672;"{""coordinates"": [[[11.3416132899486, 44.4966185073582], [11.3424271312886, 44.4964732556225], [11.3425188666836, 44.4964581162953], [11.3428841286323, 44.4963753836533], [11.342964625619233, 44.496362857425005], [11.3429734824277, 44.4963614792069], [11.342977866955982, 44.49636079692541], [11.34297786722566, 44.496360796883444], [11.34297816424, 44.4963607506647]]], ""type"": ""MultiLineString""}";553
1976;Precedente 31/12/2021;735.0;Ciclabile;sede propria;44.48586926614327, 11.344109386053077;"{""coordinates"": [[[11.3395513828181, 44.486422732154], [11.339551383315134, 44.486422732083575], [11.33955138342542, 44.48642273206795], [11.3395518098736, 44.4864226716499], [11.339607577312238, 44.4864147705293], [11.33960761720558, 44.48641476487722], [11.3400820477922, 44.4863475476377], [11.3415976991779, 44.4861619516844], [11.341969606315551, 44.48612194431971], [11.341969736126288, 44.486121930355516], [11.3426913954792, 44.4860442989094], [11.3444258654225, 44.4858352117688], [11.346330331908, 44.4855988796145], [11.346701494178022, 44.48555689489104], [11.3471301495325, 44.4855084067284], [11.3472741900741, 44.4854921133096], [11.347289913712421, 44.48549033470045], [11.3473449720619, 44.4854841066709], [11.347350495003381, 44.48548342763289], [11.347350500790775, 44.48548342692134], [11.3481010431714, 44.4853911487745], [11.348636506896206, 44.48533617173404], [11.348636557176784, 44.48533616657164], [11.3486694820535, 44.4853327861143]]], ""type"": ""MultiLineString""}";555
1978;Precedente 31/12/2021;672.0;Ciclabile;corsia ciclabile su strada;44.5026104188212, 11.3179108952229;"{""coordinates"": [[[11.3216889507157, 44.5012602307609], [11.3141328397301, 44.5039606068815]]], ""type"": ""MultiLineString""}";556
510;Precedente 31/12/2021;221.0;Pedonale-Ciclabile;promiscuo ciclopedonale;44.50134168985277, 11.291168535317116;"{""coordinates"": [[[11.2911637359777, 44.5024811988006], [11.291191705077777, 44.502402807035345], [11.291207596639834, 44.50226238002092], [11.291223560828243, 44.50199831917347], [11.291246750663696, 44.50120661935145], [11.291222241621451, 44.5009610092678], [11.29116834635205, 44.50076424663701], [11.291087292416451, 44.5005892061574], [11.29098261273798, 44.50040974342733], [11.29078633834882, 44.50044209090119]]], ""type"": ""MultiLineString""}";557
512;Precedente 31/12/2021;244.0;Itinerario ciclabile;promiscuo veicolare;44.51287099493874, 11.283970956926904;"{""coordinates"": [[[11.2837316908889, 44.5117814451616], [11.2837365569776, 44.5118181966317], [11.2837433103188, 44.5118591468564], [11.2837514729115, 44.5119811952309], [11.283754761128, 44.5120498014797], [11.2837622388125, 44.5121138751409], [11.2837658796219, 44.512399283563], [11.2837750830873, 44.5124437005887], [11.2839532950755, 44.5128998942768], [11.2842712245956, 44.5137546062715], [11.2843067916578, 44.5138269140049], [11.2843608154224, 44.5139240683066]]], ""type"": ""MultiLineString""}";558
516;Precedente 31/12/2021;23.0;Itinerario ciclabile;promiscuo veicolare;44.5102315106487, 11.2827484058767;"{""coordinates"": [[[11.282687620671, 44.5101382804028], [11.2828091910824, 44.5103247408946]]], ""type"": ""MultiLineString""}";565
517;Precedente 31/12/2021;43.0;Itinerario ciclabile;promiscuo veicolare;44.509959469029496, 11.282581985770099;"{""coordinates"": [[[11.2824763508692, 44.5097806576562], [11.282687620671, 44.5101382804028]]], ""type"": ""MultiLineString""}";570
755;Precedente 31/12/2021;82.0;Percorso naturalistico;pavimentato;44.50562485085203, 11.29170013204752;"{""coordinates"": [[[11.2915750716081, 44.5052679293491], [11.2917759850521, 44.5058423938387], [11.2918268797277, 44.5059811679522]]], ""type"": ""MultiLineString""}";573
757;Precedente 31/12/2021;212.0;Ciclabile;sede propria;44.50887727866285, 11.294544472395438;"{""coordinates"": [[[11.293529119849, 44.5087356971709], [11.2937069864066, 44.5090634050442], [11.2938475519539, 44.5091251005297], [11.2949287412416, 44.5088108466874], [11.2957192970935, 44.5085931459041]]], ""type"": ""MultiLineString""}";576
999;Precedente 31/12/2021;255.0;Ciclabile;sede propria;44.48150178877013, 11.39162851823458;"{""coordinates"": [[[11.3902247259414, 44.4820501567171], [11.3903285102162, 44.4820130873719], [11.3919990753985, 44.4813540105772], [11.3927908404394, 44.4810495258746], [11.3930315606702, 44.4809514523944]]], ""type"": ""MultiLineString""}";582
1984;Precedente 31/12/2021;158.0;Ciclabile;sede propria;44.51101471584861, 11.383638703382209;"{""coordinates"": [[[11.3844054489673, 44.5114668752009], [11.3842861866232, 44.5113958008532], [11.3835850761919, 44.5109741033646], [11.3829369690821, 44.5106169241376], [11.3828641480933, 44.5105761148182]]], ""type"": ""MultiLineString""}";585
1985;Precedente 31/12/2021;74.0;Pedonale-Ciclabile;promiscuo ciclopedonale;44.51039366151781, 11.382473392571386;"{""coordinates"": [[[11.382082811004, 44.5102108348443], [11.3827473424107, 44.5105219621293], [11.3828641480933, 44.5105761148182]]], ""type"": ""MultiLineString""}";588
1926;Precedente 31/12/2021;138.0;Ciclabile;corsia preferenziale bus/bici;44.49344034028075, 11.335033741313872;"{""coordinates"": [[[11.3358434694775, 44.4932086078728], [11.3357564480933, 44.493250783435], [11.3355970126612, 44.493311978241], [11.3353416087153, 44.4933862825178], [11.3346470878047, 44.4935318346359], [11.3342062523487, 44.4936101383784]]], ""type"": ""MultiLineString""}";593
700;Precedente 31/12/2021;97.0;Ciclabile;sede propria;44.5031541367234, 11.26170019083896;"{""coordinates"": [[[11.2622599887127, 44.5029738338164], [11.2612101951868, 44.5033130185273], [11.2611372554772, 44.5033183813659]]], ""type"": ""MultiLineString""}";597
705;Precedente 31/12/2021;227.0;Ciclabile;sede propria;44.499438884849454, 11.26099618204332;"{""coordinates"": [[[11.2605111527999, 44.5003972498811], [11.2608204672791, 44.4997023197585], [11.2612270277593, 44.49881345048], [11.2614956529872, 44.4988737925345], [11.2615823160858, 44.498874408379], [11.26161764955, 44.4988403120379], [11.2616554045731, 44.4987771286295]]], ""type"": ""MultiLineString""}";600
946;Precedente 31/12/2021;231.0;Pedonale-Ciclabile;ciclabile contigua al pedonale;44.513629211000314, 11.358342622273268;"{""coordinates"": [[[11.3588228988433, 44.5146087701957], [11.3579115611228, 44.5127500814644], [11.3578627410222, 44.5126494589905]]], ""type"": ""MultiLineString""}";606
1930;Precedente 31/12/2021;247.0;Ciclabile;sede propria;44.53089250178132, 11.34607981620111;"{""coordinates"": [[[11.3472843296515, 44.5305280054216], [11.3471508895486, 44.5305215947509], [11.3467651878647, 44.5305614470008], [11.3467927618158, 44.530713878472], [11.3468227540992, 44.5308203675841], [11.3468111020127, 44.5308496673657], [11.3467778208304, 44.5308732797389], [11.3458646801043, 44.5309907029355], [11.3446857989081, 44.5311398208966]]], ""type"": ""MultiLineString""}";610
1918;Precedente 31/12/2021;1152.0;Ciclabile;sede propria;44.53846864269934, 11.264477982562006;"{""coordinates"": [[[11.2610323949854, 44.5429831353111], [11.2614807213745, 44.5424016278948], [11.2621031477079, 44.5415907128305], [11.262118991481, 44.5415615485747], [11.2625715347381, 44.5409622755708], [11.2630376193267, 44.5403498206949], [11.2635539190286, 44.5396848113163], [11.2635999229961, 44.5396126625224], [11.264274683441, 44.5387367477502], [11.2649364078097, 44.5378755537603], [11.2651271963014, 44.5376326367215], [11.2662387697032, 44.5361956558563], [11.2671638920178, 44.5350009251509], [11.2674165235847, 44.5346562532306], [11.267561582468, 44.5343213095081], [11.2677086933187, 44.5338395609895]]], ""type"": ""MultiLineString""}";615
930;Precedente 31/12/2021;292.0;Pedonale-Ciclabile;promiscuo ciclopedonale;44.50453234095582, 11.363090604794994;"{""coordinates"": [[[11.3641529658325, 44.503494864437], [11.3638815245421, 44.503786514865], [11.3637405388955, 44.5038280655161], [11.3631116909503, 44.5045018158921], [11.3621158654369, 44.5055321954982], [11.3620713064926, 44.5056232022259]]], ""type"": ""MultiLineString""}";616
939;Precedente 31/12/2021;109.0;Percorso naturalistico;pavimentato;44.5077067445346, 11.362957084866899;"{""coordinates"": [[[11.362737668627, 44.5072420151948], [11.3631765011068, 44.5081714738744]]], ""type"": ""MultiLineString""}";623
1946;Precedente 31/12/2021;43.0;Pedonale-Ciclabile;area pedonale;44.504184898111504, 11.36747033072445;"{""coordinates"": [[[11.3673087144455, 44.5043388823932], [11.3676319470034, 44.5040309138298]]], ""type"": ""MultiLineString""}";627
721;Precedente 31/12/2021;85.0;Ciclabile;sede propria;44.520491460341525, 11.272359030219047;"{""coordinates"": [[[11.2728256730356, 44.5203056492785], [11.2727800300998, 44.5203464480904], [11.2718809183215, 44.5206577581693]]], ""type"": ""MultiLineString""}";632
723;Precedente 31/12/2021;62.0;Pedonale-Ciclabile;promiscuo ciclopedonale;44.51968254201637, 11.274810702574316;"{""coordinates"": [[[11.2751148010988, 44.5195282488856], [11.2750791623618, 44.5195984254888], [11.2745708727619, 44.5197735934966], [11.2744734691185, 44.5197350118534]]], ""type"": ""MultiLineString""}";634
722;Precedente 31/12/2021;146.0;Ciclabile;sede propria;44.52002033056595, 11.27364957107705;"{""coordinates"": [[[11.2744734691185, 44.5197350118534], [11.2728256730356, 44.5203056492785]]], ""type"": ""MultiLineString""}";635
965;Precedente 31/12/2021;310.0;Ciclabile;sede propria;44.53270935038162, 11.367682092059272;"{""coordinates"": [[[11.3681270540322, 44.5340402858961], [11.3680616586978, 44.5340294091378], [11.3680218072604, 44.5339790047194], [11.3679549899467, 44.5337096921467], [11.3678991744408, 44.5334572316667], [11.3678194566328, 44.5332052600821], [11.3676735379235, 44.5326986245249], [11.3675651502038, 44.5323424153678], [11.3674897925258, 44.5320367448283], [11.3674340237834, 44.5316355930473], [11.3673906158126, 44.5315828454821], [11.3673616397339, 44.5315468688958], [11.3673473092464, 44.5314569534484], [11.3672168249351, 44.5314065248415]]], ""type"": ""MultiLineString""}";644
728;Precedente 31/12/2021;96.0;Ciclabile;sede propria;44.5165654675854, 11.2823646334065;"{""coordinates"": [[[11.2818237356114, 44.5167577381739], [11.2829055312016, 44.5163731969969]]], ""type"": ""MultiLineString""}";647
1711;Precedente 31/12/2021;73.0;Ciclabile;corsia preferenziale bus/bici;44.50956924725355, 11.3468555615884;"{""coordinates"": [[[11.3469479097631, 44.509888731474], [11.3467632134137, 44.5092497630331]]], ""type"": ""MultiLineString""}";648
1951;Precedente 31/12/2021;66.0;Pedonale-Ciclabile;promiscuo ciclopedonale;44.52085304984482, 11.319790365255589;"{""coordinates"": [[[11.3199877570315, 44.5211092210213], [11.3196981370392, 44.5207687042541], [11.3196864286611, 44.5206503103752], [11.3196303959311, 44.5205802626582]]], ""type"": ""MultiLineString""}";649
1933;Precedente 31/12/2021;461.0;Ciclabile;sede propria;44.48812039492253, 11.357737969267392;"{""coordinates"": [[[11.3578800125983, 44.4860694024212], [11.357947856745778, 44.48619865209659], [11.357956125621204, 44.48621440510557], [11.357956125711256, 44.48621440527713], [11.3579561596882, 44.4862144700065], [11.3579666253001, 44.4862344080113], [11.357823896315, 44.4873750767191], [11.357758546526487, 44.48789009886802], [11.357758544220284, 44.48789011704323], [11.3577585144387, 44.4878903517521], [11.3576781189832, 44.4885239489101], [11.357664737222974, 44.48865088048634], [11.357664736789332, 44.48865088459962], [11.357664472587, 44.4886533906689], [11.3575966558102, 44.4892966610753], [11.3575651320961, 44.4899117619404], [11.3575201528064, 44.4901926384011]]], ""type"": ""MultiLineString""}";651
950;Precedente 31/12/2021;421.0;Pedonale-Ciclabile;ciclabile contigua al pedonale;44.51969260132199, 11.361635842631378;"{""coordinates"": [[[11.360770664880064, 44.518095461732045], [11.3606877153177, 44.5179493592164]], [[11.360798435258673, 44.51814437485539], [11.360773122874486, 44.51809979109989]], [[11.360816520966408, 44.51817622996496], [11.360812714997447, 44.51816952635346], [11.360810229545107, 44.518165148622835]], [[11.361471250897806, 44.51955081795116], [11.3614711753866, 44.5195507019766], [11.3612055577172, 44.519013890294], [11.3609780045131, 44.5185087615721], [11.3608386807766, 44.5182152609607], [11.36082278515756, 44.51818726334548]], [[11.361471361540165, 44.51955098788222], [11.36147129080032, 44.519550879235794]], [[11.361784912509897, 44.520035228050475], [11.3618267891911, 44.5200971517935], [11.3618317022827, 44.5201044168535], [11.3616178500044, 44.5197759735029], [11.361471401443158, 44.51955104916759]], [[11.3627069089915, 44.5212743943247], [11.3621049393088, 44.5205179081829], [11.3617848480173, 44.5200351326842], [11.361784869002575, 44.52003516371548]], [[11.3617848805679, 44.52003518081731], [11.36178490094539, 44.52003521094984]]], ""type"": ""MultiLineString""}";658
715;Precedente 31/12/2021;44.0;Ciclabile;sede propria;44.52107548898635, 11.277504787125906;"{""coordinates"": [[[11.2776462097983, 44.5212369065463], [11.2776153092424, 44.5212265986124], [11.2773740786314, 44.5208993389856]]], ""type"": ""MultiLineString""}";663
954;Precedente 31/12/2021;230.0;Ciclabile;sede propria;44.52527226823716, 11.361973529679005;"{""coordinates"": [[[11.3629962089722, 44.5259564892844], [11.3629799504127, 44.5259374375242], [11.3629320712403, 44.5259024218883], [11.3628690538617, 44.5258760289925], [11.3627483445221, 44.5258591398705], [11.3621193026562, 44.5254317695493], [11.3619911400521, 44.5253264025262], [11.361666138003, 44.5250450765982], [11.3614100397966, 44.5248398765874], [11.3612134271572, 44.5246694514817], [11.3610178822815, 44.5244775382257]]], ""type"": ""MultiLineString""}";664
957;Precedente 31/12/2021;394.0;Ciclabile;sede propria;44.52627407518706, 11.366011362812609;"{""coordinates"": [[[11.3667955149491, 44.5279651733674], [11.3667524921276, 44.5277063983602], [11.3667127853244, 44.5275832069668], [11.3666408339265, 44.5274002298188], [11.3665300625055, 44.5271679540898], [11.366466007383, 44.5270524328717], [11.3663412745775, 44.5268219147348], [11.3658013251735, 44.5258696309803], [11.3654924540916, 44.5253277049098], [11.3654280471369, 44.5252049526457], [11.3650747242377, 44.5246484643836]]], ""type"": ""MultiLineString""}";671
1331;Precedente 31/12/2021;82.0;Pedonale-Ciclabile;promiscuo ciclopedonale;44.53508367167484, 11.354181495631495;"{""coordinates"": [[[11.3536898307825, 44.5351862594072], [11.3545845086747, 44.5350012679963], [11.3546674918249, 44.5349636676287]]], ""type"": ""MultiLineString""}";675
1317;Precedente 31/12/2021;107.0;Pedonale-Ciclabile;promiscuo ciclopedonale;44.49602819943705, 11.3831026974249;"{""coordinates"": [[[11.3832717858427, 44.4964981142695], [11.383115761495, 44.4960201293273], [11.3830503038198, 44.4958003094172], [11.383025666714, 44.4957737948403], [11.3829532590894, 44.4957313578254], [11.3829288268288, 44.4957099038445], [11.3828895551202, 44.4955912700228]]], ""type"": ""MultiLineString""}";683
1576;Precedente 31/12/2021;55.0;Pedonale-Ciclabile;promiscuo ciclopedonale;44.507852422216686, 11.358920354489452;"{""coordinates"": [[[11.3591504369375, 44.5076639471187], [11.3589458356027, 44.5078703128197], [11.3588161574887, 44.5079350905934], [11.3586524784165, 44.507976904644]]], ""type"": ""MultiLineString""}";686
1579;Precedente 31/12/2021;239.0;Ciclabile;sede propria;44.52872375493959, 11.352524847746315;"{""coordinates"": [[[11.3534346088154, 44.5281046137294], [11.3531958474371, 44.5281951085304], [11.3525771922732, 44.5284351070281], [11.3528033173665, 44.5287917663116], [11.3517322140934, 44.5292303516792], [11.3515149415173, 44.5293264208176]]], ""type"": ""MultiLineString""}";687
571;Precedente 31/12/2021;178.0;Pedonale-Ciclabile;ciclabile contigua al pedonale;44.485387196245696, 11.35742350709245;"{""coordinates"": [[[11.3578800125983, 44.4860694024212], [11.357925265545, 44.4857289253717], [11.3578677206711, 44.4856469024219], [11.3566834696939, 44.4848400157279]]], ""type"": ""MultiLineString""}";689
574;Precedente 31/12/2021;62.0;Pedonale-Ciclabile;promiscuo ciclopedonale;44.498464832486924, 11.360409316437623;"{""coordinates"": [[[11.3607426498627, 44.4983711343391], [11.3605415388234, 44.4984458126409], [11.3601979407858, 44.4984779440113], [11.3601474653255, 44.4986227267783]]], ""type"": ""MultiLineString""}";690
1320;Precedente 31/12/2021;110.0;Pedonale-Ciclabile;promiscuo ciclopedonale;44.4702110595296, 11.390114676210093;"{""coordinates"": [[[11.3904213288332, 44.4706436088321], [11.390128171062, 44.4702488719839], [11.3899482350061, 44.4700083647261], [11.389872018853, 44.4697467563554]]], ""type"": ""MultiLineString""}";692
575;Precedente 31/12/2021;161.0;Ciclabile;sede propria;44.49773969677581, 11.360028881748635;"{""coordinates"": [[[11.3596431419489, 44.4982469849607], [11.3596825257086, 44.4982507673524], [11.3598606831571, 44.4982756539442], [11.3598830792429, 44.4982562186252], [11.360041230842, 44.4977571991833], [11.3602022647656, 44.4972601953754], [11.3602721322143, 44.497021391441]]], ""type"": ""MultiLineString""}";693
1322;Precedente 31/12/2021;546.0;Percorso naturalistico;sterrato;44.469059682587734, 11.396862646934103;"{""coordinates"": [[[11.3940663431625, 44.4680128744086], [11.3942605559283, 44.4680644971054], [11.3947859587315, 44.4682436587297], [11.3951522897576, 44.4683638031842], [11.3953551627909, 44.4684300585069], [11.3955148974383, 44.4684893381405], [11.3956297564282, 44.4685162938537], [11.3957924571515, 44.4685008702252], [11.3959589160941, 44.4684943121456], [11.3960856224645, 44.4684918850166], [11.3962083874131, 44.4685080657823], [11.3964295420674, 44.4685762731548], [11.3965852715885, 44.4686524716557], [11.3967713009923, 44.4687230339645], [11.3969354614718, 44.4687754822738], [11.3973065480492, 44.4689503126037], [11.3975537764493, 44.4690820275122], [11.397738288202, 44.4691728268548], [11.3978583508258, 44.4692379076658], [11.3979543329911, 44.4692882884712], [11.3980371952381, 44.4693625056073], [11.3981213146497, 44.4694685881326], [11.3982689388539, 44.469596862022], [11.3983903256951, 44.4697401657919], [11.3984731633451, 44.469844521026], [11.3985534301479, 44.4699987404593], [11.3986285502685, 44.4701398084292], [11.3986879213963, 44.4702347587923], [11.398684798861, 44.4702713491053], [11.3988214985233, 44.4704475888894], [11.3988962547444, 44.4705787412773], [11.3989651774094, 44.4706604948945], [11.3990458856344, 44.4707064563158], [11.399197802691, 44.4708024454485]]], ""type"": ""MultiLineString""}";694
1560;Precedente 31/12/2021;91.0;Pedonale-Ciclabile;promiscuo ciclopedonale;44.49422101217311, 11.307514349501965;"{""coordinates"": [[[11.3072720484791, 44.4945602755584], [11.3073367848164, 44.4945106449995], [11.30733830843426, 44.49450876243483], [11.3073395753107, 44.4945071970969], [11.307346491053151, 44.49449865208488], [11.307346491610398, 44.49449865139635], [11.307346995633, 44.4944980286318], [11.3073770857372, 44.4944608496085], [11.3073979578186, 44.4944287343753], [11.3074173299059, 44.4944096147907], [11.3074323390583, 44.4943819399153], [11.3074633800755, 44.4943525000928], [11.3075126909627, 44.4943270125486], [11.3075380394804, 44.4943063313977], [11.3075608086849, 44.4942712965468], [11.3075689323208, 44.494222151998], [11.3075955414351, 44.4940804354891], [11.3076068917533, 44.4940110573696], [11.3076171399661, 44.4939647510467], [11.3076306716975, 44.4938996505652], [11.3076415674182, 44.4938187568848]]], ""type"": ""MultiLineString""}";695
1324;Precedente 31/12/2021;190.0;Percorso naturalistico;sterrato;44.4733212604581, 11.390947696044874;"{""coordinates"": [[[11.3912862815444, 44.4725127226441], [11.3912875259701, 44.4726540145506], [11.3912761757568, 44.4727488202989], [11.3912373659303, 44.472911752122], [11.3911989345802, 44.4729882151728], [11.3908834297373, 44.4733947617895], [11.3907325573862, 44.4735816908642], [11.3906684080707, 44.4736749197897], [11.3905919470319, 44.4738386682665], [11.3906165315248, 44.4738894895818], [11.3907375590918, 44.4740949925671]]], ""type"": ""MultiLineString""}";696
1568;Precedente 31/12/2021;229.0;Ciclabile;corsia ciclabile su strada;44.50790032711835, 11.338790428495498;"{""coordinates"": [[[11.3373746035263, 44.5080910019032], [11.3402062534647, 44.5077096523335]]], ""type"": ""MultiLineString""}";701
1567;Precedente 31/12/2021;175.0;Ciclabile;sede propria;44.526969667378985, 11.329430584723605;"{""coordinates"": [[[11.3288034479182, 44.5264657795234], [11.3287643284146, 44.5265453546683], [11.3287607921419, 44.5265870040363], [11.3287877340572, 44.5266305549107], [11.3288641830597, 44.5266529920456], [11.3291773013089, 44.5267165466739], [11.3292536702628, 44.5267369939268], [11.3293108718474, 44.5267678613212], [11.3299855752475, 44.5274012222859], [11.3300106774698, 44.527468852393], [11.3298946747837, 44.527575575546]]], ""type"": ""MultiLineString""}";702
1593;Precedente 31/12/2021;85.0;Pedonale-Ciclabile;promiscuo ciclopedonale;44.506106320206335, 11.277623612255386;"{""coordinates"": [[[11.2778743944145, 44.5064203949166], [11.2778035956987, 44.5064014748928], [11.277754649672, 44.5063416438881], [11.2774116359142, 44.505746331321]]], ""type"": ""MultiLineString""}";704
1356;Precedente 31/12/2021;105.0;Pedonale-Ciclabile;area pedonale;44.49720817924616, 11.348900092695759;"{""coordinates"": [[[11.3493629890981, 44.4968807649936], [11.3490673244696, 44.4970554253189], [11.3487653899972, 44.4973047723383], [11.348525445771, 44.4975249859802], [11.3484591428087, 44.4975651850973]]], ""type"": ""MultiLineString""}";706
1342;Precedente 31/12/2021;241.0;Ciclabile;sede propria;44.51307042928055, 11.401611200171;"{""coordinates"": [[[11.400245097971, 44.513535753044], [11.402977302371, 44.5126051055171]]], ""type"": ""MultiLineString""}";715
1582;Precedente 31/12/2021;12.0;Ciclabile;sede propria;44.50799815615888, 11.310554724552576;"{""coordinates"": [[[11.3105170332716, 44.5079494247533], [11.310519747560102, 44.50795418180173], [11.3105217912666, 44.5079577635915], [11.3105223924552, 44.5079586867831], [11.3105323855759, 44.5079740323248], [11.3105505325255, 44.507997412982], [11.3105653496234, 44.5080129390072], [11.3105808940382, 44.5080264967865], [11.3105990640911, 44.5080409338887], [11.310599090774, 44.5080409550897]]], ""type"": ""MultiLineString""}";719
781;Precedente 31/12/2021;222.0;Pedonale-Ciclabile;ciclabile contigua al pedonale;44.49739293040955, 11.289604342704102;"{""coordinates"": [[[11.29005318556329, 44.498763904185346], [11.289949584411035, 44.498666495479945], [11.28973765016318, 44.497825511635256], [11.289615450013669, 44.49729762556218], [11.28975751918038, 44.49721200842787], [11.2897208797733, 44.49705411565968], [11.289461809160693, 44.49696209781959], [11.289267325224932, 44.49660132454166], [11.28913426499793, 44.49628196668608], [11.2891357842616, 44.496223261], [11.2891769615979, 44.4961873479075], [11.2891942625325, 44.496142739461], [11.2891937612218, 44.496081684305]]], ""type"": ""MultiLineString""}";730
546;Precedente 31/12/2021;81.0;Pedonale-Ciclabile;ciclabile contigua al pedonale;44.51641789691822, 11.342294954917943;"{""coordinates"": [[[11.3422176169316, 44.516775953661], [11.3422761906617, 44.5165639249623], [11.3423337732762, 44.5162079510185], [11.3423468208371, 44.5160551382977]]], ""type"": ""MultiLineString""}";735
785;Precedente 31/12/2021;80.0;Pedonale-Ciclabile;promiscuo ciclopedonale;44.49987824101049, 11.288277128049701;"{""coordinates"": [[[11.28871544888, 44.4998510992066], [11.2885651189973, 44.4997656188982], [11.2878281552199, 44.5000218408089]]], ""type"": ""MultiLineString""}";736
548;Precedente 31/12/2021;88.0;Pedonale-Ciclabile;ciclabile contigua al pedonale;44.51481929071615, 11.342208549728731;"{""coordinates"": [[[11.3422733629765, 44.5152106148543], [11.3422117747749, 44.514847851408], [11.3421464703446, 44.5144275221562]]], ""type"": ""MultiLineString""}";739
787;Precedente 31/12/2021;107.0;Ciclabile;sede propria;44.49780317793133, 11.291427187535223;"{""coordinates"": [[[11.2915065026766, 44.4982858836701], [11.2914595630184, 44.4977234586779], [11.2914052982915, 44.4976080502418], [11.2912353170076, 44.4973594614138]]], ""type"": ""MultiLineString""}";740
2202;Precedente 31/12/2021;71.0;Ciclabile;sede propria;44.52221206004814, 11.261052771839681;"{""coordinates"": [[[11.2606488986333, 44.5220883307037], [11.2608185502419, 44.5221835537905], [11.2610365494376, 44.5222445462484], [11.2614783264574, 44.5222445755532]]], ""type"": ""MultiLineString""}";745
1533;Precedente 31/12/2021;67.0;Ciclabile;sede propria;44.46472962869713, 11.375718329353045;"{""coordinates"": [[[11.3755547932673, 44.4645149657826], [11.3756786889098, 44.4645171136377], [11.3756908756902, 44.4646183012056], [11.3757618161657, 44.4649340845261], [11.3758109728391, 44.4649529601169], [11.3758862103781, 44.4649472628513]]], ""type"": ""MultiLineString""}";746
788;Precedente 31/12/2021;45.0;Pedonale-Ciclabile;ciclabile contigua al pedonale;44.498620391334, 11.292740277537604;"{""coordinates"": [[[11.2924621159561, 44.4985973723305], [11.2925455886558, 44.4986100480205], [11.2927868491166, 44.4986247734425], [11.2929011204288, 44.4986317478293], [11.2930192789869, 44.4986298162567]]], ""type"": ""MultiLineString""}";747
1514;Precedente 31/12/2021;49.0;Pedonale-Ciclabile;area pedonale;44.49432422452518, 11.337157928167258;"{""coordinates"": [[[11.336854585805, 44.4943582080475], [11.3373111005795, 44.4943052205823], [11.3374287813333, 44.49429816405], [11.3374615683721, 44.494302830624]]], ""type"": ""MultiLineString""}";757
1758;Precedente 31/12/2021;97.0;Ciclabile;corsia preferenziale bus/bici;44.49371814470678, 11.333612538068143;"{""coordinates"": [[[11.3342062523487, 44.4936101383784], [11.3334713463082, 44.4937451216993], [11.333221096088, 44.4937885816814], [11.3330180514909, 44.4938217312031]]], ""type"": ""MultiLineString""}";762
770;Precedente 31/12/2021;98.0;Percorso naturalistico;pavimentato;44.514171485609886, 11.287261714162423;"{""coordinates"": [[[11.287141823399, 44.5137633446262], [11.2871121006226, 44.5137992983027], [11.2871176021031, 44.5139405148751], [11.2870914118024, 44.5140005695128], [11.2871029360941, 44.5140300830319], [11.2875457711585, 44.5145452682372]]], ""type"": ""MultiLineString""}";767
534;Precedente 31/12/2021;57.0;Ciclabile;sede propria;44.50556570238612, 11.303500884201293;"{""coordinates"": [[[11.3036804601284, 44.5057828193975], [11.3035792715715, 44.5056501691828], [11.3035049830101, 44.5055914381191], [11.3033548092542, 44.5053824170796], [11.3033528988511, 44.5053337957548]]], ""type"": ""MultiLineString""}";768
533;Precedente 31/12/2021;148.0;Ciclabile;sede propria;44.50480360745315, 11.30336335833791;"{""coordinates"": [[[11.3033528988511, 44.5053337957548], [11.3034123070412, 44.5052682975939], [11.303460401547, 44.505220181734], [11.3035194407924, 44.5051961914656], [11.303578367451, 44.5051693409714], [11.3036231959981, 44.5051398892736], [11.3036320052582, 44.5051096733228], [11.3035667531042, 44.5050264474444], [11.3035234478044, 44.5049929033672], [11.3034792997166, 44.5049379086437], [11.3034205483975, 44.5048674425885], [11.3033971666486, 44.5048320986615], [11.3033677416126, 44.5046938290076], [11.3033188126093, 44.5046188883099], [11.3032124268642, 44.5045063733955], [11.3031492894096, 44.5044259720853], [11.3030961979615, 44.504346816017], [11.3030638716031, 44.5042873102236], [11.3030619622142, 44.5042386892865], [11.3030749038012, 44.5041976490319]]], ""type"": ""MultiLineString""}";769
536;Precedente 31/12/2021;107.0;Ciclabile;sede propria;44.502138992917146, 11.302643453177868;"{""coordinates"": [[[11.3027122405837, 44.5025897411433], [11.3027414076, 44.5025370101612], [11.3027354118971, 44.5025034272218], [11.3026481361718, 44.502375326958], [11.3026365995151, 44.5023199459764], [11.302616395134, 44.5022226084704], [11.3026002860939, 44.502170682184], [11.3025700058141, 44.5021173351179], [11.3025323505315, 44.5020557018897], [11.302512057506, 44.5020173315356], [11.3025060652157, 44.5019837490074], [11.3025308307186, 44.501954647841], [11.3025977215053, 44.5019197079485], [11.3026715348025, 44.5018812693027], [11.3027407088128, 44.501844601501], [11.3027904916232, 44.501793132078], [11.3027907859528, 44.5017535571693]]], ""type"": ""MultiLineString""}";770
535;Precedente 31/12/2021;143.0;Ciclabile;sede propria;44.50312340147593, 11.303000104778528;"{""coordinates"": [[[11.3035279985558, 44.5036240487691], [11.3033152140319, 44.5033931550949], [11.303213444086, 44.5033340259732], [11.3030923885835, 44.5032650898345], [11.302758114528, 44.5029458989696], [11.3025969580634, 44.5026946800499], [11.3027122405837, 44.5025897411433]]], ""type"": ""MultiLineString""}";772
778;Precedente 31/12/2021;69.0;Pedonale-Ciclabile;ciclabile contigua al pedonale;44.4936206906779, 11.28709211346185;"{""coordinates"": [[[11.2875067033988, 44.4935330326704], [11.2866775235249, 44.4937083486854]]], ""type"": ""MultiLineString""}";774
1308;Precedente 31/12/2021;455.0;Percorso naturalistico;pavimentato;44.482078969225405, 11.350386845477452;"{""coordinates"": [[[11.3521336321901, 44.4809327951269], [11.3520922944214, 44.4809184179571], [11.3519659377737, 44.4808830396406], [11.3518714533031, 44.4808849156691], [11.3517487067157, 44.4808850024188], [11.3514986064807, 44.4810663309362], [11.3511685797975, 44.4812999306234], [11.3508923900013, 44.4814655957294], [11.3503170711216, 44.4817892966588], [11.3498927963644, 44.4820005347427], [11.3496321749292, 44.4821314515626], [11.3494026001077, 44.482226741922], [11.3494055026558, 44.4826001553414], [11.349426096479, 44.4826924108104], [11.3494550401943, 44.4827824777643], [11.3494864750564, 44.4828644362616], [11.3495199157831, 44.4829262060853], [11.3495791467996, 44.4829995349051], [11.3496382160782, 44.4830688339538], [11.349725890268, 44.4831496339679], [11.3498836524453, 44.4832857051912], [11.3501628081869, 44.4834901682008], [11.3504543420018, 44.4834556134024]]], ""type"": ""MultiLineString""}";776
1524;2022;149.0;Pedonale-Ciclabile;ciclabile contigua al pedonale;44.45350221230744, 11.365824347652612;"{""coordinates"": [[[11.365914139036075, 44.45361556717948], [11.3655963044577, 44.4533143261075], [11.3653316005773, 44.4530529473424], [11.3652840277218, 44.4529406794009]], [[11.365919709355484, 44.45362084668368], [11.365914141030347, 44.45361556906964]], [[11.3664647337411, 44.4539202345287], [11.3663450969709, 44.4539203745959], [11.3660446978182, 44.4537393097492], [11.3659246694749, 44.4536255478452], [11.365919710591584, 44.45362084785524]]], ""type"": ""MultiLineString""}";779
1762;Precedente 31/12/2021;219.0;Pedonale-Ciclabile;area pedonale;44.49318676921927, 11.345025964303613;"{""coordinates"": [[[11.3436899795834, 44.4934338311831], [11.3439509865068, 44.4933960870681], [11.3445836948617, 44.4932642860648], [11.3450735808446, 44.4931774347048], [11.3454759795411, 44.493096840441], [11.3458921697068, 44.4930136336777], [11.3460608660376, 44.4929911201984], [11.3462009239972, 44.4929796646962], [11.3463662029951, 44.4929830878209]]], ""type"": ""MultiLineString""}";782
1309;Precedente 31/12/2021;718.0;Percorso naturalistico;pavimentato;44.481799499876864, 11.352869595761389;"{""coordinates"": [[[11.3504543420018, 44.4834556134024], [11.3504300596284, 44.4833936520861], [11.3504310736254, 44.4833372104288], [11.3504539108646, 44.4832521257433], [11.3505773834476, 44.4829745675305], [11.3507571455342, 44.4826276921029], [11.3508963471411, 44.4823876914462], [11.3510092640486, 44.4822017515507], [11.351198424153, 44.4819380078382], [11.3513877721154, 44.4816533293696], [11.3515426387957, 44.4814221334142], [11.3516555360631, 44.4812905317008], [11.3517793214198, 44.4811845512693], [11.3519542774515, 44.4810446209359], [11.3521336321901, 44.4809327951269], [11.3525463690385, 44.48096481271], [11.352885070549, 44.481007214239], [11.3532494720675, 44.4810833026842], [11.3539279008546, 44.4813447513333], [11.3543681603315, 44.481571843354], [11.354700846916, 44.4817536396189], [11.354789950794, 44.4817804999193], [11.3548728170853, 44.4817889169829], [11.3549332079611, 44.4817859778338], [11.3549800521095, 44.4817782589752], [11.3550251446356, 44.4817660750638], [11.355076152956, 44.4817451235547], [11.3551473593419, 44.4816977264015], [11.3552134535305, 44.4821752529942], [11.3552053803664, 44.4822654975976], [11.3551689922855, 44.4823636140527], [11.355002013272, 44.4825922788891], [11.3548902170785, 44.4827223667605], [11.3547948764829, 44.4828201743508]]], ""type"": ""MultiLineString""}";783
1789;Precedente 31/12/2021;62.0;Ciclabile;sede propria;44.5127336588337, 11.35748780572309;"{""coordinates"": [[[11.357848653401634, 44.512652622670856], [11.3571128699639, 44.5128178587802]], [[11.3578627410222, 44.5126494589905], [11.3578562317895, 44.5126509207797], [11.35784865292359, 44.51265262277821]]], ""type"": ""MultiLineString""}";787
568;Precedente 31/12/2021;411.0;Ciclabile;sede propria;44.50294560764452, 11.355882917054997;"{""coordinates"": [[[11.3536745425629, 44.503831249833], [11.3540265617268, 44.5036986252664], [11.3546023557084, 44.5034886541509], [11.3568628600958, 44.5025769871268], [11.357236550018, 44.5024197635039], [11.3574565169566, 44.5022832403383], [11.3577504509461, 44.5020766095441], [11.357962342340178, 44.50186787678398], [11.357964098428, 44.5018661468739], [11.357964593313758, 44.50186565936533], [11.357964593927807, 44.50186565876044], [11.3579730808447, 44.5018572983567], [11.3579743144788, 44.5018560831066]]], ""type"": ""MultiLineString""}";794
1107;Precedente 31/12/2021;480.0;Ciclabile;sede propria;44.49561510428225, 11.391136291306124;"{""coordinates"": [[[11.39104882172, 44.493998417919], [11.391066950244186, 44.49402575838371], [11.391066951146916, 44.494025759745156], [11.391071445149528, 44.49403253735808], [11.3910714772825, 44.4940325858193], [11.3911264540534, 44.4941154988272], [11.3911327503026, 44.4942112654347], [11.3911075218897, 44.4943119254626], [11.3900798644605, 44.4954869338438], [11.3899643839635, 44.4956394015398], [11.3899659435213, 44.4957895677183], [11.3901713997708, 44.4960227753533], [11.3904875781013, 44.4962145172621], [11.3906689115213, 44.496271961152], [11.3910757595362, 44.4963245612996], [11.3918329961495, 44.4963807806898], [11.3922343156225, 44.4961149869067], [11.392218350115, 44.4960547783333], [11.3925067661744, 44.4958487691968], [11.3920973760243, 44.4951804203986]]], ""type"": ""MultiLineString""}";795
1312;Precedente 31/12/2021;119.0;Percorso naturalistico;pavimentato;44.48120978082262, 11.355570065129795;"{""coordinates"": [[[11.3551915828374, 44.481656218152], [11.3553200555192, 44.4815699267973], [11.3554008844105, 44.4815179257539], [11.3554491361331, 44.4814627256728], [11.3554940288153, 44.4813688778958], [11.3555354584125, 44.4812338035882], [11.3555525025307, 44.4811198817809], [11.3555562962434, 44.481079795912], [11.3555900344195, 44.4810223142998], [11.3556372634954, 44.4809864937272], [11.3557080113169, 44.4809527686204], [11.3560025880333, 44.4808369868588]]], ""type"": ""MultiLineString""}";796
1314;Precedente 31/12/2021;159.0;Pedonale-Ciclabile;ciclabile contigua al pedonale;44.499383214585706, 11.364663358735921;"{""coordinates"": [[[11.3655057808215, 44.4990383551236], [11.3653800081988, 44.4990513581821], [11.3653783126323, 44.4990708407711], [11.3653709526671, 44.4990954188734], [11.3644025803446, 44.499491998149], [11.3638013874538, 44.4997377131699]]], ""type"": ""MultiLineString""}";798
1557;Precedente 31/12/2021;535.0;Percorso naturalistico;sterrato;44.542861913934296, 11.35066252077019;"{""coordinates"": [[[11.34810641485567, 44.540407790266], [11.348296662338642, 44.540613960035934], [11.348701926596817, 44.541042529878695], [11.34899185348351, 44.541321291234354], [11.349223182012164, 44.54158955270245], [11.349678248473559, 44.54186889542378], [11.349781577234586, 44.54192263743483], [11.34988825935111, 44.541978635902645], [11.35002717599686, 44.54210615214376], [11.350128655783637, 44.54227635307961], [11.350138263832095, 44.54229175239128]], [[11.350138264468812, 44.542291753411845], [11.350152339958983, 44.542314312921334]], [[11.35013826446885, 44.54229175341184], [11.350242708743039, 44.54245915160275]], [[11.350152340607169, 44.54231431396022], [11.3501549009578, 44.5423184175654], [11.350242708743039, 44.54245915160275]], [[11.350242708743039, 44.54245915160275], [11.3502892566863, 44.5425337563769], [11.350362430291005, 44.54262187196055]], [[11.350242708743039, 44.54245915160275], [11.350289256686272, 44.54253375637691], [11.350362430291005, 44.54262187196055]], [[11.350362430291005, 44.54262187196055], [11.350395672847695, 44.542661902614974], [11.3505215825311, 44.54278730562559], [11.350609346933599, 44.54285763004978], [11.350833563057119, 44.54299025677606], [11.35098633618432, 44.54307323917767]], [[11.350362430291005, 44.54262187196055], [11.3503956728477, 44.542661902615], [11.3505215825311, 44.5427873056256], [11.3506093469336, 44.5428576300498], [11.3508335630571, 44.5429902567761], [11.35098633618432, 44.54307323917767]], [[11.35098633618432, 44.54307323917767], [11.3510439758517, 44.5431045475505], [11.351104111835625, 44.543135019085355]], [[11.35098633618432, 44.54307323917767], [11.351043975851729, 44.543104547550534], [11.351104111835625, 44.543135019085355]], [[11.351104111835625, 44.543135019085355], [11.35118070696694, 44.54317383064309], [11.35128078378944, 44.54322526338741], [11.351282169885248, 44.54322577985102]], [[11.351104111835625, 44.543135019085355], [11.3511807069669, 44.5431738306431], [11.3512807837894, 44.5432252633874], [11.351282169885248, 44.54322577985102]], [[11.351282169885248, 44.54322577985102], [11.3514167695851, 44.5432759321179], [11.351483974750632, 44.543302056164265]], [[11.351282169885248, 44.54322577985102], [11.351416769585123, 44.54327593211794], [11.351483974750632, 44.543302056164265]], [[11.351483974750632, 44.543302056164265], [11.351496384156617, 44.5433068799586], [11.351573674223383, 44.543333538356435]], [[11.351483974750632, 44.543302056164265], [11.3514963841566, 44.5433068799586], [11.351573674223383, 44.543333538356435]], [[11.351573674223383, 44.543333538356435], [11.3515857219752, 44.5433376937903], [11.3516651791874, 44.5433663815991], [11.3517058851145, 44.5434075835074], [11.351744260329, 44.5434745455717], [11.3518197800528, 44.5436645922973], [11.351819780052805, 44.54366459229732]], [[11.351573674223383, 44.543333538356435], [11.351585721975177, 44.54333769379029], [11.35166517918737, 44.5433663815991], [11.351705885114464, 44.54340758350741], [11.351744260328967, 44.54347454557172], [11.351819780052805, 44.54366459229732]], [[11.351819072910828, 44.54469188456035], [11.351805690012506, 44.54471434100216], [11.351723703710663, 44.54484221801664]], [[11.351819072910828, 44.54469188456035], [11.3518056900125, 44.5447143410022], [11.3517237037107, 44.5448422180166]], [[11.351935256871272, 44.54433442339802], [11.351916420053, 44.5444361833833], [11.3518734080121, 44.5446007105103], [11.351819072910828, 44.54469188456035]], [[11.351935256871272, 44.54433442339802], [11.35191642005303, 44.544436183383304], [11.351873408012144, 44.54460071051032], [11.351819072910828, 44.54469188456035]], [[11.351819780052805, 44.54366459229732], [11.351846876008816, 44.54378087962365], [11.351849944218234, 44.5437982493717]], [[11.351819780052805, 44.54366459229732], [11.3518468760088, 44.5437808796236], [11.351849944218234, 44.5437982493717]], [[11.351849944218234, 44.5437982493717], [11.351867441786, 44.5438973066072], [11.3519355324712, 44.5443329345561], [11.351935256871272, 44.54433442339802]], [[11.351849944218234, 44.5437982493717], [11.351867441785963, 44.54389730660722], [11.351935532471199, 44.54433293455611], [11.351935256871272, 44.54433442339802]]], ""type"": ""MultiLineString""}";802
1556;Precedente 31/12/2021;67.0;Ciclabile;sede propria;44.526319871920464, 11.362960452339438;"{""coordinates"": [[[11.3628372325202, 44.5260702413511], [11.3629570577376, 44.5261479045739], [11.3629772430696, 44.5261748081457], [11.3629808713856, 44.5262054697953], [11.3629755813892, 44.5262516843988], [11.3629749924446, 44.5262960941262], [11.3629964212128, 44.5263537087366], [11.3630221364809, 44.5263992814667], [11.363021202176, 44.5264351603865], [11.3629960721564, 44.5264630022187], [11.3629446376442, 44.5264896811167], [11.3629257646833, 44.5264951946579], [11.3629659650879, 44.5265849469531]]], ""type"": ""MultiLineString""}";804
1795;Precedente 31/12/2021;267.0;Pedonale-Ciclabile;ciclabile contigua al pedonale;44.506046663426815, 11.373477761394808;"{""coordinates"": [[[11.372027704685, 44.5054578386126], [11.3723833231916, 44.5055983387089], [11.3726831672096, 44.5057167166927], [11.3729953384374, 44.5058449620702], [11.3737016291306, 44.5061178962988], [11.3738196986415, 44.506169366838], [11.3739724184047, 44.5062342522287], [11.3740921999669, 44.506290388539], [11.3745377098726, 44.5065032958298], [11.3749099254922, 44.5066768410889]]], ""type"": ""MultiLineString""}";805
1797;Precedente 31/12/2021;537.0;Ciclabile;sede propria;44.50908435921496, 11.37382668631465;"{""coordinates"": [[[11.375876125021, 44.5071509680873], [11.3757748773527, 44.5072714423912], [11.3756230220978, 44.5074141689914], [11.3754322935748, 44.5075989982021], [11.3752966407249, 44.5077179290497], [11.3751630007228, 44.5078479786893], [11.3749435425958, 44.5080557263297], [11.3747134827064, 44.5082715053898], [11.3744881909331, 44.5084894127341], [11.3743244873728, 44.5086479866629], [11.3741473351347, 44.5088213496716], [11.3740091023514, 44.5089537014837], [11.3735990797656, 44.5093506314189], [11.3734384461408, 44.5095079968542], [11.373364739629, 44.509576497175], [11.3731687746038, 44.5097479920657], [11.3729936926646, 44.5098956150446], [11.3728470211227, 44.5100125122148], [11.3727790534981, 44.5100686172935], [11.3725093041234, 44.5102684386685], [11.3721098996822, 44.5105814635974], [11.3720372060391, 44.5106365529591], [11.3718887440935, 44.5107479125343], [11.3717649661361, 44.5108520629134], [11.371754636931, 44.5108667889397], [11.3717470723479, 44.5109495504361]]], ""type"": ""MultiLineString""}";807
790;Precedente 31/12/2021;95.0;Pedonale-Ciclabile;ciclabile contigua al pedonale;44.49849215937846, 11.29393010458467;"{""coordinates"": [[[11.2933660456853, 44.4986300237474], [11.2935416034711, 44.4985870847997], [11.2942276074637, 44.4984201985757], [11.2944935511336, 44.4983518513802]]], ""type"": ""MultiLineString""}";814
1115;Precedente 31/12/2021;46.0;Pedonale-Ciclabile;ciclabile contigua al pedonale;44.490102862615146, 11.3167142602696;"{""coordinates"": [[[11.3164440314252, 44.4901719805951], [11.316984489114, 44.4900337446352]]], ""type"": ""MultiLineString""}";815
1544;Precedente 31/12/2021;109.0;Ciclabile;sede propria;44.50837712546819, 11.359803717306239;"{""coordinates"": [[[11.3593845132936, 44.5085761901237], [11.3594756914754, 44.5085012585586], [11.3595318514555, 44.5084586950784], [11.3596095007839, 44.5084363938726], [11.3596836162826, 44.5084289540601], [11.3597462945233, 44.5084454111103], [11.3598262123594, 44.5084792596921], [11.3599006860744, 44.5084806853746], [11.359970073866, 44.5084585540356], [11.360026352697, 44.5084189464867], [11.3600541935646, 44.5083917546558], [11.3600561750764, 44.508338475734], [11.3600331330122, 44.5082797961233], [11.3599613575712, 44.5082428221912], [11.3598380686024, 44.5081786336748], [11.3599150577342, 44.5080848920207]]], ""type"": ""MultiLineString""}";829
799;Precedente 31/12/2021;245.0;Pedonale-Ciclabile;ciclabile contigua al pedonale;44.494631969218446, 11.293094299104187;"{""coordinates"": [[[11.2938792283151, 44.4938096954876], [11.2933348127383, 44.4942995931374], [11.2932982453697, 44.4942795304704], [11.2925918496031, 44.4948982888745], [11.2928892619228, 44.4954272963684], [11.2929616657062, 44.495589180544]]], ""type"": ""MultiLineString""}";830
1782;Precedente 31/12/2021;75.0;Pedonale-Ciclabile;ciclabile contigua al pedonale;44.50876479499875, 11.3553386559921;"{""coordinates"": [[[11.3557998450706, 44.5087038355101], [11.3548774669136, 44.5088257544874]]], ""type"": ""MultiLineString""}";831
1786;Precedente 31/12/2021;73.0;Ciclabile;sede propria;44.49541873604586, 11.370997726954304;"{""coordinates"": [[[11.3708261955507, 44.4956998060601], [11.3708537758725, 44.4956773234616], [11.3708906398768, 44.4956480433513], [11.3709476293203, 44.4956109962742], [11.3709900779424, 44.4955297525894], [11.3710054571807, 44.4954738031058], [11.3710263538673, 44.4953798154987], [11.3710500611994, 44.4952680298049], [11.3710708566797, 44.4951714524884], [11.3710885686729, 44.4950887395303]]], ""type"": ""MultiLineString""}";836
1787;Precedente 31/12/2021;91.0;Ciclabile;sede propria;44.49468098537429, 11.371099667038916;"{""coordinates"": [[[11.3711497619473, 44.4942710246536], [11.3710702896489, 44.4948701722532], [11.3710684333764, 44.4950107914044], [11.3710742255642, 44.4950606733467], [11.3710885686729, 44.4950887395303]]], ""type"": ""MultiLineString""}";838
1290;Precedente 31/12/2021;195.0;Ciclabile;corsia ciclabile su strada;44.49755135031137, 11.329935430227703;"{""coordinates"": [[[11.3310196950157, 44.4978872043148], [11.331019694383683, 44.49788720381504], [11.3309721733046, 44.4978496272295], [11.3308617583189, 44.4977094568669], [11.330827887834, 44.4976833308739], [11.3307854711203, 44.4976677862356], [11.3305042732664, 44.4976238653768], [11.3295673386741, 44.4974803752996], [11.3288547971506, 44.4973829079779], [11.3287734907348, 44.4974024285811]]], ""type"": ""MultiLineString""}";839
2147;;52.0;Pedonale-Ciclabile;ciclabile contigua al pedonale;44.513700749326816, 11.327193250748543;"{""coordinates"": [[[11.326898992164413, 44.51367828842523], [11.327021949673176, 44.51369977746209], [11.32723540017111, 44.513672393565344], [11.327315066695807, 44.51367186423377], [11.327352909488646, 44.513698506269236], [11.327372465313848, 44.513766094518395], [11.327454181109543, 44.51376751544533]]], ""type"": ""MultiLineString""}";848
2146;;135.0;Pedonale-Ciclabile;ciclabile contigua al pedonale;44.51316228351766, 11.32701714754852;"{""coordinates"": [[[11.326898992164413, 44.51367828842523], [11.326840424710538, 44.513627080458726], [11.326890888789887, 44.5135287516074], [11.326866642410092, 44.51344541940929], [11.32680769847463, 44.51338375193102], [11.326810811053925, 44.51332002629427], [11.326841620029999, 44.51323785958283], [11.32693233544012, 44.51320457356897], [11.327008240272582, 44.51311470715327], [11.327129114411061, 44.513050867460315], [11.327197588118826, 44.512932314116654], [11.32727324917717, 44.51270077058215], [11.327306897683, 44.512621686874]]], ""type"": ""MultiLineString""}";849
2135;2025;890.0;Itinerario ciclabile;corsia ciclabile su strada;44.48248346627051, 11.377415905509727;"{""coordinates"": [[[11.382354073411598, 44.4806282505968], [11.3819849875778, 44.480831067058034], [11.381545974001629, 44.48106079192451], [11.381200508195278, 44.481214130808645], [11.380910071374691, 44.48130735427431], [11.380479033516709, 44.48143569452547], [11.379475342372208, 44.48172929969098], [11.378662296680044, 44.481964114171774], [11.37854027837579, 44.48199859874911], [11.378026139996068, 44.482191049428394], [11.37700717572456, 44.48258719116278], [11.376674951411815, 44.48271846352627], [11.376334670275549, 44.4828462878504], [11.376105031940174, 44.482928551788994], [11.375586971161342, 44.48312792351847], [11.374494006474839, 44.483548539004246], [11.373440893631896, 44.48395384915352], [11.373149765850034, 44.48406589272548], [11.37279626309428, 44.48420809392869], [11.372465071374124, 44.484336749940226]]], ""type"": ""MultiLineString""}";851
2165;Precedente 31/12/2021;138.0;Ciclabile;corsia ciclabile su strada;44.49326823833811, 11.332640150595257;"{""coordinates"": [[[11.3322883714673, 44.4926984005236], [11.3323530658097, 44.4928279363789], [11.332584644344, 44.493203861088], [11.3326617687045, 44.4933007554461], [11.3329054391727, 44.4936718040838], [11.3330180514909, 44.4938217312031]]], ""type"": ""MultiLineString""}";860
1495;Precedente 31/12/2021;28.0;Pedonale-Ciclabile;area pedonale;44.4957114512398, 11.3409573080683;"{""coordinates"": [[[11.3407847720587, 44.4957376239429], [11.3411298440779, 44.4956852785367]]], ""type"": ""MultiLineString""}";861
2166;Precedente 31/12/2021;746.0;Itinerario ciclabile;promiscuo veicolare;44.50259021991627, 11.375159377378592;"{""coordinates"": [[[11.3748379201179, 44.4992450695501], [11.3748439988548, 44.4993377848079], [11.3748501735964, 44.4994318995225], [11.3748584904599, 44.4995086325147], [11.3748654887606, 44.4995731983051], [11.3748725672501, 44.4996385051551], [11.3748952323949, 44.4998517859442], [11.3749553503326, 44.5002692179114], [11.3750548425255, 44.5010205408474], [11.3750763824592, 44.5011831981825], [11.3751046488849, 44.5014253804759], [11.3751255736684, 44.5016160243364], [11.3751797576379, 44.5020151587076], [11.3752221399893, 44.5023273548472], [11.3752564982737, 44.5025804416096], [11.3752782140923, 44.5027404006648], [11.3753029868259, 44.5029835088921], [11.3753298336129, 44.5032469679823], [11.3753396108437, 44.5034016160927], [11.375359008663, 44.5037082637903], [11.375364542427, 44.5038123026121], [11.3753707168311, 44.5039640620225], [11.3753596718878, 44.5041436847328], [11.3753425734271, 44.5044572821894], [11.3753099346, 44.5047322042921], [11.375290428122, 44.5048708849662], [11.375233068742, 44.5051146113281], [11.3751752119905, 44.5053904815659], [11.3750512127389, 44.5059220863859]]], ""type"": ""MultiLineString""}";863
2169;Precedente 31/12/2021;256.0;Itinerario ciclabile;promiscuo veicolare;44.51122587687563, 11.401216050799837;"{""coordinates"": [[[11.3998262957686, 44.5106462475841], [11.4017580960851, 44.5114453289538], [11.4025978816449, 44.5118238464996]]], ""type"": ""MultiLineString""}";864
2168;Precedente 31/12/2021;93.0;Ciclabile;sede propria;44.5122038381828, 11.402842569645598;"{""coordinates"": [[[11.4030872576463, 44.512583829866], [11.4025978816449, 44.5118238464996]]], ""type"": ""MultiLineString""}";866
496;Precedente 31/12/2021;181.0;Ciclabile;promiscuo ciclopedonale;44.454771977403496, 11.371708375620557;"{""coordinates"": [[[11.3720149796678, 44.4555523868998], [11.372012469109112, 44.45534565718246], [11.371986135781412, 44.455237043593165], [11.371909639741917, 44.45510218555656], [11.37164165778756, 44.454690626494376], [11.37160511228719, 44.45459977462224], [11.371541218906785, 44.45431457207871], [11.371248162973867, 44.45407884419155]]], ""type"": ""MultiLineString""}";872
1053;Precedente 31/12/2021;216.0;Ciclabile;corsia preferenziale bus/bici;44.49892082481351, 11.345089499564951;"{""coordinates"": [[[11.343782947575, 44.4990666674603], [11.3437833753436, 44.4990667098886], [11.3438728250269, 44.4990755819182], [11.3439876466946, 44.4990876665587], [11.3441088904219, 44.4990923997414], [11.3441762845093, 44.4990958336474], [11.3443571500596, 44.4990776851348], [11.3448315801, 44.4990005661709], [11.3453510440412, 44.4989047626264], [11.3457787935767, 44.4988085361221], [11.3463652711589, 44.498586410077]]], ""type"": ""MultiLineString""}";874
1058;Precedente 31/12/2021;56.0;Ciclabile;corsia ciclabile su strada;44.49735692034966, 11.328427659587447;"{""coordinates"": [[[11.3287734907348, 44.4974024285811], [11.3287452369841, 44.4974064442827], [11.3287069528148, 44.4974049482346], [11.3280823870647, 44.4972987122456]]], ""type"": ""MultiLineString""}";875
1244;Precedente 31/12/2021;172.0;Percorso naturalistico;pavimentato;44.480108927525336, 11.371859602250764;"{""coordinates"": [[[11.3710399545993, 44.4797272599526], [11.37111955936, 44.4798347971216], [11.3712128053017, 44.4799117238712], [11.3712641698581, 44.4799436360534], [11.3713310209986, 44.4799623211721], [11.3713736260237, 44.4799757745049], [11.3714118222087, 44.4799792822593], [11.3714513182451, 44.4799875334355], [11.3715301318545, 44.4800180496084], [11.3716020298214, 44.480079402617], [11.3717421612589, 44.4802124157238], [11.3718421428182, 44.4802614920105], [11.3719432167845, 44.4802871603441], [11.3720413035901, 44.480289505463], [11.3721685657466, 44.4802561660677], [11.3722757260611, 44.4802305523541], [11.3725485223318, 44.4802117247083], [11.3725677612777, 44.4801323995237], [11.3726110960611, 44.4800934972247], [11.3727122837352, 44.4800582490043]]], ""type"": ""MultiLineString""}";883
1247;Precedente 31/12/2021;524.0;Ciclabile;sede propria;44.502353338908975, 11.257951418526455;"{""coordinates"": [[[11.2556720227767, 44.5032352937683], [11.2571909343119, 44.5027607625506], [11.2568272370046, 44.5021662698759], [11.2569268011722, 44.502136894592], [11.2571849288644, 44.5020441795778], [11.2573685349942, 44.5019891839122], [11.2574650213604, 44.5019736792116], [11.2575852354371, 44.5019712985087], [11.2577226091707, 44.5019761310611], [11.2578835356271, 44.5019895536606], [11.2582800291616, 44.5020360074479], [11.2586425530509, 44.5020770223552], [11.2587568032778, 44.5020837718845], [11.2589067882854, 44.5020867925065], [11.2590923322235, 44.5020815317971], [11.2593537431192, 44.5020732251542], [11.259511812896, 44.5020670149056], [11.2598343914105, 44.5020574704695], [11.2600096344539, 44.5020584574031], [11.26012164416, 44.502062244034], [11.2601957034212, 44.5020667887762], [11.2602596699131, 44.5020836212415], [11.2603400541171, 44.5021952434046], [11.2604130195916, 44.5023229184411], [11.2605606510542, 44.5022946669007]]], ""type"": ""MultiLineString""}";885
2157;Precedente 31/12/2021;141.0;Pedonale-Ciclabile;promiscuo ciclopedonale;44.52199729770568, 11.318364808947031;"{""coordinates"": [[[11.31886845719, 44.5216029644884], [11.3187883521695, 44.52174626165], [11.3188798068742, 44.5218608472467], [11.3177593990361, 44.5222139423951], [11.3176375456739, 44.5222782253331]]], ""type"": ""MultiLineString""}";888
1270;Precedente 31/12/2021;169.0;Ciclabile;sede propria;44.51103646308984, 11.413900055615182;"{""coordinates"": [[[11.4128700898482, 44.5108470117068], [11.4131035309669, 44.5108755758406], [11.4149274850161, 44.5112416401172]]], ""type"": ""MultiLineString""}";893
1271;Precedente 31/12/2021;1034.0;Ciclabile;corsia ciclabile su strada;44.511136957012496, 11.409749816108564;"{""coordinates"": [[[11.4041541433125, 44.5122211353081], [11.4052407794674, 44.5117471203189], [11.405792306291, 44.5115178187595], [11.4067166719909, 44.5111567331614], [11.408079942488, 44.5106895071553], [11.4085308068133, 44.510590117836], [11.4089635616365, 44.5105357878374], [11.4096874581208, 44.5104929869323], [11.4101099812717, 44.5104840605177], [11.4104198315835, 44.5104809523799], [11.4107303071952, 44.5104933052244], [11.4110292745607, 44.5105179276056], [11.4116479065249, 44.510602858869], [11.412301927768, 44.5107358761272], [11.4128700898482, 44.5108470117068], [11.4131702898401, 44.5109251751956], [11.4137388610564, 44.5111280586337], [11.4139311628115, 44.5112085035655], [11.4140382376516, 44.5112696590692], [11.4141084669278, 44.5113537492137], [11.4141406151139, 44.5114190021322], [11.4141473200948, 44.5114862695421], [11.414126953826, 44.5115703682983], [11.413836584902, 44.5121340591583], [11.4134890307756, 44.512838524529]]], ""type"": ""MultiLineString""}";895
1274;Precedente 31/12/2021;206.0;Pedonale-Ciclabile;ciclabile contigua al pedonale;44.48751317193139, 11.359197708618696;"{""coordinates"": [[[11.3604813910918, 44.4876300345508], [11.3593655377959, 44.4875334852066], [11.3579148521675, 44.4873874823998]]], ""type"": ""MultiLineString""}";896
1275;Precedente 31/12/2021;123.0;Pedonale-Ciclabile;promiscuo ciclopedonale;44.50453166912574, 11.344654151434083;"{""coordinates"": [[[11.3451159702958, 44.5048162177791], [11.3450958635644, 44.504760550192], [11.3449280575346, 44.5047886807216], [11.3447946082935, 44.5047518765255], [11.344713503287, 44.5047219904517], [11.3446512724077, 44.5046818587006], [11.344591477886, 44.5046337907682], [11.3445510056852, 44.5045872882734], [11.3443828732311, 44.5041064166245], [11.3443677306223, 44.5040215782445]]], ""type"": ""MultiLineString""}";899
2103;Precedente 31/12/2021;906.0;Ciclabile;corsia preferenziale bus/bici;44.48987698615938, 11.323340146791343;"{""coordinates"": [[[11.317843087135, 44.4887991373415], [11.3186851716423, 44.4890355634442], [11.3194595068898, 44.4892485798883], [11.3200358941452, 44.4893719844183], [11.3206073838258, 44.4895049646391], [11.320928274998, 44.4895751565898], [11.322209303504, 44.4898593614296], [11.3232164089533, 44.4900833080339], [11.3235947874796, 44.4901405803786], [11.3244260400388, 44.4901830071765], [11.3259806895507, 44.4902647836061], [11.3260899484809, 44.4902723017607], [11.3264141500627, 44.4902889756843], [11.3266954783553, 44.4903068699382], [11.3275320483922, 44.4903501231075], [11.3276252966923, 44.4903545243495], [11.3286511287017, 44.4904085195125], [11.3289185039661, 44.4904169312907]]], ""type"": ""MultiLineString""}";901
2106;Precedente 31/12/2021;430.0;Itinerario ciclabile;corsia ciclabile su strada;44.48975045198941, 11.314007610970418;"{""coordinates"": [[[11.3163755961743, 44.4888542139073], [11.3159460130421, 44.4890801465709], [11.3156864445398, 44.4892190379707], [11.3154726628732, 44.489335340454], [11.314763584849, 44.4897088904933], [11.3146384961411, 44.4897834386455], [11.3144144299658, 44.4898992816401], [11.3143020149557, 44.4899473935318], [11.3141753712733, 44.4899826955065], [11.3139980743271, 44.4900092031944], [11.3138814553974, 44.4900099343481], [11.3137649147945, 44.4900106649641], [11.313466526717, 44.4900199808506], [11.3131666008054, 44.4900293439753], [11.3129429650525, 44.490040423444], [11.3128615711336, 44.4900428780596], [11.3125361952292, 44.4900526901808], [11.3121095925247, 44.4900659895189], [11.3117762411421, 44.490076889632], [11.311490575559, 44.4900862295969]]], ""type"": ""MultiLineString""}";904
1061;Precedente 31/12/2021;551.0;Pedonale-Ciclabile;area pedonale;44.49551036570774, 11.332112402686954;"{""coordinates"": [[[11.3355728707327, 44.4955565851009], [11.335437658817, 44.495559353415], [11.3346384316527, 44.4955657658059], [11.3345626222329, 44.4955681815464], [11.3340148873025, 44.4955608090654], [11.3329022309645, 44.4955323639866], [11.332593188535, 44.4955267376616], [11.33214655875, 44.4955239234781], [11.3317245810032, 44.4955116462779], [11.3310328489134, 44.4954904673719], [11.3308520795924, 44.4954736447747], [11.3306135781402, 44.4954640510271], [11.3301507513967, 44.4954622441255], [11.3297081848352, 44.4954616420236], [11.3292730646291, 44.4954550526193], [11.3290500126235, 44.4954401888413], [11.3286548944174, 44.495395834583]]], ""type"": ""MultiLineString""}";910
1009;Precedente 31/12/2021;164.0;Ciclabile;sede propria;44.4729489927869, 11.394454477580423;"{""coordinates"": [[[11.3935862925685, 44.473228530888], [11.3941575073975, 44.4729934473098], [11.3942241792047, 44.4729776233278], [11.3943085920825, 44.4729759492517], [11.3948499541616, 44.4729327322111], [11.3949190340456, 44.472924867049], [11.3950311812758, 44.472862016119], [11.3950825161237, 44.4727873806557], [11.395081740926, 44.4726921239373], [11.3950301512612, 44.4726086952222], [11.3949433382255, 44.4725497762269]]], ""type"": ""MultiLineString""}";913
2122;2022;1432.0;Itinerario ciclabile;corsia ciclabile su strada;44.53890078897316, 11.317672243911565;"{""coordinates"": [[[11.315118859213, 44.5327300423288], [11.3153285026153, 44.5332230361093], [11.3154455928157, 44.5335038243024], [11.3156459451551, 44.5339991358787], [11.3157832603268, 44.5343173561055], [11.3158771745171, 44.5345276543078], [11.3160492469662, 44.534917137236], [11.3161604352507, 44.5351760315018], [11.3162983482579, 44.5354973735074], [11.3165019952952, 44.5360193709048], [11.3165605695741, 44.5361865355756], [11.3166323884238, 44.5364003796498], [11.3166895721403, 44.5366000377598], [11.3167600198236, 44.5368357474777], [11.3168105478653, 44.5369397551004], [11.3168739056522, 44.5371600088725], [11.3169245619058, 44.5372570128924], [11.3169681195727, 44.5373318789991], [11.3170021803213, 44.5373825118816], [11.3171317332281, 44.5375787705165], [11.3173569179685, 44.5379185567108], [11.3174269650142, 44.5380306627151], [11.3175011330958, 44.5381693998679], [11.3175601952895, 44.5383240458686], [11.3176715761695, 44.5386200693316], [11.3176891768349, 44.5386794540444], [11.3178389409256, 44.5391696499177], [11.3179250288801, 44.5394635927591], [11.318049049478, 44.5399112891457], [11.3181287161288, 44.5402454234557], [11.3181879809133, 44.5406372959399], [11.3182844392846, 44.5413688743051], [11.3183536785129, 44.5418405023454], [11.3184093500505, 44.5419749827056], [11.3184544381677, 44.5420301253562], [11.3190621594131, 44.5425957116193], [11.3193980433061, 44.5429057764267], [11.31956869896, 44.5430739498546], [11.3196276755174, 44.5431484689663], [11.3196801473358, 44.5432147702294], [11.3197920833248, 44.5433563892489], [11.3200291920508, 44.5436639229297], [11.3201843686386, 44.5438665840723], [11.320270822297, 44.5440065757335], [11.3203214916929, 44.5441315518454], [11.3203583364957, 44.5443024902296], [11.3203885031243, 44.5445852777714], [11.3204192689285, 44.5448338960807]]], ""type"": ""MultiLineString""}";917
900;Precedente 31/12/2021;317.0;Ciclabile;sede propria;44.537007015616766, 11.348695440118709;"{""coordinates"": [[[11.3467889887316, 44.5374329903265], [11.3479613462783, 44.5371570970546], [11.3490302843122, 44.5369328916182], [11.3493834734777, 44.5368613085707], [11.3506050027308, 44.5365948133495]]], ""type"": ""MultiLineString""}";919
1011;Precedente 31/12/2021;132.0;Ciclabile;sede propria;44.47097307220944, 11.398773220731078;"{""coordinates"": [[[11.3980508651058, 44.4712635827637], [11.399477445381867, 44.47068985339727]], [[11.39949557668262, 44.47068256246649], [11.399477445381866, 44.47068985339725]]], ""type"": ""MultiLineString""}";926
1018;Precedente 31/12/2021;299.0;Ciclabile;sede propria;44.48997648038474, 11.388933688394227;"{""coordinates"": [[[11.3881420110603, 44.4887557212801], [11.3889022937988, 44.4899112163313], [11.3889088601316, 44.4899226888116], [11.388910005043694, 44.48992468915468], [11.388910005486183, 44.489924689927776], [11.388911668478444, 44.489927595439106], [11.3889147275004, 44.4899329400358], [11.3889601626503, 44.4900123224506], [11.389024820658745, 44.49012529024897], [11.3890444160452, 44.4901595264978], [11.38906721216194, 44.49019156335597], [11.3891424103561, 44.4902972442449], [11.3892096682123, 44.490391766063], [11.3897090481281, 44.491207479393]]], ""type"": ""MultiLineString""}";927
2112;Precedente 31/12/2021;101.0;Pedonale-Ciclabile;ciclabile contigua al pedonale;44.4938356370301, 11.310231291427971;"{""coordinates"": [[[11.3096082635836, 44.4937454880021], [11.3104906296752, 44.493872784411], [11.3108541333729, 44.4939270525875]]], ""type"": ""MultiLineString""}";928
2111;Precedente 31/12/2021;133.0;Pedonale-Ciclabile;ciclabile contigua al pedonale;44.49362860452865, 11.30878640057855;"{""coordinates"": [[[11.3096081269768, 44.4937454684421], [11.3079646741803, 44.4935117406152]]], ""type"": ""MultiLineString""}";929
1000;Precedente 31/12/2021;177.0;Ciclabile;sede propria;44.48064355917407, 11.39405463321339;"{""coordinates"": [[[11.3930315606702, 44.4809514523944], [11.3932827213248, 44.4808662479799], [11.3939858793745, 44.4806733918878], [11.3949256869405, 44.4803759913683], [11.3950779521355, 44.4803361527109]]], ""type"": ""MultiLineString""}";933
1004;Precedente 31/12/2021;71.0;Pedonale-Ciclabile;ciclabile contigua al pedonale;44.4784193039077, 11.395069570716998;"{""coordinates"": [[[11.395276596547, 44.4787005336318], [11.394862544887, 44.4781380741836]]], ""type"": ""MultiLineString""}";938
1007;Precedente 31/12/2021;298.0;Ciclabile;sede propria;44.47441660881188, 11.3944553448241;"{""coordinates"": [[[11.3953249715067, 44.4756042809521], [11.3946241205948, 44.4746473458608], [11.3941206891585, 44.4739573728243], [11.3938992103926, 44.4736602166861], [11.3935862925685, 44.473228530888]]], ""type"": ""MultiLineString""}";940
1909;;653.0;Ciclabile;sede propria;44.503781945860055, 11.348996269392735;"{""coordinates"": [[[11.352614491166037, 44.50240488787107], [11.352446093339282, 44.50245839932358], [11.352146506413899, 44.50257342405297], [11.350749215013417, 44.50314252605339], [11.349901985575858, 44.50349519824587], [11.349544581478275, 44.50364423984797], [11.349203966639463, 44.50379136161762], [11.349016304848904, 44.50386162368029], [11.34863541297659, 44.50402169834733], [11.34825730264079, 44.50417749270963], [11.348128673338513, 44.50421396649748], [11.34752918549247, 44.504353406812285], [11.347308783886856, 44.50441261920577], [11.346052244662207, 44.50470907585443], [11.345787525745855, 44.504769074208376], [11.34562399959702, 44.504997744513034], [11.345392985653977, 44.505034489856286]]], ""type"": ""MultiLineString""}";942
924;Precedente 31/12/2021;128.0;Ciclabile;sede propria;44.5029705547827, 11.358279183871561;"{""coordinates"": [[[11.3586115791021, 44.5034935919426], [11.3580208995082, 44.5025753175651], [11.3579972771647, 44.502517478485], [11.3580028287665, 44.5024793523277], [11.3580332026947, 44.5024407437954]]], ""type"": ""MultiLineString""}";948
1030;Precedente 31/12/2021;235.0;Ciclabile;sede propria;44.4864947602906, 11.409616541863821;"{""coordinates"": [[[11.4089850495735, 44.4874023121741], [11.4090371641898, 44.487369541497], [11.4091839291305, 44.4873090622803], [11.4092796004146, 44.4872160257288], [11.4093451306614, 44.4870622888406], [11.4093785803357, 44.4869349514696], [11.4094147838954, 44.4867402832234], [11.4094345069351, 44.4866152143088], [11.4094086678087, 44.4865247441588], [11.4094067945445, 44.4864792757162], [11.4094799567742, 44.4863095486542], [11.4095500389359, 44.4861992448643], [11.4096409179293, 44.486124116747], [11.4098061953561, 44.4860434595208], [11.4100025824369, 44.4859799524034], [11.4104852561986, 44.4858270568829]]], ""type"": ""MultiLineString""}";952
918;;117.0;Pedonale-Ciclabile;ciclabile contigua al pedonale;44.49964124486717, 11.359130865320237;"{""coordinates"": [[[11.359737055815602, 44.499939278918504], [11.359512671541358, 44.49983070366538], [11.359447600551274, 44.49979391055366], [11.359264157468905, 44.49969446427601], [11.35895960850898, 44.49956816330965], [11.35876645726097, 44.49946451115524], [11.358525168627965, 44.49934212184849]]], ""type"": ""MultiLineString""}";959
919;Precedente 31/12/2021;183.0;Pedonale-Ciclabile;ciclabile contigua al pedonale;44.500638228920145, 11.360328796812725;"{""coordinates"": [[[11.3609001571216, 44.5013538514372], [11.360796503305911, 44.50122024857657], [11.3607965030932, 44.5012202483024], [11.360796502825085, 44.50122024796512], [11.3607944417476, 44.5012176551902], [11.360789642478986, 44.50121161785118], [11.3602643803988, 44.5005508535753], [11.3600749284031, 44.5003182446275], [11.3598438109519, 44.5000465841968], [11.3597418136775, 44.4999356356947]]], ""type"": ""MultiLineString""}";961
1022;Precedente 31/12/2021;82.0;Ciclabile;sede propria;44.46570932879745, 11.37495591481033;"{""coordinates"": [[[11.3754579276205, 44.4656225069296], [11.3750252289817, 44.4656972570814], [11.3745754515447, 44.4657751124909], [11.374454019106, 44.4657968177456]]], ""type"": ""MultiLineString""}";964
2183;Precedente 31/12/2021;268.0;Itinerario ciclabile;corsia ciclabile su strada;44.48168878188158, 11.383087537919165;"{""coordinates"": [[[11.3823540734116, 44.4806282505968], [11.3827264181822, 44.4809958078047], [11.3828469531643, 44.481175202278], [11.3830418385487, 44.4815485308097], [11.3834168265345, 44.4822987769571], [11.3834992514341, 44.4824631413093], [11.3837360310466, 44.48281448117]]], ""type"": ""MultiLineString""}";970
2184;Precedente 31/12/2021;155.0;Itinerario ciclabile;corsia ciclabile su strada;44.483728680216046, 11.38455294771815;"{""coordinates"": [[[11.3850954413611, 44.4843065503001], [11.3840104540752, 44.483150810132]]], ""type"": ""MultiLineString""}";973
2188;Precedente 31/12/2021;275.0;Itinerario ciclabile;corsia ciclabile su strada;44.50021612295165, 11.342945372298278;"{""coordinates"": [[[11.3434891765126, 44.5013978161861], [11.3430503657415, 44.5003787340968], [11.3429632503, 44.5001864854055], [11.3423525210479, 44.4990728671521], [11.342350980508137, 44.499070058095235], [11.3423462549776, 44.4990614414504]]], ""type"": ""MultiLineString""}";977
2170;Precedente 31/12/2021;310.0;Ciclabile;corsia ciclabile su strada;44.506936431875424, 11.396888213087266;"{""coordinates"": [[[11.3972051370376, 44.5055623260025], [11.3969591359691, 44.5066578618919], [11.396955426262407, 44.50667259142497], [11.396955426032584, 44.506672592337495], [11.396952841923483, 44.506682852642044], [11.3969524796794, 44.5066842909461], [11.3966438954699, 44.5079095364101], [11.3966190305998, 44.5081803415447], [11.3966270309207, 44.5083159101404]]], ""type"": ""MultiLineString""}";978
2174;Precedente 31/12/2021;34.0;Ciclabile;corsia ciclabile su strada;44.5000048882601, 11.338111488993249;"{""coordinates"": [[[11.3383246337979, 44.4999832213285], [11.3378983441886, 44.5000265551917]]], ""type"": ""MultiLineString""}";981
1844;Precedente 31/12/2021;227.0;Percorso naturalistico;pavimentato;44.50065524165779, 11.302038278788;"{""coordinates"": [[[11.301384172726, 44.5013541075721], [11.3015155043452, 44.50128479023], [11.3019066802419, 44.5011036047287], [11.3021123182342, 44.5010007775363], [11.3021900237473, 44.5009482426649], [11.3022382660697, 44.5008932524821], [11.3022813962799, 44.50081431786], [11.3023385363396, 44.5006630016022], [11.3022750282205, 44.5005379800581], [11.3022770393348, 44.5004808480937], [11.3022960463728, 44.5004294081904], [11.3023066697806, 44.5003781250838], [11.3022882965629, 44.5003363991353], [11.3022362773734, 44.5002922979162], [11.3021594551342, 44.5002576757842], [11.3020946356709, 44.500207804581], [11.3020459241433, 44.5001395687244], [11.3020312977828, 44.5000857417383], [11.3020413434256, 44.5000194540093], [11.3020567229456, 44.4999831198422], [11.3020975839033, 44.499955334751], [11.3021265772986, 44.49994577697], [11.3021389210246, 44.4999395359348], [11.3020690771644, 44.4997575291884]]], ""type"": ""MultiLineString""}";996
1321;2022;432.0;Ciclabile;corsia ciclabile su strada;44.470983012241255, 11.38983638044326;"{""coordinates"": [[[11.3922307600359, 44.4700685852579], [11.3919583407571, 44.4701692476872], [11.3913089571365, 44.4704176846423], [11.3904831768821, 44.4707344711245], [11.3897746413183, 44.4710047022859], [11.3887047130816, 44.4714163100105], [11.3874447881196, 44.4719047467684]]], ""type"": ""MultiLineString""}";997
1608;Precedente 31/12/2021;76.0;Pedonale-Ciclabile;promiscuo ciclopedonale;44.50744803133479, 11.304879228632577;"{""coordinates"": [[[11.3050719299857, 44.5077573626742], [11.3049658030467, 44.5075918325669], [11.3048888370413, 44.5074738238851], [11.3047349892604, 44.5072397970843], [11.3047598550529, 44.5071257939922]]], ""type"": ""MultiLineString""}";998
623;Precedente 31/12/2021;107.0;Ciclabile;sede propria;44.4789597114625, 11.3760085220463;"{""coordinates"": [[[11.3760175952171, 44.478476864687], [11.3759994488755, 44.479442558238]]], ""type"": ""MultiLineString""}";1005
861;Precedente 31/12/2021;129.0;Ciclabile;sede propria;44.511671129429594, 11.329464752432393;"{""coordinates"": [[[11.328709364293, 44.5118773414864], [11.3289053859633, 44.5118226859794], [11.3292268339794, 44.5117181925168], [11.3296277677373, 44.5115951906329], [11.3299480036518, 44.5115785191563], [11.3302290500823, 44.5115089140162]]], ""type"": ""MultiLineString""}";1006
2162;2025;197.0;Ciclabile;corsia preferenziale bus/bici;44.50506651509783, 11.34392828769581;"{""coordinates"": [[[11.345136965733403, 44.504880484964424], [11.343629412391982, 44.50511137562876], [11.342720070501603, 44.50525550267591]]], ""type"": ""MultiLineString""}";1135
1612;Precedente 31/12/2021;115.0;Percorso naturalistico;pavimentato;44.511806977345564, 11.304201985995885;"{""coordinates"": [[[11.3041899633493, 44.5112871741415], [11.3041964137687, 44.5113749406292], [11.3042040962384, 44.5118744121835], [11.304207117687, 44.5123270122527]]], ""type"": ""MultiLineString""}";1011
1836;Precedente 31/12/2021;62.0;Percorso naturalistico;pavimentato;44.50642003032518, 11.280752623706274;"{""coordinates"": [[[11.2810715957729, 44.5062584910114], [11.2806621287253, 44.5064652498713], [11.2804343425811, 44.5065829224221]]], ""type"": ""MultiLineString""}";1021
1835;Precedente 31/12/2021;233.0;Percorso naturalistico;pavimentato;44.506483063680705, 11.281322180982146;"{""coordinates"": [[[11.2818804493042, 44.5069283334503], [11.2817710417736, 44.5069727066885], [11.2816676222202, 44.5069968949046], [11.2815361829368, 44.507010660562], [11.2814254512435, 44.5070041738571], [11.2812925800263, 44.5069805348898], [11.2811710484698, 44.5069324353555], [11.2810894659938, 44.5068857002207], [11.2810068728497, 44.5068125612559], [11.2809394438868, 44.5067347000442], [11.2808982661114, 44.5066210555816], [11.2808920834017, 44.5065397088376], [11.2809480236494, 44.5063976055353], [11.2810093043834, 44.5063148464251], [11.2810715957729, 44.5062584910114], [11.2813277862156, 44.50613641979], [11.281482395013, 44.5059261934848], [11.2818714066989, 44.5057462967257]]], ""type"": ""MultiLineString""}";1023
2318;2025;258.0;Itinerario ciclabile;corsia ciclabile su strada;44.49873661833882, 11.349648158555846;"{""coordinates"": [[[11.350457691455794, 44.49969149764311], [11.350276919760871, 44.499431464150106], [11.350221399281539, 44.49936756228294], [11.349856140692877, 44.499062603307145], [11.349452631326763, 44.49868458678378], [11.349397411187589, 44.498617740662716], [11.349314810181383, 44.49851774803169], [11.349273466583819, 44.498430168689715], [11.349229879928604, 44.49823083834892], [11.349202092776556, 44.49803468378973], [11.34913602390056, 44.49783393617349], [11.349050286419757, 44.497657940582314]]], ""type"": ""MultiLineString""}";1131
2190;Precedente 31/12/2021;128.0;Pedonale-Ciclabile;area pedonale;44.4961177589974, 11.341410037376999;"{""coordinates"": [[[11.3411298440779, 44.4956852785367], [11.3411846537425, 44.4959568626721], [11.3411971859721, 44.4959905891564], [11.3413775560587, 44.4959608973673], [11.3414454204942, 44.495981497383], [11.3416464942183, 44.4965293053262], [11.3416132900743, 44.4966185073556]]], ""type"": ""MultiLineString""}";1025
2192;Precedente 31/12/2021;120.0;Itinerario ciclabile;promiscuo veicolare;44.5326815572388, 11.231640697616637;"{""coordinates"": [[[11.230948271928, 44.5329049604131], [11.231180811932, 44.5328274919115], [11.2317269569949, 44.5326537028765], [11.2320340759059, 44.5325560741296], [11.232334153704, 44.5324613330306]]], ""type"": ""MultiLineString""}";1028
2194;Precedente 31/12/2021;128.0;Pedonale-Ciclabile;ciclabile contigua al pedonale;44.527660614774845, 11.24519211709355;"{""coordinates"": [[[11.2444678484881, 44.5279078853065], [11.245916385699, 44.5274133442432]]], ""type"": ""MultiLineString""}";1030
2193;Precedente 31/12/2021;127.0;Ciclabile;sede propria;44.530175456095165, 11.239847730160138;"{""coordinates"": [[[11.2400015093705, 44.5306788255372], [11.2399406480857, 44.5306384077805], [11.2396904941531, 44.5301137801605], [11.2396876476789, 44.5300420404752], [11.2397671692143, 44.5299993353578], [11.2399882631211, 44.5299126240749], [11.2400004121768, 44.5298576687751], [11.2399550105317, 44.5297970864545], [11.2398928008378, 44.5297345750046]]], ""type"": ""MultiLineString""}";1031
2196;Precedente 31/12/2021;87.0;Pedonale-Ciclabile;ciclabile contigua al pedonale;44.47565119596083, 11.378112878277417;"{""coordinates"": [[[11.377754637886, 44.4755045810136], [11.3778969866061, 44.4757067461721], [11.3781744852021, 44.4756080808747], [11.3782412050485, 44.4756003166968], [11.3783089748464, 44.4756181703346], [11.3783688634161, 44.4756618224292], [11.3784823340328, 44.4758133479873]]], ""type"": ""MultiLineString""}";1032
2195;Precedente 31/12/2021;153.0;Pedonale-Ciclabile;ciclabile contigua al pedonale;44.52800329876198, 11.244191752106014;"{""coordinates"": [[[11.2442644669863, 44.5282162151021], [11.2441415645467, 44.528219466017], [11.2440466612192, 44.5281967680624], [11.2440041099522, 44.5281773720193], [11.2439413778467, 44.5281305044027], [11.2439098726806, 44.5280903330099], [11.2438899970506, 44.528038477846], [11.2438896026837, 44.5279651125719], [11.243905619664, 44.5279216878072], [11.2439376361625, 44.5278815655867], [11.243987691583, 44.5278397980767], [11.2440472848918, 44.5278104093079], [11.244127632865, 44.5277896824753], [11.2441808444961, 44.5277850869219], [11.2442485434986, 44.5277883719567], [11.2443266411297, 44.5278066298173], [11.244387751078, 44.5278357486111], [11.2444135077511, 44.5278527424237], [11.2444553975572, 44.5278915988034], [11.244491922281, 44.5279566936852], [11.2444991806235, 44.5279963320459], [11.2444883008885, 44.5280538652729], [11.2444648061268, 44.5281028983833], [11.2444368773238, 44.5281358409037], [11.2443782619653, 44.528179527156], [11.2442644669863, 44.5282162151021]]], ""type"": ""MultiLineString""}";1033
2198;Precedente 31/12/2021;80.0;Pedonale-Ciclabile;ciclabile contigua al pedonale;44.47513103144339, 11.378397986149738;"{""coordinates"": [[[11.3779753758358, 44.4751120802047], [11.3782182029181, 44.4750397641312], [11.3782939960943, 44.4751440509923], [11.3783666294382, 44.4751714398769], [11.3784793209855, 44.4751948100169], [11.378555235159, 44.4751932714927], [11.3788378745032, 44.4751105814486]]], ""type"": ""MultiLineString""}";1034
857;Precedente 31/12/2021;259.0;Ciclabile;sede propria;44.514826690467125, 11.327983616581108;"{""coordinates"": [[[11.328309692116, 44.5159287394136], [11.3281774077005, 44.5153906329513], [11.328077338181, 44.5150065629395], [11.3280490082599, 44.5149329542106], [11.3279734419411, 44.514789150845], [11.3278968489923, 44.5146726207852], [11.3278852513927, 44.5146471191747], [11.3277509107248, 44.5140911868314], [11.3276454447332, 44.5137284597328]]], ""type"": ""MultiLineString""}";1042
1841;Precedente 31/12/2021;78.0;Percorso naturalistico;pavimentato;44.5109350763827, 11.3041902627975;"{""coordinates"": [[[11.3041899633493, 44.5112871741415], [11.3041905622457, 44.5105829786239]]], ""type"": ""MultiLineString""}";1047
1843;Precedente 31/12/2021;156.0;Ciclabile;sede propria;44.50662827292965, 11.305055032563914;"{""coordinates"": [[[11.3047598550529, 44.5071257939922], [11.3045890744846, 44.5069083587532], [11.3045581949281, 44.506845074439], [11.3045718928386, 44.5067809662715], [11.3046064239968, 44.5067309854965], [11.3058147115014, 44.5062997325071]]], ""type"": ""MultiLineString""}";1049
1866;Precedente 31/12/2021;98.0;Ciclabile;sede propria;44.48236167533985, 11.376448689376847;"{""coordinates"": [[[11.3761132450016, 44.4825284773073], [11.376238490158677, 44.48253690316753], [11.3762481149638, 44.4825375506757], [11.376249487519797, 44.48253764301435], [11.37624948752491, 44.482537643014695], [11.3762498089893, 44.4825376646412], [11.3763900888333, 44.4825471017853], [11.3765069522147, 44.4825483032598], [11.3765192696034, 44.4825389565769], [11.3765480210604, 44.4819965918291], [11.3766029554504, 44.4819736312152]]], ""type"": ""MultiLineString""}";1051
400;2022;89.0;Itinerario ciclabile;corsia ciclabile su strada;44.517609442534, 11.324478229467271;"{""coordinates"": [[[11.324239132373, 44.5179667208163], [11.324307928953, 44.5178821072412], [11.3244560134532, 44.5176763975069], [11.3246124453913, 44.5173723506657], [11.324665588497, 44.5172807584926], [11.3246940250727, 44.5172368386891]]], ""type"": ""MultiLineString""}";1056
401;2022;79.0;Itinerario ciclabile;corsia ciclabile su strada;44.51689365103207, 11.324804894489718;"{""coordinates"": [[[11.3246940250727, 44.5172368386891], [11.3247229350234, 44.5171762433397], [11.324810000512, 44.5168874552946], [11.3248852826517, 44.5166066274455], [11.3249027831437, 44.5165458790708]]], ""type"": ""MultiLineString""}";1057
408;Precedente 31/12/2021;109.0;Ciclabile;sede propria;44.51371426132853, 11.322683178228008;"{""coordinates"": [[[11.3222928792495, 44.5140589660123], [11.3223468761419, 44.5139622457949], [11.322495866796, 44.5138853080145], [11.3226091438727, 44.5138481024189], [11.322657223253, 44.5138307002871], [11.3226905602759, 44.5138033337254], [11.3227074378178, 44.513722926788], [11.3227546993111, 44.5136850121977], [11.3228497126649, 44.5136214904258], [11.3228878015128, 44.513569392213], [11.322914587226, 44.5135216300016], [11.3229301559068, 44.5134084032306], [11.3229541825221, 44.5132808242878]]], ""type"": ""MultiLineString""}";1061
887;Precedente 31/12/2021;212.0;Pedonale-Ciclabile;ciclabile contigua al pedonale;44.52108853353885, 11.343861794392671;"{""coordinates"": [[[11.3439552912347, 44.5220504882754], [11.3439453428856, 44.5219059391913], [11.3439109683771, 44.5215617294469], [11.3438977167552, 44.5213843256685], [11.3438769158437, 44.5210952067867], [11.3438891398389, 44.5209414083299], [11.3438643232325, 44.5207050168308], [11.3438286751227, 44.5205807179215], [11.3436950398966, 44.5202303049756], [11.3436147500403, 44.5201953452871]]], ""type"": ""MultiLineString""}";1070
889;Precedente 31/12/2021;118.0;Pedonale-Ciclabile;ciclabile contigua al pedonale;44.525036508790045, 11.345315231134899;"{""coordinates"": [[[11.3454787438962, 44.525551708415], [11.345355846376, 44.5251571684395], [11.3453102462926, 44.5250480328225], [11.3451592372775, 44.5245189791695]]], ""type"": ""MultiLineString""}";1073
1871;Precedente 31/12/2021;320.0;Ciclabile;sede propria;44.46096465351429, 11.376360745881946;"{""coordinates"": [[[11.3779499701678, 44.4617735630985], [11.3778457594603, 44.4617291881119], [11.3775109261336, 44.4615067538129], [11.3770892944744, 44.4612096419129], [11.3763567603842, 44.4607061656754], [11.3762708932914, 44.4606547465526], [11.3761476761951, 44.4606007760354], [11.3759877742207, 44.4605608648884], [11.3758342891526, 44.4605498030583], [11.3756643105942, 44.4605710708425], [11.3753686889903, 44.4606348707346], [11.3750216399328, 44.4607330125886], [11.3748105202664, 44.4608128115268], [11.3746509955203, 44.4607974126491]]], ""type"": ""MultiLineString""}";1077
878;Precedente 31/12/2021;83.0;Pedonale-Ciclabile;ciclabile contigua al pedonale;44.50930670525485, 11.3406073708191;"{""coordinates"": [[[11.340695137929, 44.509674118096], [11.3405196037092, 44.5089392924137]]], ""type"": ""MultiLineString""}";1088
1860;Precedente 31/12/2021;860.0;Itinerario ciclabile;corsia ciclabile su strada;44.482002959376814, 11.360406398496277;"{""coordinates"": [[[11.3564108081012, 44.4846051922852], [11.356471297440489, 44.484556931195435], [11.3564737765212, 44.4845549532744], [11.356482508639337, 44.4845479864015], [11.356482509288607, 44.48454798588349], [11.3566056394419, 44.4844497471614], [11.3573428649672, 44.4839340138762], [11.357651893362, 44.4837083074724], [11.3580303089653, 44.4834502366837], [11.3586685399493, 44.4830124773339], [11.3594328575073, 44.4824877632242], [11.3599522545166, 44.482122751616], [11.3606605226504, 44.4816694798865], [11.3608803385294, 44.4815693347991], [11.3614665858808, 44.481304151971], [11.3621187419071, 44.4810179198867], [11.3623156894392, 44.4809351154128], [11.3627473474555, 44.48073217186], [11.3630394417777, 44.4805742925153], [11.3632381540195, 44.4804380286157], [11.3637221935077, 44.4800737323434], [11.3640041633729, 44.4798598274027], [11.3644406523929, 44.479485266776]]], ""type"": ""MultiLineString""}";1089
1865;Precedente 31/12/2021;147.0;Percorso naturalistico;pavimentato;44.50533840554275, 11.36794095283274;"{""coordinates"": [[[11.3673597619973, 44.5050253745625], [11.3675908334853, 44.5054868211965], [11.368323807891, 44.5053373177549], [11.3687136636934, 44.5052755042732]]], ""type"": ""MultiLineString""}";1092
1808;Precedente 31/12/2021;222.0;Pedonale-Ciclabile;ciclabile contigua al pedonale;44.47747524018363, 11.376054943270832;"{""coordinates"": [[[11.37609696932, 44.4764738066007], [11.3760620898692, 44.4772357694201], [11.3760175952171, 44.478476864687]]], ""type"": ""MultiLineString""}";1102
822;Precedente 31/12/2021;296.0;Pedonale-Ciclabile;promiscuo ciclopedonale;44.495225599573466, 11.308894521515722;"{""coordinates"": [[[11.3105895538457, 44.4956871556511], [11.3105894747867, 44.4956871417208], [11.310579094177328, 44.49568531264757], [11.3104686851584, 44.4956658584736], [11.3096719168047, 44.4955069433385], [11.3089827450276, 44.4953630371432], [11.3089385515441, 44.4953498651081], [11.3072673868191, 44.4945584406386]]], ""type"": ""MultiLineString""}";1104
821;Precedente 31/12/2021;31.0;Ciclabile;sede propria;44.495187481780704, 11.295373637869153;"{""coordinates"": [[[11.295551187383, 44.4951289246444], [11.2951960883553, 44.495246038917]]], ""type"": ""MultiLineString""}";1105
2279;;222.0;Ciclabile;sede propria;44.49522914303387, 11.288629173437862;"{""coordinates"": [[[11.288136020660769, 44.49428245094263], [11.288413324638402, 44.49484156373652], [11.28856514147295, 44.49515221615985], [11.288926701389343, 44.495864018513096], [11.289132612516624, 44.49594202759341], [11.289185600061979, 44.49599647676145], [11.289193761221842, 44.49608168430496]]], ""type"": ""MultiLineString""}";1115
1525;Precedente 31/12/2021;288.0;Itinerario ciclabile;promiscuo veicolare;44.484171331400866, 11.359534863465935;"{""coordinates"": [[[11.358692040370181, 44.483023423280166], [11.35876256140578, 44.48312322396045], [11.35909384032169, 44.48357260746411], [11.359339894904622, 44.48390708508218], [11.359488879706337, 44.48410459400942], [11.35961038386487, 44.48425678398039], [11.359910268929855, 44.48468598814696], [11.360374881724645, 44.48532127688669]]], ""type"": ""MultiLineString""}";1117
2294;Precedente 31/12/2021;153.0;Itinerario ciclabile;promiscuo veicolare;44.48645939989954, 11.361226768673681;"{""coordinates"": [[[11.360774672975461, 44.48585043748487], [11.361678864371902, 44.487068362314204]]], ""type"": ""MultiLineString""}";1119
2300;;37.0;Pedonale-Ciclabile;promiscuo ciclopedonale;44.507784850845844, 11.310530199642391;"{""coordinates"": [[[11.310517033275156, 44.507949424843254], [11.310497469972224, 44.507897535210205], [11.31049262177223, 44.50784365535349], [11.310502770430109, 44.50779011090902], [11.310509581348695, 44.507772742170744], [11.310527120010585, 44.50773937536828], [11.310556035377848, 44.50770198822416], [11.31057340816182, 44.50768575608376], [11.310589895347436, 44.507671927414044], [11.310625730886791, 44.50764730055181]]], ""type"": ""MultiLineString""}";1120
2309;;79.0;Itinerario ciclabile;corsia ciclabile su strada;44.492362479926804, 11.332105740583179;"{""coordinates"": [[[11.331896889485842, 44.492041605177754], [11.331974632422662, 44.49214990896471], [11.332065572420516, 44.49228395095784], [11.332213605241746, 44.492529504998544], [11.332288371338043, 44.492698400436154]]], ""type"": ""MultiLineString""}";1126
2308;;113.0;Ciclabile;corsia ciclabile su strada;44.49118311714443, 11.331247570208673;"{""coordinates"": [[[11.33095768885989, 44.49072015875969], [11.331002859334955, 44.49075957271467], [11.331038803698224, 44.49081365929764], [11.331342240389077, 44.491362118250485], [11.33137124051673, 44.491411509485125], [11.331481005914412, 44.491565667256594], [11.331540550902867, 44.491646681849694]]], ""type"": ""MultiLineString""}";1127
2319;2025;48.0;Itinerario ciclabile;corsia ciclabile su strada;44.49761158146269, 11.348754688594422;"{""coordinates"": [[[11.348459090769088, 44.49756522234306], [11.349050286419757, 44.497657940582314]]], ""type"": ""MultiLineString""}";1132
2325;2025;104.0;Itinerario ciclabile;corsia ciclabile su strada;44.505357180366275, 11.342084851635128;"{""coordinates"": [[[11.342725910513998, 44.50525608357185], [11.341443792756259, 44.505458277160706]]], ""type"": ""MultiLineString""}";1134
2140;;271.0;Itinerario ciclabile;corsia ciclabile su strada;44.470634697409835, 11.370778988360806;"{""coordinates"": [[[11.370141455933261, 44.471717937558886], [11.370634196561234, 44.47113290132953], [11.370775572160222, 44.470865401658706], [11.370899986067352, 44.470609047348574], [11.371002354766148, 44.47028038224714], [11.371060017084554, 44.47001397372161], [11.371077032861214, 44.469740128573605], [11.371087967677196, 44.469518569171655], [11.37107900800787, 44.46942018578594]]], ""type"": ""MultiLineString""}";1138
2316;;106.0;Itinerario ciclabile;corsia ciclabile su strada;44.47211264972813, 11.369806185246295;"{""coordinates"": [[[11.3695746075796, 44.47256715139778], [11.369618024832453, 44.47237280552154], [11.369665880707837, 44.472260733286056], [11.369712381107702, 44.47216812930847], [11.369768649694342, 44.472101741561715], [11.37000827679971, 44.47185502788437], [11.370141455933261, 44.471717937558886]]], ""type"": ""MultiLineString""}";1139
2321;2025;133.0;Pedonale-Ciclabile;promiscuo ciclopedonale;44.51541835147255, 11.276020776412523;"{""coordinates"": [[[11.276044283343747, 44.51589991694725], [11.275711911622489, 44.5154187314836], [11.276393118200707, 44.515144573789165], [11.276523744124145, 44.51510195271294]]], ""type"": ""MultiLineString""}";1141
810;Precedente 31/12/2021;491.0;Ciclabile;sede propria;44.49849034060721, 11.301997240106804;"{""coordinates"": [[[11.2994971425023, 44.4971663153633], [11.3005193821943, 44.4977573617707], [11.3025028582608, 44.4988083058018], [11.3029909983148, 44.4990761054602], [11.3033542299726, 44.4992631458679], [11.3035981953478, 44.4993519354037], [11.3038468498254, 44.4994158438981], [11.3041916412044, 44.4994497570869], [11.304600696608, 44.499342071007]]], ""type"": ""MultiLineString""}";2
812;Precedente 31/12/2021;195.0;Ciclabile;corsia ciclabile su strada;44.498151124697884, 11.310485563202823;"{""coordinates"": [[[11.3092688960187, 44.4982026279923], [11.3098451539376, 44.4981801614508], [11.3104540979428, 44.4981603393269], [11.3110680556633, 44.4981330844444], [11.3112582490672, 44.4981247838427], [11.3116328361475, 44.4980668072898], [11.311673605647258, 44.49803473436962], [11.3116807917384, 44.4980290811502], [11.3116850585911, 44.4980257244637]]], ""type"": ""MultiLineString""}";3
815;Precedente 31/12/2021;200.0;Ciclabile;sede propria;44.48864363737508, 11.289081392748196;"{""coordinates"": [[[11.2882394207184, 44.4880313343575], [11.2883588195724, 44.4883067379302], [11.2885054680651, 44.4884912949429], [11.2886300639611, 44.4886043524578], [11.2889409703965, 44.4887543330223], [11.2893666607963, 44.4887580897381], [11.2898317575958, 44.4888540133225], [11.2901549693608, 44.4889132881972]]], ""type"": ""MultiLineString""}";4
818;Precedente 31/12/2021;224.0;Pedonale-Ciclabile;promiscuo ciclopedonale;44.491469243245376, 11.299005509745369;"{""coordinates"": [[[11.3002447709484, 44.4919511136661], [11.2997631556559, 44.491761914962], [11.2977654379522, 44.4909894525728]]], ""type"": ""MultiLineString""}";8
1823;Precedente 31/12/2021;162.0;Ciclabile;sede propria;44.50868042764926, 11.38823203087734;"{""coordinates"": [[[11.3876243432508, 44.5081870303029], [11.3878565083802, 44.5086672641795], [11.3879116252562, 44.5087318052887], [11.3880753630331, 44.5088222540826], [11.3882104259947, 44.508853246011], [11.3883206667172, 44.5088547268787], [11.3890590398503, 44.5087037659645]]], ""type"": ""MultiLineString""}";9
1822;Precedente 31/12/2021;174.0;Ciclabile;sede propria;44.51718967511031, 11.396369614420914;"{""coordinates"": [[[11.3968346475596, 44.5164937636772], [11.3968059791281, 44.5165590203409], [11.3967727202171, 44.5166073474978], [11.3967391168232, 44.5166472768452], [11.3966865255416, 44.5167016134973], [11.3966196628997, 44.516789869937], [11.3965481907525, 44.5169566698635], [11.396500430343, 44.5170333182459], [11.3964053762708, 44.5171025552233], [11.3962990439954, 44.5171832356111], [11.396273149837, 44.5172202012493], [11.3962557695928, 44.5172737980147], [11.3962736010703, 44.5173266550896], [11.3962992574364, 44.5173793477823], [11.3963134061632, 44.5174378855422], [11.3962689832913, 44.5175004554355], [11.3958420779863, 44.5178029422654]]], ""type"": ""MultiLineString""}";10
1828;;179.0;Ciclabile;sede propria;44.53459543769547, 11.27064805437061;"{""coordinates"": [[[11.270137862722047, 44.535147268091166], [11.270154998548463, 44.53511051345302], [11.270213271546943, 44.53505967345121], [11.270272165287297, 44.53502537182353], [11.270549176272075, 44.53494360323016], [11.270585618250987, 44.53492796670853], [11.270626187684767, 44.5348990074349], [11.270640997938145, 44.53486230166492], [11.270615551322193, 44.534801583939064], [11.270425752649183, 44.53452120537123], [11.270504276021812, 44.534482545751814], [11.271289573491693, 44.53408781749862]]], ""type"": ""MultiLineString""}";15
602;Precedente 31/12/2021;120.0;Ciclabile;sede propria;44.496946265412795, 11.37321375773581;"{""coordinates"": [[[11.3732884859879, 44.4964073691529], [11.3732955745495, 44.4964705027849], [11.3731268098431, 44.4974586000197], [11.3731193364427, 44.4974839993989]]], ""type"": ""MultiLineString""}";16
841;Precedente 31/12/2021;73.0;Ciclabile;sede propria;44.507665525946756, 11.311001918058105;"{""coordinates"": [[[11.3112383910627, 44.5079072283292], [11.3112422041533, 44.5078897675164], [11.3112433150054, 44.5078723704562], [11.3112449113102, 44.5078446648612], [11.3112420200581, 44.507817050189], [11.3112252473258, 44.5077638529912], [11.3111988022788, 44.5077227888876], [11.3111721306812, 44.5076931713665], [11.3111397562972, 44.5076653618224], [11.3111024546893, 44.5076417931794], [11.3110826223034, 44.5076305099168], [11.3110605042948, 44.5076212354708], [11.3110159924665, 44.5076046186585], [11.3109692973679, 44.5075929163356], [11.3109439742361, 44.507588802134], [11.3108934757334, 44.5075839916173], [11.310868646037, 44.5075837654247], [11.3107815828648, 44.5075908765039], [11.3107572968607, 44.5075954915452], [11.3107107869149, 44.5076088299297], [11.3106662396455, 44.5076259905514], [11.3106448005266, 44.5076346273474], [11.310643926568373, 44.50763497942319], [11.310643925669666, 44.50763497978523], [11.3106352233153, 44.5076384855458]]], ""type"": ""MultiLineString""}";19
1830;Precedente 31/12/2021;387.0;Ciclabile;sede propria;44.53194655401686, 11.276299736950277;"{""coordinates"": [[[11.274095152374, 44.5326884026267], [11.2758105752114, 44.5320845256067], [11.2764755327781, 44.5318803977861], [11.2782185799592, 44.5313367720711], [11.2785116201281, 44.531227184981]]], ""type"": ""MultiLineString""}";21
1832;Precedente 31/12/2021;412.0;Ciclabile;sede propria;44.52125276944318, 11.279061527592567;"{""coordinates"": [[[11.2767509211609, 44.5221034106817], [11.2798699586125, 44.5209364946397], [11.2799689353874, 44.5208991986844], [11.2801605471728, 44.5208381175015], [11.2804984084973, 44.5207342098784], [11.2813922547293, 44.5204613083374]]], ""type"": ""MultiLineString""}";22
1831;Precedente 31/12/2021;82.0;Ciclabile;sede propria;44.53121763002998, 11.269902208979703;"{""coordinates"": [[[11.2699853397156, 44.5314858563577], [11.2699062783815, 44.5314411985228], [11.2698626550075, 44.5314210574609], [11.2698279906211, 44.531399119968], [11.2698111222807, 44.53137035853], [11.2698102774541, 44.5313477419928], [11.2698294238588, 44.5313166398577], [11.2698560586386, 44.5313047872098], [11.2699095079206, 44.5312859285498], [11.2699226155516, 44.5312743476011], [11.2698675260766, 44.5311881461632], [11.2699140314993, 44.5311645765734], [11.2699376921653, 44.5311333817765], [11.2699408826889, 44.5310977477341], [11.2699260375241, 44.531062476016], [11.2698831801253, 44.5310018980321], [11.2700211580048, 44.5309506216084]]], ""type"": ""MultiLineString""}";23
1813;Precedente 31/12/2021;55.0;Ciclabile;sede propria;44.497081283442746, 11.328007208260615;"{""coordinates"": [[[11.3277784424741, 44.4969832877181], [11.3281018387957, 44.4970400776497], [11.3280823870647, 44.4972987122456]]], ""type"": ""MultiLineString""}";27
1815;Precedente 31/12/2021;100.0;Pedonale-Ciclabile;promiscuo ciclopedonale;44.495577721370495, 11.3121818765553;"{""coordinates"": [[[11.3119394779836, 44.4951637282783], [11.312424275127, 44.4959917144627]]], ""type"": ""MultiLineString""}";29
1209;Precedente 31/12/2021;225.0;Percorso naturalistico;pavimentato;44.53945913222541, 11.354150696495354;"{""coordinates"": [[[11.3550409672421, 44.5402400310617], [11.3547149587365, 44.5398856776304], [11.3545548846578, 44.5397502589555], [11.3542297659656, 44.5395418113952], [11.3541194024936, 44.5394640671764], [11.3540344552004, 44.5394000408793], [11.3539626202422, 44.5393517499638], [11.3535690756997, 44.5389695311717], [11.3532519924576, 44.5386834325599]]], ""type"": ""MultiLineString""}";33
1208;Precedente 31/12/2021;199.0;Percorso naturalistico;pavimentato;44.53957808717415, 11.353204544735933;"{""coordinates"": [[[11.3531341266643, 44.5404711851742], [11.3531626857909, 44.5401980832749], [11.3531695333536, 44.5400573580062], [11.3532180173078, 44.5395224775033], [11.3532364324637, 44.5391257039783], [11.3532487862458, 44.5387811180532], [11.3532519924576, 44.5386834325599]]], ""type"": ""MultiLineString""}";34
830;Precedente 31/12/2021;28.0;Pedonale-Ciclabile;ciclabile contigua al pedonale;44.497121080677104, 11.32197239794895;"{""coordinates"": [[[11.3217975962655, 44.4971296906528], [11.3221471996324, 44.4971124707014]]], ""type"": ""MultiLineString""}";36
836;Precedente 31/12/2021;259.0;Ciclabile;sede propria;44.50104527015104, 11.313596737095164;"{""coordinates"": [[[11.312222372987, 44.5015936268658], [11.3124128551841, 44.5015290265156], [11.3125503483273, 44.5015131386371], [11.3126650481064, 44.5014679386309], [11.3127586024031, 44.5014350769075], [11.3131031711999, 44.5013113760735], [11.3135368217639, 44.5011680030519], [11.3136819962022, 44.5010519171339], [11.3138374625042, 44.500985642668], [11.3141120016581, 44.5008585953588], [11.3142837312265, 44.5007407790331], [11.3145039895899, 44.5005457561077], [11.3146802815255, 44.5004171279371], [11.3148935170829, 44.5003389611183]]], ""type"": ""MultiLineString""}";41
1821;Precedente 31/12/2021;132.0;Ciclabile;sede propria;44.51626054217646, 11.397534937381085;"{""coordinates"": [[[11.3968346475596, 44.5164937636772], [11.3971899425441, 44.5164875033759], [11.398197534527, 44.5158937577366]]], ""type"": ""MultiLineString""}";42
460;Precedente 31/12/2021;179.0;Pedonale-Ciclabile;promiscuo ciclopedonale;44.508259591723586, 11.39581778194024;"{""coordinates"": [[[11.3947483902006, 44.5082338262689], [11.3950410742969, 44.508214610353], [11.395350396583, 44.5082001212721], [11.3955620341246, 44.5081982516056], [11.3956938237087, 44.5082037300125], [11.39632782901, 44.508278455985], [11.3964612765094, 44.5082949085548], [11.3966270309207, 44.5083159101404], [11.3967731704283, 44.5085490587999]]], ""type"": ""MultiLineString""}";44
463;Precedente 31/12/2021;224.0;Ciclabile;sede propria;44.50397586835405, 11.3956605815502;"{""coordinates"": [[[11.3950696856076, 44.5030651508732], [11.3962514774928, 44.5048865858349]]], ""type"": ""MultiLineString""}";48
1690;Precedente 31/12/2021;105.0;Ciclabile;sede propria;44.49921482614895, 11.31717779414485;"{""coordinates"": [[[11.316894347548, 44.4987869847087], [11.3174612407417, 44.4996426675892]]], ""type"": ""MultiLineString""}";57
1694;Precedente 31/12/2021;57.0;Pedonale-Ciclabile;ciclabile contigua al pedonale;44.49018944192478, 11.31613857219351;"{""coordinates"": [[[11.3164440314252, 44.4901719805951], [11.3164017666397, 44.4902149439031], [11.3162755288479, 44.4902471721354], [11.3159958650994, 44.4901349519105], [11.3158179318781, 44.4901765961982]]], ""type"": ""MultiLineString""}";60
1696;Precedente 31/12/2021;112.0;Ciclabile;corsia preferenziale bus/bici;44.485830108034904, 11.346889578410316;"{""coordinates"": [[[11.3463077452883, 44.4860557183949], [11.3463966786218, 44.486015261533], [11.3471821069338, 44.4857623452496], [11.3473548843645, 44.4855546869017], [11.347346502838, 44.4854950065129], [11.347346162763337, 44.48549258502219], [11.3473449720619, 44.4854841066709]]], ""type"": ""MultiLineString""}";62
1679;Precedente 31/12/2021;79.0;Pedonale-Ciclabile;ciclabile contigua al pedonale;44.501767715053596, 11.349701734709107;"{""coordinates"": [[[11.3500988083852, 44.5015979457677], [11.3497625893974, 44.5016822504056], [11.3496406454315, 44.5017810220806], [11.3496288187774, 44.5018134733804], [11.3496361682057, 44.5018562747342], [11.3495473808105, 44.5018875970222], [11.3493192491506, 44.5019526068089]]], ""type"": ""MultiLineString""}";64
450;Precedente 31/12/2021;131.0;Ciclabile;corsia ciclabile su strada;44.50438165835368, 11.353816472506352;"{""coordinates"": [[[11.3535421836958, 44.5038266462295], [11.3536704756136, 44.5040782904108], [11.353672395872138, 44.50408205697294]], [[11.353672396692524, 44.504082058582114], [11.353673005704051, 44.504083253150306], [11.3536750509922, 44.5040872649564], [11.353675566341, 44.5040883659692], [11.3538208819752, 44.5043988243755], [11.353820893377158, 44.50439884579688]], [[11.353820891213118, 44.5043988417312], [11.353820900182319, 44.50439885858205]], [[11.353820898018803, 44.504398854517355], [11.3538582669622, 44.5044690612598], [11.3538989942492, 44.5045455772601], [11.3540023796279, 44.5047600549657], [11.354088143583983, 44.50493797489298]]], ""type"": ""MultiLineString""}";66
455;Precedente 31/12/2021;203.0;Pedonale-Ciclabile;promiscuo ciclopedonale;44.513238881695074, 11.399108643578675;"{""coordinates"": [[[11.400245097971, 44.513535753044], [11.4001781223105, 44.5135056897494], [11.3992554747992, 44.5131249558567], [11.3990379977903, 44.5130459177797], [11.3989850995005, 44.5130450395043], [11.3979482089625, 44.5133375854576]]], ""type"": ""MultiLineString""}";70
695;Precedente 31/12/2021;293.0;Percorso naturalistico;sterrato;44.51809804727652, 11.333740893759742;"{""coordinates"": [[[11.3341783324481, 44.5193897325514], [11.3341804548185, 44.5193738652737], [11.3341793362764, 44.5193461964979], [11.3339865251504, 44.5187391128545], [11.3338875584835, 44.5184742020351], [11.333830533016, 44.5182914718684], [11.3337805802055, 44.5180097097974], [11.3337100756412, 44.5179043829352], [11.3335607759239, 44.5176938959665], [11.333384179608, 44.5174918784276], [11.3332865699224, 44.5172625050578], [11.3333390683164, 44.5171941744281], [11.3334273582603, 44.5171199520173], [11.333482465019483, 44.51707362560302], [11.333493186870522, 44.5170646121005], [11.333493188001034, 44.51706461115011], [11.3336268987145, 44.5169522050134]]], ""type"": ""MultiLineString""}";74
1440;Precedente 31/12/2021;46.0;Pedonale-Ciclabile;area pedonale;44.493616347097756, 11.342050764327405;"{""coordinates"": [[[11.3423237587997, 44.493591954755], [11.3423147589764, 44.4935891921441], [11.342304589005407, 44.493586070341394], [11.3422857233718, 44.4935802792938], [11.3422443464588, 44.4935724708502], [11.3422106109505, 44.4935748864458], [11.3417779835021, 44.4936772823307]]], ""type"": ""MultiLineString""}";78
699;Precedente 31/12/2021;107.0;Ciclabile;sede propria;44.503371726476374, 11.262596598116033;"{""coordinates"": [[[11.2629549399445, 44.5037550001671], [11.2629174033452, 44.5037475815315], [11.2628822551883, 44.5037278059366], [11.2628514089401, 44.5036710199536], [11.2628007582551, 44.5036208039577], [11.262739129678, 44.5035831264118], [11.2626922121625, 44.5035553964664], [11.2623653579491, 44.5030310839209], [11.2623413444614, 44.5030028786004], [11.2623002313083, 44.5029770855676], [11.2622574506744, 44.5029701945974]]], ""type"": ""MultiLineString""}";79
698;Precedente 31/12/2021;452.0;Ciclabile;sede propria;44.50291244816712, 11.265536564065751;"{""coordinates"": [[[11.2681130140283, 44.5020501286995], [11.2657164290087, 44.5028318905102], [11.2656375888961, 44.5028859928673], [11.2655544732811, 44.5029291460185], [11.2654822713982, 44.5029555098948], [11.2646829276224, 44.5032124664125], [11.2630272425956, 44.5037466955035], [11.2629549399445, 44.5037550001671]]], ""type"": ""MultiLineString""}";81
1442;Precedente 31/12/2021;17.0;Pedonale-Ciclabile;area pedonale;44.49359470192805, 11.342675668081181;"{""coordinates"": [[[11.3427779323438, 44.4935757167853], [11.342574290794, 44.4936135224057], [11.342573593297478, 44.49361365189372], [11.342573589846323, 44.493613652534414], [11.3425734038184, 44.4936136870699]]], ""type"": ""MultiLineString""}";83
1445;Precedente 31/12/2021;106.0;Pedonale-Ciclabile;area pedonale;44.49442301426741, 11.342567315526153;"{""coordinates"": [[[11.3425864840441, 44.4949081634369], [11.342586472378773, 44.49490800012247], [11.342586472312854, 44.49490799919961], [11.342567606347824, 44.494643875927274], [11.342567598736464, 44.49464376936832], [11.3425517626656, 44.4944220645761], [11.3425286057235, 44.4942725947128], [11.342528621307064, 44.494272402780716], [11.342528621357376, 44.49427240216106], [11.3425414979242, 44.494113810313], [11.342542327853902, 44.49410358863825], [11.3425423998835, 44.4941027014991], [11.3425425398463, 44.4941026037005], [11.342677466237602, 44.4940083240113], [11.3426850269327, 44.4940030409827], [11.3426889461274, 44.4940003024491]]], ""type"": ""MultiLineString""}";86
1680;Precedente 31/12/2021;42.0;Pedonale-Ciclabile;ciclabile contigua al pedonale;44.491859384891, 11.31227603774655;"{""coordinates"": [[[11.3120117618572, 44.4918398548084], [11.3125403136359, 44.4918789149736]]], ""type"": ""MultiLineString""}";87
483;Precedente 31/12/2021;53.0;Pedonale-Ciclabile;promiscuo ciclopedonale;44.47024215815014, 11.373741712834109;"{""coordinates"": [[[11.3739861422257, 44.4700811945363], [11.3737606372895, 44.4702344779863], [11.3734932409845, 44.4703968334696]]], ""type"": ""MultiLineString""}";96
485;Precedente 31/12/2021;65.0;Ciclabile;sede propria;44.4710270306543, 11.375752657004117;"{""coordinates"": [[[11.375423544453755, 44.47116379751251], [11.3754087240741, 44.471170435654]], [[11.375447327260565, 44.47115314504339], [11.375423544453755, 44.47116379751251]], [[11.375447327260565, 44.47115314504339], [11.375433099129566, 44.47115951791297], [11.375423544453755, 44.47116379751251]], [[11.37571527857419, 44.470998251214645], [11.3757152769811, 44.4709982515172], [11.37571527540632, 44.47099825247562], [11.375619284683898, 44.471056672458026], [11.3756192751312, 44.4710566782718], [11.37561926108145, 44.471056686250876], [11.375457223508532, 44.471148709973306], [11.3754572028583, 44.4711487217009], [11.375447327260565, 44.47115314504339]], [[11.375715279883833, 44.47099825096592], [11.375715279103845, 44.470998251114054], [11.37571527857419, 44.470998251214645]], [[11.375715279883833, 44.47099825096592], [11.37571527857419, 44.470998251214645]], [[11.375893757680636, 44.470969773602036], [11.37584643590897, 44.47097335127842], [11.375846353877, 44.4709733574803], [11.375846351966805, 44.47097335784308], [11.375846350934241, 44.47097335803918], [11.375846342979615, 44.47097335954992], [11.375846328400057, 44.47097336231886], [11.375715288448347, 44.47099824933935], [11.375715286657224, 44.47099824967952], [11.375715279883833, 44.47099825096592]], [[11.375906769284269, 44.470968789883436], [11.3759025541961, 44.4709691085575], [11.375893758807866, 44.47096977351681]], [[11.3761405726217, 44.4709511136079], [11.376140567276282, 44.47095111401203], [11.375985314095573, 44.470962851646014], [11.375985271682383, 44.47096285485259], [11.37590677092581, 44.470968789759326]]], ""type"": ""MultiLineString""}";97
487;Precedente 31/12/2021;886.0;Percorso naturalistico;sterrato;44.466591793395594, 11.390294828024398;"{""coordinates"": [[[11.3936736416372, 44.4686243625148], [11.393534729001, 44.4685019482281], [11.3935309188328, 44.4684075644814], [11.3935802839853, 44.4682689288378], [11.3936822356992, 44.4682146306455], [11.3939149874013, 44.4681328551332], [11.3940139670392, 44.4680910710999], [11.3940579512168, 44.4680628216245], [11.3940663431625, 44.4680128744086], [11.3940135005397, 44.4679635277853], [11.3938734052844, 44.467919067474], [11.3934864163813, 44.4677944531751], [11.3932513570564, 44.4676809940552], [11.3931279758324, 44.4675606045694], [11.3928630121931, 44.4673579445898], [11.3924435232319, 44.4670879223689], [11.3919844715578, 44.4668188078294], [11.3917683985239, 44.4666910672673], [11.3914150368309, 44.4665080768887], [11.3909753875426, 44.4663701231534], [11.3904296865504, 44.4662690309449], [11.3899140509288, 44.466133778735], [11.3887382419554, 44.4658938592422], [11.388466060027, 44.4658721816783], [11.3883645263877, 44.4659388191745], [11.3882490926362, 44.4660057389863], [11.3880498447441, 44.4660644529856], [11.3878984100038, 44.4661023197269], [11.387744228968, 44.4661576108991], [11.3876432495943, 44.4661547252993], [11.3875347132047, 44.4661335758702], [11.3873520306329, 44.4660910043768], [11.3870365447486, 44.4659222592721], [11.38702927855182, 44.46591837277448], [11.387005862402916, 44.46590584809209], [11.38700586128789, 44.46590584749569], [11.3865122023114, 44.4656418022884], [11.3863358845168, 44.465529668669], [11.3862108218038, 44.4654230981328], [11.386094613149, 44.4653064279221], [11.3860588300432, 44.4652277759161], [11.3860508658538, 44.4651485496064], [11.3861255099636, 44.4650477601556], [11.3862248252586, 44.4649828282662]]], ""type"": ""MultiLineString""}";99
489;Precedente 31/12/2021;548.0;Percorso naturalistico;sterrato;44.46481623756692, 11.3849804572526;"{""coordinates"": [[[11.3873386750318, 44.4662972537727], [11.3873292197895, 44.4662788628451], [11.387239303709, 44.4662312205555], [11.3869269000115, 44.4660826382995], [11.3867816082701, 44.4660062688914], [11.386774342627827, 44.46600244986635], [11.38674874340232, 44.46598899419654], [11.386748742235559, 44.46598899358326], [11.3861063694692, 44.4656513444681], [11.3859807319538, 44.4656539323493], [11.3857913963735, 44.4656371445794], [11.3857075107092, 44.4655975028235], [11.3855630382265, 44.4654970581485], [11.385391954603, 44.4653385629703], [11.3851814244902, 44.4652247577139], [11.3849234660042, 44.4651757499846], [11.3848349644285, 44.4651426508338], [11.3847341243591, 44.4650748826841], [11.3842902060424, 44.4646145312715], [11.3840764732788, 44.4643201813178], [11.3839504328099, 44.4640395463963], [11.3837420023544, 44.4637412340167], [11.3834287529044, 44.4632782374538], [11.3833166327955, 44.463066891142], [11.3832851312207, 44.4629626483788], [11.3833285435292, 44.4626946311845]]], ""type"": ""MultiLineString""}";100
1235;Precedente 31/12/2021;296.0;Ciclabile;sede propria;44.53028021706288, 11.348516001315675;"{""coordinates"": [[[11.3497344625005, 44.531106282762], [11.3497133157418, 44.5310424103153], [11.3496648206258, 44.5309898073303], [11.3495012120969, 44.5307367037776], [11.3493463575185, 44.5304796107097], [11.3493017350874, 44.5304345897935], [11.3492541161002, 44.5304036595159], [11.3492046120359, 44.5303702166814], [11.3491106632259, 44.5303402178742], [11.3489951765746, 44.5303068263827], [11.3487718699877, 44.530297283245], [11.3482204329979, 44.5302879543622], [11.3481737420984, 44.530279965398], [11.3481142166376, 44.5302633077499], [11.3480579455456, 44.5302389338213], [11.3480303913343, 44.5302190840843], [11.3476385431093, 44.5297908628206], [11.3476204143013, 44.5297835774998], [11.3475845178451, 44.5297779253312], [11.3472696570829, 44.5298416477025], [11.3472487659079, 44.5298101922499], [11.3472239496845, 44.5297698908569], [11.3472080704339, 44.5296860581671]]], ""type"": ""MultiLineString""}";102
1477;Precedente 31/12/2021;54.0;Pedonale-Ciclabile;area pedonale;44.49519435883141, 11.345268732396331;"{""coordinates"": [[[11.3456065790697, 44.4951530983898], [11.3453167793899, 44.4951909485478], [11.3449977710807, 44.4952255784428], [11.3449301119325, 44.4952241971151]]], ""type"": ""MultiLineString""}";108
2302;2024;58.0;Percorso naturalistico;pavimentato;44.473094301613415, 11.40093885607158;"{""coordinates"": [[[11.400741445014075, 44.472868081448105], [11.401063692235086, 44.47324477737523], [11.401154389346384, 44.4732990599918]]], ""type"": ""MultiLineString""}";113
471;Precedente 31/12/2021;64.0;Percorso naturalistico;sterrato;44.49907164854725, 11.3863452543618;"{""coordinates"": [[[11.3866936286943, 44.4992147843625], [11.3859968800293, 44.498928512732]]], ""type"": ""MultiLineString""}";116
1221;Precedente 31/12/2021;475.0;Pedonale-Ciclabile;promiscuo ciclopedonale;44.53361329367226, 11.351347075530496;"{""coordinates"": [[[11.3523783077987, 44.5354385030082], [11.3523316299618, 44.5354190957003], [11.3522187622212, 44.5351291938987], [11.3521705226584, 44.5351379000598], [11.3521005160731, 44.5351432192807], [11.3520512387815, 44.5351288752997], [11.3520201653482, 44.5350987663963], [11.351521470571, 44.533795995466], [11.3511655401752, 44.5328381547263], [11.3510965946319, 44.5326608385282], [11.3506208510373, 44.5327473576475], [11.3503002755773, 44.5318869236446]]], ""type"": ""MultiLineString""}";120
1220;Precedente 31/12/2021;108.0;Pedonale-Ciclabile;promiscuo ciclopedonale;44.535315512612435, 11.353034824171836;"{""coordinates"": [[[11.3523783077987, 44.5354385030082], [11.3528197294915, 44.5353559250296], [11.3531316617234, 44.5352968687737], [11.3536023510255, 44.5352107827654], [11.3536898307825, 44.5351862594072]]], ""type"": ""MultiLineString""}";122
1225;Precedente 31/12/2021;262.0;Ciclabile;sede propria;44.50134618675633, 11.274912177511009;"{""coordinates"": [[[11.2757149633478, 44.5012505971491], [11.2756118233046, 44.5013392857816], [11.2753691387808, 44.5011816910157], [11.2750187587178, 44.5009578432044], [11.2748252389735, 44.5008351653966], [11.2747719896985, 44.5008791002929], [11.2747187397218, 44.5009230356102], [11.2747176802082, 44.5009573122809], [11.2747665323182, 44.5010405830645], [11.2748136365757, 44.5011273737886], [11.2748437477168, 44.5012270608355], [11.2748649975349, 44.5013237986539], [11.2748634239815, 44.5013959362751], [11.2748188772121, 44.5014877878807], [11.2747517485517, 44.5015613054866], [11.2746258637123, 44.501698761877], [11.274528624378, 44.5017854564973], [11.2744054029643, 44.5018789702903], [11.2744692651051, 44.5021723233382]]], ""type"": ""MultiLineString""}";125
1224;Precedente 31/12/2021;131.0;Ciclabile;sede propria;44.5312602001224, 11.348939278616738;"{""coordinates"": [[[11.3497344625005, 44.531106282762], [11.3486973337278, 44.531306554652], [11.3481443522456, 44.5314154380491]]], ""type"": ""MultiLineString""}";126
1226;Precedente 31/12/2021;63.0;Pedonale-Ciclabile;promiscuo ciclopedonale;44.501099683918156, 11.27604704545705;"{""coordinates"": [[[11.2763975974814, 44.5009839574901], [11.2758248776404, 44.5011652629544], [11.2757149633478, 44.5012505971491]]], ""type"": ""MultiLineString""}";128
1646;Precedente 31/12/2021;100.0;Ciclabile;corsia ciclabile su strada;44.5049599763761, 11.34121195912565;"{""coordinates"": [[[11.3410223688844, 44.5045302056568], [11.3414015493669, 44.5053897470954]]], ""type"": ""MultiLineString""}";130
1888;Precedente 31/12/2021;44.0;Ciclabile;sede propria;44.509011396815296, 11.354975743277;"{""coordinates"": [[[11.3548781549922, 44.5088265955132], [11.3550733315618, 44.5091961981174]]], ""type"": ""MultiLineString""}";134
422;Precedente 31/12/2021;171.0;Pedonale-Ciclabile;ciclabile contigua al pedonale;44.50210135260881, 11.323628748419393;"{""coordinates"": [[[11.3246619324765, 44.50199831624], [11.3245186648254, 44.502018106224], [11.3233398116756, 44.5022111598318], [11.3226114892027, 44.5019852681379]]], ""type"": ""MultiLineString""}";135
424;Precedente 31/12/2021;137.0;Itinerario ciclabile;corsia ciclabile su strada;44.5028480599051, 11.325546265928423;"{""coordinates"": [[[11.3253297391941, 44.5022566216671], [11.325358940324, 44.5022899473298], [11.3253834585874, 44.50234531622], [11.3255858631839, 44.5029692131671], [11.3257437922443, 44.5034496095312]]], ""type"": ""MultiLineString""}";137
423;Precedente 31/12/2021;61.0;Itinerario ciclabile;corsia ciclabile su strada;44.502104868408, 11.325002709044778;"{""coordinates"": [[[11.3253297391941, 44.5022566216671], [11.3252355104823, 44.5022006842344], [11.3248440087396, 44.5020310831803], [11.3247733627236, 44.5020047776585], [11.3247060837696, 44.501997974624], [11.3246619324765, 44.50199831624]]], ""type"": ""MultiLineString""}";138
427;Precedente 31/12/2021;117.0;Itinerario ciclabile;corsia ciclabile su strada;44.50472681141635, 11.328990885474179;"{""coordinates"": [[[11.3287930252694, 44.50422922013], [11.3288304986364, 44.5042607645917], [11.32884687882, 44.5042857448346], [11.3288543502072, 44.5043021386501], [11.3290199154772, 44.5047988651985], [11.3291510435889, 44.5052450564038]]], ""type"": ""MultiLineString""}";142
665;Precedente 31/12/2021;91.0;Percorso naturalistico;sterrato;44.538929373333026, 11.346290387880076;"{""coordinates"": [[[11.345888147930157, 44.53872159538111], [11.3458723085601, 44.5386913774958]], [[11.345892244225736, 44.538729410173595], [11.345888146865084, 44.5387215933492]], [[11.3467666670606, 44.5391148249637], [11.3466463468611, 44.5390296302024], [11.3464782145357, 44.5389714618063], [11.3463256689179, 44.5389411915843], [11.3461297262426, 44.538906663881], [11.3459734533042, 44.5388714289476], [11.3459388251832, 44.5388182759571], [11.345892242402488, 44.53872940669525]]], ""type"": ""MultiLineString""}";143
1412;Precedente 31/12/2021;101.0;Pedonale-Ciclabile;area pedonale;44.49175598019101, 11.343099107488017;"{""coordinates"": [[[11.342815749782, 44.4913723441143], [11.3428610315104, 44.4915271671953], [11.3432440088582, 44.491840594615], [11.3433355226261, 44.4921696122447]]], ""type"": ""MultiLineString""}";145
1890;Precedente 31/12/2021;186.0;Ciclabile;sede propria;44.50873010318759, 11.359148204875455;"{""coordinates"": [[[11.3597467207372, 44.5080024158909], [11.3596240314216, 44.5081581857895], [11.3595403963997, 44.5082538024955], [11.3594635472985, 44.5083626941827], [11.3592085605256, 44.5087032897708], [11.3588547376416, 44.509072754659], [11.3587113587448, 44.5092366785076], [11.3584951927269, 44.5094058223544]]], ""type"": ""MultiLineString""}";147
1891;Precedente 31/12/2021;129.0;Ciclabile;sede propria;44.509853481548916, 11.357896081807896;"{""coordinates"": [[[11.358343506306, 44.5093702870194], [11.3581698764094, 44.5095627344387], [11.3580135298094, 44.5097292922437], [11.3577629969737, 44.5099864632606], [11.3574539850438, 44.5103414400362]]], ""type"": ""MultiLineString""}";152
1893;Precedente 31/12/2021;134.0;Ciclabile;sede propria;44.501797372221155, 11.3929612978415;"{""coordinates"": [[[11.3937289575577, 44.5015431060544], [11.3921936381253, 44.5020516383879]]], ""type"": ""MultiLineString""}";154
1896;Precedente 31/12/2021;119.0;Ciclabile;sede propria;44.49130294566229, 11.39187256285802;"{""coordinates"": [[[11.3926203040931, 44.4913123913112], [11.3921705964908, 44.491307899949], [11.3917098515938, 44.4913002092499], [11.3912411532485, 44.4912955769893], [11.39112513333, 44.4912865824609]]], ""type"": ""MultiLineString""}";156
411;2022;225.0;Itinerario ciclabile;corsia ciclabile su strada;44.51451973788012, 11.326282098676526;"{""coordinates"": [[[11.3255060393382, 44.5152252213264], [11.32565987352, 44.5151044022299], [11.3258236141546, 44.5149859196918], [11.3260018531684, 44.5148527459885], [11.3261503731065, 44.5147309715127], [11.3262742627201, 44.5146222933358], [11.326459308472, 44.5144080172719], [11.3265697057861, 44.5142762162708], [11.3267142743514, 44.5140555727197], [11.326898992164413, 44.51367828842523]]], ""type"": ""MultiLineString""}";162
410;2022;156.0;Itinerario ciclabile;corsia ciclabile su strada;44.51585547590741, 11.325143284283786;"{""coordinates"": [[[11.3249027831437, 44.5165458790708], [11.3249644106995, 44.5162757051523], [11.3250109746673, 44.5161181773477], [11.3251132927648, 44.5158393828189], [11.3252493836522, 44.5155516201563], [11.3253804980251, 44.5153666836538], [11.3255060393382, 44.5152252213264]]], ""type"": ""MultiLineString""}";163
412;Precedente 31/12/2021;156.0;Pedonale-Ciclabile;promiscuo ciclopedonale;44.51318372781627, 11.327467372165511;"{""coordinates"": [[[11.3276454447332, 44.5137284597328], [11.327551588843898, 44.513680489480336], [11.327518540823624, 44.51359939548969], [11.327564921058347, 44.51351668033919], [11.327589316534556, 44.51338108658904], [11.327511731668471, 44.51305559599078], [11.327450742149681, 44.51302128910878], [11.327326352143986, 44.51301671731611], [11.327298694170064, 44.512946178614996], [11.32733571318037, 44.512753444744064], [11.327306897683, 44.512621686874]]], ""type"": ""MultiLineString""}";165
891;Precedente 31/12/2021;354.0;Pedonale-Ciclabile;ciclabile contigua al pedonale;44.528320881449176, 11.346675723577766;"{""coordinates"": [[[11.3472696570829, 44.5298416477025], [11.3472239496845, 44.5297698908569], [11.3472080042066, 44.5296899345237], [11.3471440764452, 44.5294880118361], [11.3470104583182, 44.5290659646576], [11.3470166783493, 44.529039818453], [11.3470418721247, 44.5290028796045], [11.3465475414242, 44.5279409436936], [11.3465055539283, 44.5279227214307], [11.3464731235949, 44.527900834982], [11.3461294586378, 44.5271428328235], [11.3459810066632, 44.5268299726236]]], ""type"": ""MultiLineString""}";167
895;Precedente 31/12/2021;102.0;Ciclabile;sede propria;44.532930023231124, 11.347376162373829;"{""coordinates"": [[[11.3475663488538, 44.5333566471706], [11.347390977774, 44.5330387115834], [11.3473357498237, 44.5329117409023], [11.3473119280777, 44.5328077929229], [11.3472786084343, 44.5326114360382], [11.3472697860029, 44.5324768318638]]], ""type"": ""MultiLineString""}";173
894;Precedente 31/12/2021;77.0;Ciclabile;sede propria;44.53213014501221, 11.347254148580095;"{""coordinates"": [[[11.3472697860029, 44.5324768318638], [11.3472534661673, 44.532154859529], [11.3472418607897, 44.5317833209675]]], ""type"": ""MultiLineString""}";175
897;Precedente 31/12/2021;170.0;Pedonale-Ciclabile;ciclabile contigua al pedonale;44.53461306048914, 11.348484669039948;"{""coordinates"": [[[11.349034982163, 44.5352288906491], [11.3488795731488, 44.5350920351953], [11.3488792448371, 44.5350211076858], [11.348716269145, 44.5348371156463], [11.3486044019646, 44.5348097531398], [11.3484729802428, 44.5346507625032], [11.3483586731491, 44.5345032608906], [11.3481292464799, 44.5341885782828], [11.3480081753364, 44.5340116632836], [11.347982829322, 44.5339372919331]]], ""type"": ""MultiLineString""}";177
2311;2025;70.0;Pedonale-Ciclabile;area pedonale;44.485537594782784, 11.360642070140308;"{""coordinates"": [[[11.360374881724645, 44.48532127688669], [11.360534708453635, 44.48537367908341], [11.360863516096872, 44.48581732588806]]], ""type"": ""MultiLineString""}";185
2320;2025;808.0;Ciclabile;corsia preferenziale bus/bici;44.488371221146934, 11.361902011831459;"{""coordinates"": [[[11.36635080906289, 44.486664066121875], [11.364435410462827, 44.487391855986765], [11.363747658952006, 44.48766762502712], [11.362872687921408, 44.48800999572962], [11.362467567675498, 44.4881622227271], [11.361012734690314, 44.488696485072374], [11.358711373994637, 44.48955804803409], [11.357914696991118, 44.48994980385788], [11.357651304373183, 44.49019939986829], [11.357538897313399, 44.49018821907629]]], ""type"": ""MultiLineString""}";1129
441;Precedente 31/12/2021;67.0;Pedonale-Ciclabile;promiscuo ciclopedonale;44.50740140961535, 11.34249908340285;"{""coordinates"": [[[11.342085969907, 44.5074558545972], [11.3429121968987, 44.5073469646335]]], ""type"": ""MultiLineString""}";198
446;Precedente 31/12/2021;311.0;Ciclabile;sede propria;44.52879908302141, 11.359078052191338;"{""coordinates"": [[[11.3602884419156, 44.5279880114883], [11.3602106004308, 44.5280547891013], [11.3600531362879, 44.5282570152853], [11.3599152442893, 44.5284313204124], [11.3598031020359, 44.5285839261834], [11.3597431593134, 44.528638084338], [11.3596384125969, 44.5286825866762], [11.3594397934663, 44.5287480827961], [11.3587094259168, 44.5289854571337], [11.3586061571039, 44.5289939450721], [11.3585220308459, 44.5289639355897], [11.3584728794224, 44.5289205016067], [11.3584375629562, 44.5288534972722], [11.3584064202904, 44.5288160406256], [11.3583495243694, 44.5288002842116], [11.3582961075249, 44.5287971562221], [11.3582468639658, 44.5288235761685], [11.3582220654241, 44.5288685408232], [11.3582420704976, 44.5289231619503], [11.3582778207551, 44.5290007413144], [11.3583473246551, 44.5291072560758], [11.3584212635363, 44.5292496631895], [11.3584631045886, 44.5293313493697], [11.3584507459792, 44.5293908736988], [11.3584287315848, 44.5294315474052], [11.3583713074607, 44.5294750710701], [11.3582682670789, 44.5294986930634]]], ""type"": ""MultiLineString""}";199
448;Precedente 31/12/2021;122.0;Ciclabile;corsia ciclabile su strada;44.50720760345955, 11.355205429191072;"{""coordinates"": [[[11.3549487861076, 44.5066916160129], [11.3551147052814, 44.5070358383434], [11.355208741776, 44.5072146165338], [11.3554666277315, 44.5077213427576]]], ""type"": ""MultiLineString""}";201
1673;Precedente 31/12/2021;93.0;Pedonale-Ciclabile;promiscuo ciclopedonale;44.515993575576175, 11.325659973431726;"{""coordinates"": [[[11.3262121377078, 44.5160869112243], [11.3261351086282, 44.5161145029764], [11.325667907028, 44.5159908315316], [11.3253524241558, 44.5159219292751], [11.325180048855, 44.5158839548798], [11.3251030389378, 44.5158669524842]]], ""type"": ""MultiLineString""}";211
1678;Precedente 31/12/2021;204.0;Ciclabile;sede propria;44.50161180348276, 11.350112811397729;"{""coordinates"": [[[11.3506694206978, 44.5024394135354], [11.3504718731752, 44.5021319572423], [11.3501021994572, 44.5015921668173], [11.3495465577477, 44.5007906519465]]], ""type"": ""MultiLineString""}";214
1658;Precedente 31/12/2021;180.0;Percorso naturalistico;pavimentato;44.48139971615448, 11.371598798453258;"{""coordinates"": [[[11.3715204007516, 44.4818279468256], [11.3714674332952, 44.4818069998728], [11.3713779299277, 44.4817613722102], [11.3713141204091, 44.4817067302922], [11.3712371707899, 44.4816201372511], [11.3712229312843, 44.4815610728443], [11.3712278339857, 44.4815066985883], [11.3712445715747, 44.4814520782288], [11.3712652188527, 44.4813770245329], [11.3712911496534, 44.4813154291324], [11.3713155377564, 44.4812742178569], [11.3713563573686, 44.4812292729867], [11.3714161128936, 44.4811839344514], [11.3714877719915, 44.4811400444689], [11.37155071872, 44.4811149916724], [11.371623683096, 44.4811032986117], [11.3716905084023, 44.4811154773953], [11.3717651905748, 44.4811461488845], [11.3717917771146, 44.4811591641437], [11.3717939759642, 44.4812133908613], [11.3718103081286, 44.481265627578], [11.3718309618829, 44.4813075984954], [11.37188224925, 44.4813455403563], [11.3719432109197, 44.4813883690943], [11.3720039663897, 44.4814261140268], [11.3720719604192, 44.4814671004155], [11.3721572795371, 44.4815263826782], [11.3722036958637, 44.4815610336766], [11.3722236127217, 44.4815828164134]]], ""type"": ""MultiLineString""}";217
1899;Precedente 31/12/2021;152.0;Ciclabile;sede propria;44.510380355919395, 11.330939168496746;"{""coordinates"": [[[11.3305712392641, 44.5109951038758], [11.330608493121, 44.5109760910961], [11.3306437424353, 44.5109298699355], [11.3306786895536, 44.5108760714426], [11.3306871630761, 44.5108228138444], [11.330690492965, 44.510773453042], [11.3308455597883, 44.5105427797658], [11.3310407152818, 44.5102544108052], [11.3311830698859, 44.510103623494], [11.3312186206959, 44.5100649794855], [11.331238589867, 44.5100342373993], [11.3312001669916, 44.510000896847], [11.3311608373303, 44.509944824413], [11.3311325503076, 44.5098999015016], [11.3310935229625, 44.509851406272], [11.33100744894, 44.5098190395013]]], ""type"": ""MultiLineString""}";219
673;Precedente 31/12/2021;98.0;Pedonale-Ciclabile;ciclabile contigua al pedonale;44.53093948200798, 11.35328285456986;"{""coordinates"": [[[11.3537480935587, 44.5306750372791], [11.3529260365579, 44.5311170425341], [11.3530439015872, 44.5312393483543]]], ""type"": ""MultiLineString""}";220
439;Precedente 31/12/2021;161.0;Pedonale-Ciclabile;promiscuo ciclopedonale;44.50707467449695, 11.344942628196101;"{""coordinates"": [[[11.3439451504286, 44.5072089205166], [11.3459401059636, 44.5069404284773]]], ""type"": ""MultiLineString""}";222
1661;Precedente 31/12/2021;19.0;Percorso naturalistico;pavimentato;44.48060195003255, 11.372334910959552;"{""coordinates"": [[[11.3722211005095, 44.4805837815604], [11.3724487214096, 44.4806201185047]]], ""type"": ""MultiLineString""}";225
1662;Precedente 31/12/2021;147.0;Ciclabile;sede propria;44.46223174691629, 11.379786550424846;"{""coordinates"": [[[11.3802343478435, 44.4617319262002], [11.3800026652377, 44.4618257578705], [11.3798899273582, 44.4619397509823], [11.3796235685744, 44.4623005622811], [11.3795980886506, 44.4626387392202], [11.3796071389421, 44.4626867960104], [11.3796421883372, 44.4627622608134], [11.3797314614237, 44.462859494107]]], ""type"": ""MultiLineString""}";227
2260;2023;682.0;Itinerario ciclabile;corsia ciclabile su strada;44.513641859436746, 11.301197569602692;"{""coordinates"": [[[11.303934255726684, 44.51531977339655], [11.303730148498454, 44.51488784453705], [11.303708791151024, 44.51484810586906], [11.30370590901895, 44.5148427432139], [11.303705908575301, 44.51484274238842], [11.303618904828499, 44.51468085838013], [11.303521088715618, 44.514576023540855], [11.303441454497182, 44.5145547207045], [11.303373008091265, 44.51454693064462], [11.30326325258015, 44.51457198575259], [11.30321525434298, 44.514621262016256], [11.303084861459434, 44.51459565663746], [11.30293222647336, 44.51462099234713], [11.30274268742066, 44.51469975326085], [11.302446291220619, 44.51477816087444], [11.302265033069387, 44.51476861995291], [11.302068733365367, 44.51472039699502], [11.30198365595202, 44.51468298483357], [11.301813663820287, 44.51456353460971], [11.301549607470506, 44.514325948386585], [11.301118428540253, 44.51374426786953], [11.30088385061917, 44.5135143944991], [11.300493203425075, 44.51323024182472], [11.300219518646234, 44.51303586018015], [11.29985972171191, 44.512785883631814], [11.299412737408824, 44.51244776007667], [11.299177799469485, 44.51225437911007], [11.298974960050272, 44.51205908327077], [11.298529731589811, 44.51139585850701]]], ""type"": ""MultiLineString""}";232
2024;;190.0;Pedonale-Ciclabile;sede propria;44.52018641790849, 11.349485149627675;"{""coordinates"": [[[11.350671952043244, 44.520101419036834], [11.35055542094463, 44.5201103589289], [11.35025574317921, 44.520124205160066], [11.349885050935956, 44.520149742269425], [11.349083570185503, 44.52021739324205], [11.348421059170654, 44.520274506119144], [11.348299084394283, 44.52028210990912]]], ""type"": ""MultiLineString""}";234
2023;Precedente 31/12/2021;223.0;Ciclabile;sede propria;44.51821605983795, 11.350242185474357;"{""coordinates"": [[[11.3502709571329, 44.5192193538767], [11.3502641063116, 44.5191920501215], [11.3502617688782, 44.5191703713032], [11.3502459431892, 44.5190008046747], [11.3502367668406, 44.518772746493], [11.3502420674746, 44.5186149089988], [11.3502387038145, 44.5172110084479]]], ""type"": ""MultiLineString""}";235
2262;2023;369.0;Itinerario ciclabile;corsia ciclabile su strada;44.513955635655584, 11.309885582373095;"{""coordinates"": [[[11.311867158534529, 44.51407547316499], [11.311689516123574, 44.51407690331214], [11.311529328278084, 44.51405191481638], [11.311394279768908, 44.514008892705746], [11.311211312366273, 44.51392400354811], [11.310937099704669, 44.513752838395675], [11.31069972060794, 44.51363095717373], [11.310512732952697, 44.51358865217433], [11.310373381247434, 44.51357947413254], [11.310208640835226, 44.51359481030844], [11.310032813467224, 44.51363266949207], [11.309607028936933, 44.513773310483494], [11.309346773099, 44.51387179920282], [11.308730795854965, 44.51419058141601], [11.308502000346127, 44.51429060022531], [11.308526096925112, 44.514327283645144], [11.308536004739974, 44.51435927545259], [11.30852986149888, 44.51440088269397], [11.30851135398728, 44.51443592501264], [11.308485578813322, 44.51446245468215], [11.308451824789083, 44.51448418560536], [11.308409226671987, 44.51450114329648], [11.308339508309572, 44.514510602747], [11.308269055148969, 44.514501504365406], [11.308243057983807, 44.514493127088855], [11.308205627759424, 44.51447307085861], [11.308172667666616, 44.51444897258568], [11.308155136171415, 44.514421464594655], [11.308141465359629, 44.514382113223334], [11.308140365757462, 44.51435428229148], [11.308152900842922, 44.51431934224356]]], ""type"": ""MultiLineString""}";236
2261;2023;516.0;Itinerario ciclabile;corsia ciclabile su strada;44.5147900732979, 11.305669652652039;"{""coordinates"": [[[11.30321525434298, 44.514621262016256], [11.30321679510798, 44.51469470351617], [11.30334361274316, 44.514938568696266], [11.303343613177425, 44.514938569531346], [11.303346510788826, 44.5149441415208], [11.303588228470701, 44.515408954840645], [11.303934255726684, 44.51531977339655], [11.305710045838598, 44.514860438417315], [11.307359494512848, 44.51433690819333], [11.307665962415047, 44.51425587899857], [11.307814961255708, 44.514245230536645], [11.308103736876223, 44.51430610438625], [11.308152900842922, 44.51431934224356], [11.30819756140225, 44.514268916739375], [11.308258690798688, 44.514239196646884], [11.308292139110529, 44.51423171413432], [11.308356056014876, 44.51422856581572], [11.308408317004869, 44.51423741121223], [11.308454849439679, 44.51425442934456], [11.308486832636452, 44.51427545040743], [11.308502000346127, 44.51429060022531]]], ""type"": ""MultiLineString""}";238
2264;2023;404.0;Itinerario ciclabile;corsia ciclabile su strada;44.49962314161211, 11.320585827719263;"{""coordinates"": [[[11.321688950715691, 44.501260230760906], [11.319482704722837, 44.49798605246332]]], ""type"": ""MultiLineString""}";239
2028;Precedente 31/12/2021;162.0;Ciclabile;sede propria;44.50143029443349, 11.357147075838414;"{""coordinates"": [[[11.356319839982, 44.5010045003516], [11.356319859868117, 44.50100451058745], [11.356319913998759, 44.501004538449756], [11.3570429018156, 44.5013766771998], [11.3577842125907, 44.5017582373503], [11.3579214228736, 44.5018288597757], [11.3579743144788, 44.5018560831066]]], ""type"": ""MultiLineString""}";240
2267;2023;973.0;Itinerario ciclabile;corsia ciclabile su strada;44.47748774651893, 11.370473582476423;"{""coordinates"": [[[11.376110771241304, 44.476291514251876], [11.375549468268655, 44.47651065582759], [11.375242079212724, 44.47658927085751], [11.375129370589924, 44.476614112038384], [11.374808864765825, 44.47664302982109], [11.374567830329617, 44.47664498846985], [11.373136720577202, 44.476523756825564], [11.372888949206237, 44.476515154340994], [11.372584521033973, 44.476540676139955], [11.372205600186215, 44.47662043716753], [11.371969795970797, 44.476699739319415], [11.371334131056562, 44.47692056179706], [11.370497503777628, 44.47724768366952], [11.370115363200757, 44.47740329593091], [11.369554316093108, 44.477614172298054], [11.3685944902381, 44.477986424959255], [11.36840769502397, 44.47805774495306], [11.367371177008105, 44.47845875903125], [11.366386280120096, 44.47882652825102], [11.36530305569623, 44.47912419686328], [11.364943616220353, 44.47893742400514]]], ""type"": ""MultiLineString""}";247
2269;2023;669.0;Itinerario ciclabile;corsia ciclabile su strada;44.47018608434304, 11.381406994699253;"{""coordinates"": [[[11.377359019700512, 44.470825138650476], [11.377555343696718, 44.47082380954527], [11.37759234832126, 44.47081962568925], [11.379831825714074, 44.47056642352648], [11.380299346804577, 44.47051362314012], [11.380307068975972, 44.470512751021964], [11.380307207725274, 44.47051273591065], [11.381166755729762, 44.47041912177416], [11.381166812941405, 44.47041911554318], [11.381166816034881, 44.47041911520627], [11.381166816419665, 44.47041911510606], [11.381166835391841, 44.470419110165366], [11.381683892800758, 44.470284459120194], [11.382140783599112, 44.470153298966046], [11.382346294338394, 44.47009430276753], [11.382600954444088, 44.470018919060855], [11.383409834322055, 44.46975649075072], [11.383625082571179, 44.469689161305624], [11.384789498450806, 44.469331666608866], [11.385354184063802, 44.469161455180085], [11.385376256166182, 44.46915480205488]]], ""type"": ""MultiLineString""}";249
2251;2022;117.0;Itinerario ciclabile;corsia ciclabile su strada;44.49058072547401, 11.311734037214205;"{""coordinates"": [[[11.3115022617324, 44.4900925068255], [11.3115154914438, 44.490306805463], [11.3116365878462, 44.490481454198], [11.3117298776958, 44.4905544917298], [11.3120396650725, 44.4910488688639]]], ""type"": ""MultiLineString""}";251
2015;Precedente 31/12/2021;104.0;Ciclabile;sede propria;44.50232390663105, 11.312925327157199;"{""coordinates"": [[[11.3135121019878, 44.5021161537223], [11.3123385523266, 44.5025316595398]]], ""type"": ""MultiLineString""}";252
2253;2022;167.0;Pedonale-Ciclabile;promiscuo ciclopedonale;44.51119362902159, 11.339066358650257;"{""coordinates"": [[[11.3387644325012, 44.5119114905699], [11.3388496008316, 44.511524488124], [11.3392270669342, 44.5109198864924], [11.3393387924444, 44.5107041386484], [11.3394120565418, 44.5104894013813]]], ""type"": ""MultiLineString""}";255
2017;Precedente 31/12/2021;107.0;Ciclabile;sede propria;44.51125559519087, 11.348496280923488;"{""coordinates"": [[[11.3481528065213, 44.5108474154952], [11.3486806759013, 44.5114667759667], [11.3487680486657, 44.511585635521], [11.3488098305369, 44.5116832789708]]], ""type"": ""MultiLineString""}";256
2019;Precedente 31/12/2021;61.0;Pedonale-Ciclabile;ciclabile contigua al pedonale;44.5100739172887, 11.3475134491991;"{""coordinates"": [[[11.3473103375949, 44.5098427800947], [11.3477165608033, 44.5103050544827]]], ""type"": ""MultiLineString""}";260
2256;Precedente 31/12/2021;104.0;Ciclabile;sede propria;44.53378040753595, 11.36864743082691;"{""coordinates"": [[[11.3681270540322, 44.5340402858961], [11.3682431771363, 44.5340280212828], [11.3690148973073, 44.533548292266], [11.3691731922667, 44.5335492028209]]], ""type"": ""MultiLineString""}";264
381;Precedente 31/12/2021;70.0;Ciclabile;sede propria;44.493834748786696, 11.29853717075325;"{""coordinates"": [[[11.2986836238587, 44.4941311313454], [11.2983907176478, 44.493538366228]]], ""type"": ""MultiLineString""}";267
382;2022;217.0;Percorso naturalistico;pavimentato;44.49464244178629, 11.302825109107859;"{""coordinates"": [[[11.3020210144183, 44.4949808057426], [11.3027788818842, 44.4950290786894], [11.3030716033359, 44.4949171269686], [11.3031488089868, 44.4947982190265], [11.3029348246908, 44.4940682440599], [11.3030369181935, 44.4939304934127], [11.3032251241995, 44.493893852021]]], ""type"": ""MultiLineString""}";270
2040;Precedente 31/12/2021;374.0;Ciclabile;sede propria;44.53513435167378, 11.338626578782852;"{""coordinates"": [[[11.3364277529894, 44.5353287105066], [11.3366681599407, 44.5353111611338], [11.3371026308238, 44.535279474568], [11.3372114325108, 44.5352975875194], [11.3372471146876, 44.5352896662627], [11.3377545895106, 44.5354120989909], [11.3380307228878, 44.5354538274637], [11.3383369815487, 44.535435996836], [11.3387963201426, 44.5352615924637], [11.3397218577256, 44.5349083082349], [11.3406075291339, 44.5345532910685], [11.3407559355582, 44.5344842792587]]], ""type"": ""MultiLineString""}";271
2042;Precedente 31/12/2021;51.0;Pedonale-Ciclabile;ciclabile contigua al pedonale;44.48614679520858, 11.358248816798945;"{""coordinates"": [[[11.3585214062918, 44.4860223588789], [11.3582784668022, 44.4861416832872], [11.3580512906716, 44.4862343662886], [11.3579666253001, 44.4862344080113]]], ""type"": ""MultiLineString""}";274
2044;Precedente 31/12/2021;74.0;Pedonale-Ciclabile;ciclabile contigua al pedonale;44.4985012164023, 11.356058129070092;"{""coordinates"": [[[11.3556100602087, 44.498481318647], [11.3561885873224, 44.4984961043387], [11.35636091416, 44.4985000302388], [11.3564717344491, 44.4986045443111]]], ""type"": ""MultiLineString""}";277
2046;Precedente 31/12/2021;243.0;Itinerario ciclabile;promiscuo veicolare;44.48956530516074, 11.28792669532944;"{""coordinates"": [[[11.2872839599322, 44.4905563220632], [11.2873032546346, 44.4904478568132], [11.2874532487946, 44.4902012559167], [11.2886300639611, 44.4886043524578]]], ""type"": ""MultiLineString""}";280
2281;;335.0;Itinerario ciclabile;corsia ciclabile su strada;44.496122523132776, 11.315229935867611;"{""coordinates"": [[[11.316098979607391, 44.49749293136832], [11.316098979044135, 44.497492930482224], [11.315754160168423, 44.49695047310504], [11.31532964849809, 44.49627958230522], [11.314865104249078, 44.49554435972842], [11.3145804111239, 44.49510267840033], [11.314362776733025, 44.49475095546857]]], ""type"": ""MultiLineString""}";281
2047;Precedente 31/12/2021;572.0;Ciclabile;sede propria;44.48489529242456, 11.352211365618402;"{""coordinates"": [[[11.3486694820535, 44.4853327861143], [11.348964805973367, 44.48529630768439], [11.348965256972123, 44.485296251977], [11.349233123890128, 44.48526316503776], [11.349241522964, 44.4852621275836], [11.349247172559528, 44.485261429745194], [11.349247172915126, 44.48526142970127], [11.3557532491833, 44.4844577987348]]], ""type"": ""MultiLineString""}";286
2286;2024;139.0;Ciclabile;corsia preferenziale bus/bici;44.493637959633276, 11.35179088799951;"{""coordinates"": [[[11.352035456356187, 44.49419701327669], [11.351903553821668, 44.49412628647624], [11.351799615940335, 44.49382383877461], [11.351708425500211, 44.49335177199566], [11.351695236882748, 44.49311383174167], [11.351761090722126, 44.493019882548225]]], ""type"": ""MultiLineString""}";287
2287;2024;154.0;Ciclabile;corsia preferenziale bus/bici;44.49136549402348, 11.342716035268424;"{""coordinates"": [[[11.343680029970635, 44.49140233452628], [11.342815749781963, 44.49137234411428], [11.342186636559735, 44.491342786879414], [11.341943957966967, 44.49133242070771], [11.341752211303437, 44.491324328669535]]], ""type"": ""MultiLineString""}";291
2289;2024;47.0;Pedonale-Ciclabile;promiscuo ciclopedonale;44.48068489637726, 11.376240106452405;"{""coordinates"": [[[11.3759480001845, 44.48067444567849], [11.376120895066327, 44.48068459098717], [11.376226136450267, 44.48068692787432], [11.376324253106903, 44.48068910648724], [11.376338868130325, 44.48068943100379], [11.376477748712132, 44.48068655579117], [11.376532378441802, 44.48068470711721]]], ""type"": ""MultiLineString""}";292
1172;Precedente 31/12/2021;497.0;Ciclabile;sede propria;44.48360112487268, 11.387930259442214;"{""coordinates"": [[[11.3850954413611, 44.4843065503001], [11.3851848446746, 44.4842672912654], [11.3853724427641, 44.4841686964397], [11.3854970551846, 44.4841139242435], [11.3859766075769, 44.4839609205232], [11.3861284992157, 44.4839133059796], [11.3863125910069, 44.4838611551879], [11.3866113732145, 44.4837756916633], [11.3868387663845, 44.4837264976522], [11.3872903226414, 44.4835489563209], [11.3876400823023, 44.4835223166944], [11.3877219231889, 44.4835437901531], [11.3878920221497, 44.4836117211066], [11.3880013797948, 44.4836461441103], [11.3880421428103, 44.4836530198034], [11.3883655066181, 44.4835747615006], [11.3886162214836, 44.4835018865221], [11.3887234517618, 44.4834841840739], [11.3888374934112, 44.4835011185711], [11.3890033205329, 44.4835304943409], [11.3890660496154, 44.4835465709913], [11.3891445638065, 44.4835526559435], [11.3892933621494, 44.4834954378362], [11.3900711703394, 44.4831919802554], [11.3907621833691, 44.4829190956369]]], ""type"": ""MultiLineString""}";295
1175;Precedente 31/12/2021;30.0;Pedonale-Ciclabile;promiscuo ciclopedonale;44.475667566477746, 11.395157380082301;"{""coordinates"": [[[11.3949897886579, 44.4757308520034], [11.3953249715067, 44.4756042809521]]], ""type"": ""MultiLineString""}";296
1174;Precedente 31/12/2021;106.0;Ciclabile;sede propria;44.480012738085925, 11.395520718389866;"{""coordinates"": [[[11.395970104953, 44.4796918748633], [11.3959424101612, 44.4797160667011], [11.3956539411982, 44.4798275732068], [11.3956194934642, 44.4798480681783], [11.3955900938569, 44.4798794412582], [11.3954615300794, 44.4800743638075], [11.3953735502, 44.4802113164597], [11.3953590299991, 44.4802313928965], [11.3950779521355, 44.4803361527109]]], ""type"": ""MultiLineString""}";297
376;Precedente 31/12/2021;133.0;Ciclabile;sede propria;44.50372322843594, 11.274714994277467;"{""coordinates"": [[[11.2753944950075, 44.503716407052], [11.2753678612171, 44.5037004151996], [11.2753305355851, 44.5036919193012], [11.2752218849898, 44.5037108852726], [11.2750164521039, 44.5037633034825], [11.2748381410816, 44.5038085286008], [11.27461663769, 44.5038702826646], [11.2745086106612, 44.503871353787], [11.274436509718, 44.503816386966], [11.2743934478429, 44.5037200018739], [11.2743249295023, 44.503529997733], [11.2742610912777, 44.503462302118], [11.2741564060386, 44.5034525931503]]], ""type"": ""MultiLineString""}";300
2031;2024;59.0;Ciclabile;sede propria;44.51715956922772, 11.293340073380902;"{""coordinates"": [[[11.29343508188741, 44.51741921252167], [11.293375177587972, 44.517285158832266], [11.293372429164835, 44.51727841580217], [11.293258948916742, 44.51700000134759], [11.293383105812305, 44.516963165485464]]], ""type"": ""MultiLineString""}";302
1178;Precedente 31/12/2021;431.0;Percorso naturalistico;sterrato;44.51065414219255, 11.332869984890992;"{""coordinates"": [[[11.3325144613239, 44.5087471202866], [11.3326012052284, 44.5090536684322], [11.3325396328267, 44.5091206017632], [11.3325435341277, 44.5091815580743], [11.3326567576145, 44.5096587362645], [11.3329293291427, 44.5106795372125], [11.333063240541, 44.5112210882298], [11.3330616905901, 44.5113636722882], [11.3330404945414, 44.5114677808485], [11.3329942743261, 44.5115801769449], [11.3329613928524, 44.5116637896366], [11.3329282011105, 44.5117396330262], [11.3329238595844, 44.5118122944255], [11.3329491961148, 44.5119024918994], [11.3333495872166, 44.5124920518522]]], ""type"": ""MultiLineString""}";304
377;Precedente 31/12/2021;286.0;Percorso naturalistico;sterrato;44.49817645061338, 11.303862971585115;"{""coordinates"": [[[11.304600696608, 44.499342071007], [11.3045591790411, 44.4993241743196], [11.3043305686715, 44.4989407303735], [11.3031394554113, 44.4969925642888]]], ""type"": ""MultiLineString""}";308
2272;2023;479.0;Itinerario ciclabile;promiscuo veicolare;44.4829201414647, 11.397419280547442;"{""coordinates"": [[[11.394741066967391, 44.48382412690671], [11.394783516238574, 44.48379978258016], [11.39482751601843, 44.48378899931925], [11.394875490836782, 44.48378771691328], [11.3949312259581, 44.48380061152265], [11.394950797742673, 44.48380983298526], [11.394970432680154, 44.48382366737128], [11.395224771590653, 44.48364885610582], [11.395525011700832, 44.48352186986367], [11.397343858623934, 44.48293820259246], [11.399523315704466, 44.48223202250145], [11.400076101827985, 44.482063029377954], [11.400144586259017, 44.48204209261075]]], ""type"": ""MultiLineString""}";315
2275;2023;389.0;Itinerario ciclabile;corsia ciclabile su strada;44.47655490464227, 11.392829919582995;"{""coordinates"": [[[11.39067282068825, 44.477386186598714], [11.391578497503005, 44.477038383466066], [11.391578556337858, 44.47703836038504], [11.392480245847356, 44.47668462583479], [11.392480277112396, 44.476684613569454], [11.392480351752729, 44.47668458467581], [11.392615709384536, 44.47663218705951], [11.392615729285932, 44.476632179355576], [11.39261575730221, 44.47663216872082], [11.393461231117884, 44.47631123361642], [11.393461617233273, 44.47631108705011], [11.39377824706965, 44.476188532196666], [11.393787765241896, 44.476184936547156], [11.394989788657902, 44.47573085200337]]], ""type"": ""MultiLineString""}";317
2276;2023;76.0;Pedonale-Ciclabile;promiscuo ciclopedonale;44.50298167985477, 11.37633687470905;"{""coordinates"": [[[11.376545071538652, 44.50328872610911], [11.37612867787945, 44.50267463360042]]], ""type"": ""MultiLineString""}";322
2278;;475.0;Itinerario ciclabile;corsia ciclabile su strada;44.50256286714033, 11.29106868954345;"{""coordinates"": [[[11.291595003979292, 44.5046180010262], [11.291595003608704, 44.504618000375764], [11.291279755806713, 44.50406469487126], [11.291170284707249, 44.503860613948], [11.29109142004618, 44.50368218626024], [11.291025957878082, 44.50347954032004], [11.290982242294032, 44.50324814119259], [11.290975684085973, 44.503016026251565], [11.290986423994983, 44.502487522390396], [11.290994392510816, 44.50202196140684], [11.291011678844892, 44.50138159540935], [11.291011406893515, 44.5011313177289], [11.290974807014047, 44.50092211284013], [11.29089911150004, 44.500637169753695], [11.29078633834882, 44.50044209090119]]], ""type"": ""MultiLineString""}";324
2219;Precedente 31/12/2021;236.0;Ciclabile;corsia ciclabile su strada;44.508677647071984, 11.356005895356201;"{""coordinates"": [[[11.3554666277315, 44.5077213427576], [11.355466628823933, 44.507721343356]], [[11.355466628520247, 44.50772134318965], [11.355466628823933, 44.507721343356]], [[11.355466628823933, 44.507721343356], [11.355466629406587, 44.507721343675165]], [[11.355466628823933, 44.507721343356], [11.355466629829671, 44.50772134390692]], [[11.355466629406587, 44.50772134367517], [11.35546662894333, 44.50772134342141], [11.3554675219351, 44.5077218325787], [11.3556026538765, 44.5077958541143], [11.3559745947796, 44.5086304847429], [11.3564980348181, 44.5096867219021]]], ""type"": ""MultiLineString""}";325
1396;Precedente 31/12/2021;63.0;Pedonale-Ciclabile;area pedonale;44.49259218186935, 11.347807147110167;"{""coordinates"": [[[11.3480725738943, 44.4923879737964], [11.3478921083493, 44.4925005352861], [11.3475604466093, 44.4928203950887]]], ""type"": ""MultiLineString""}";341
2222;Precedente 31/12/2021;47.0;Pedonale-Ciclabile;ciclabile contigua al pedonale;44.50722774086578, 11.283552278102507;"{""coordinates"": [[[11.2833951507487, 44.5073779835902], [11.2834522165444, 44.5073561163928], [11.2834919296893, 44.5073331696098], [11.2835386734225, 44.5072976752764], [11.2835682866655, 44.5072663175971], [11.2835959643897, 44.5072231433024], [11.2836096703513, 44.5071883477999], [11.283619288508, 44.5071450112554], [11.2836176841483, 44.5071029840014], [11.2836093578929, 44.5070621800095], [11.2835911094152, 44.507021484601]]], ""type"": ""MultiLineString""}";343
2226;;89.0;Pedonale-Ciclabile;promiscuo ciclopedonale;44.51311298085895, 11.317089505789093;"{""coordinates"": [[[11.316684816334586, 44.51301766273893], [11.317028892671718, 44.513004186129365], [11.31708176832114, 44.51301071067026], [11.317207675311794, 44.51305259908877], [11.317269101640571, 44.51307800832519], [11.317256178952295, 44.513093494077374], [11.317240425423023, 44.51311722050095], [11.317229899103264, 44.513136978697865], [11.317222454149674, 44.51315543161501], [11.317217214326888, 44.51317682921533], [11.317214601324542, 44.51319879428711], [11.3172143070643, 44.51321324037349], [11.317217097134474, 44.513239453033876], [11.317222695346137, 44.513262241735525], [11.317229848070742, 44.5132801464308], [11.317237850635555, 44.513295360035116], [11.317246328745975, 44.513309564975216], [11.317257157955476, 44.513325000620796], [11.317272311006489, 44.51334190563115], [11.317287331578832, 44.513356418844225], [11.31730189092315, 44.51336819538718], [11.317317134523448, 44.513379463167084], [11.317333741611318, 44.51339020803086], [11.317352710849079, 44.51340087773942]]], ""type"": ""MultiLineString""}";347
2225;Precedente 31/12/2021;108.0;Ciclabile;corsia ciclabile su strada;44.516986808396894, 11.3942805978993;"{""coordinates"": [[[11.3937348930834, 44.5167010306053], [11.3948263027152, 44.5172725861885]]], ""type"": ""MultiLineString""}";348
2208;Precedente 31/12/2021;823.0;Ciclabile;corsia preferenziale bus/bici;44.536563222479664, 11.355460993947018;"{""coordinates"": [[[11.3562691190206, 44.5401313111467], [11.3563993419672, 44.5389330038883], [11.3564258610228, 44.5387524855364], [11.3564935273469, 44.5383319787301], [11.3564741409297, 44.5382091273323], [11.3564101330922, 44.5380181880328], [11.3563257091929, 44.5378350712306], [11.3560730310727, 44.5373744438881], [11.3558882115068, 44.5370356431523], [11.3553888547278, 44.5362012304563], [11.355034403141, 44.5357037739661], [11.354900416736, 44.5355099828514], [11.3547783760467, 44.5353025381799], [11.3546698657975, 44.5350929925627], [11.3546163401959, 44.5349814391403], [11.3545231355711, 44.5347787379954], [11.3544621755659, 44.5345753662333], [11.3544000399898, 44.5343378501593], [11.3543458479836, 44.5339101580778], [11.3542638282699, 44.533554513504], [11.3540869668877, 44.5330570745303]]], ""type"": ""MultiLineString""}";351
2209;Precedente 31/12/2021;66.0;Itinerario ciclabile;corsia ciclabile su strada;44.493773336740766, 11.341386639460554;"{""coordinates"": [[[11.3409865718249, 44.4938386448817], [11.3415964963732, 44.4937448439512], [11.341680165686, 44.4937223756667], [11.3417779835093, 44.4936772825106]]], ""type"": ""MultiLineString""}";353
1193;Precedente 31/12/2021;300.0;Percorso naturalistico;sterrato;44.522730374760535, 11.335697460842756;"{""coordinates"": [[[11.3350670974384, 44.521432075634], [11.3351098143968, 44.5214974034747], [11.3352268835783, 44.5217245112533], [11.3353007006457, 44.5218730593979], [11.3353764107838, 44.5221451563381], [11.3354132571082, 44.5222944663772], [11.3354933449587, 44.5225223299048], [11.3355156463149, 44.5226167660386], [11.3355968558891, 44.5227960509048], [11.3356527103637, 44.5229582045215], [11.3358769584211, 44.5232448613131], [11.3359900854512, 44.5233749225482], [11.336202746716, 44.5235271842976], [11.3364917142074, 44.5237374347048], [11.3365912684442, 44.5238368712715]]], ""type"": ""MultiLineString""}";356
1197;Precedente 31/12/2021;71.0;Ciclabile;sede propria;44.507321589879766, 11.364227849911845;"{""coordinates"": [[[11.3638248010336, 44.507264747467], [11.3639221210871, 44.5072582117315], [11.3640295582518, 44.5072481116311], [11.3641566566262, 44.5072455039406], [11.3642987161575, 44.5073264840354], [11.3646105517357, 44.5074809246342]]], ""type"": ""MultiLineString""}";358
395;2022;135.0;Itinerario ciclabile;corsia ciclabile su strada;44.51956206217129, 11.322262444215577;"{""coordinates"": [[[11.3219850211652, 44.5201484094517], [11.3221073215682, 44.5198658657289], [11.3221990198176, 44.5196448370845], [11.3223276369197, 44.519366768799], [11.3224122675965, 44.5192424227153], [11.3224900883975, 44.5191564119043], [11.3226288092646, 44.5190368031925]]], ""type"": ""MultiLineString""}";364
397;2022;58.0;Itinerario ciclabile;corsia ciclabile su strada;44.51855662386852, 11.323483922699166;"{""coordinates"": [[[11.3231991705626, 44.5187182477189], [11.3234656993849, 44.5185719102549], [11.3236246368153, 44.5184769131849], [11.3237031039993, 44.5184237611454], [11.323723385001747, 44.518410023199216]], [[11.323723385762314, 44.51841002268403], [11.3237317821778, 44.5184043351198], [11.323741019775937, 44.51839807775525]], [[11.323741020707802, 44.51839807712402], [11.3237619415971, 44.5183839057313]]], ""type"": ""MultiLineString""}";366
1386;Precedente 31/12/2021;65.0;Ciclabile;corsia preferenziale bus/bici;44.48724492240118, 11.353050568992767;"{""coordinates"": [[[11.3528180430096, 44.487484457135], [11.3531792314519, 44.4871134594536], [11.35328066596, 44.4870030899845]]], ""type"": ""MultiLineString""}";367
1385;Precedente 31/12/2021;12.0;Ciclabile;corsia preferenziale bus/bici;44.486961108623646, 11.353323054712;"{""coordinates"": [[[11.35328066596, 44.4870030899845], [11.353365443464, 44.4869191272628]]], ""type"": ""MultiLineString""}";368
1388;Precedente 31/12/2021;72.0;Ciclabile;corsia preferenziale bus/bici;44.48829146904144, 11.35198720032395;"{""coordinates"": [[[11.3517132568544, 44.4885493286494], [11.3522611437935, 44.4880336094335]]], ""type"": ""MultiLineString""}";369
2210;Precedente 31/12/2021;122.0;Itinerario ciclabile;corsia ciclabile su strada;44.501136144608274, 11.336587063216365;"{""coordinates"": [[[11.335929666872, 44.5014096974392], [11.3362868298382, 44.5012904025487], [11.3365475229432, 44.5011625407166], [11.3368509478008, 44.5010137187978], [11.3372311062669, 44.5008297629718]]], ""type"": ""MultiLineString""}";373
2214;Precedente 31/12/2021;536.0;Ciclabile;sede propria;44.469207427551325, 11.393961232153483;"{""coordinates"": [[[11.392230760035947, 44.4700685852579], [11.392171880259042, 44.469986271935795], [11.392630300530822, 44.469802343171246], [11.392723287798482, 44.46974542137623], [11.39281973116278, 44.469642888998614], [11.392876765588946, 44.469467615886735], [11.392941035549, 44.4692234268264], [11.3930143480921, 44.4689411153616], [11.3931084013843, 44.4687798421639], [11.3930738024644, 44.4686552248608], [11.3932612215411, 44.4686325859874], [11.3933794681674, 44.4685467458643], [11.3935295035282, 44.468593086211], [11.3936736416372, 44.4686243625148], [11.3944813258248, 44.4687147898863], [11.3948026857353, 44.4686858724285], [11.3949635501265, 44.4686107115914], [11.3951770312488, 44.4686597334565], [11.3951393728254, 44.4687742636963], [11.3949622263222, 44.4691001186097], [11.3948639563831, 44.4695458623566], [11.3948176603402, 44.4698388641316], [11.3948794026544, 44.4700577112318], [11.3949945980415, 44.470290704137], [11.3951340644908, 44.4704701168568]]], ""type"": ""MultiLineString""}";377
1180;Precedente 31/12/2021;124.0;Percorso naturalistico;sterrato;44.51424030092792, 11.333634027743162;"{""coordinates"": [[[11.3333625093834, 44.5137147175201], [11.3337297027338, 44.5144270010149], [11.3339074385893, 44.5147648988254]]], ""type"": ""MultiLineString""}";380
1181;Precedente 31/12/2021;140.0;Pedonale-Ciclabile;promiscuo ciclopedonale;44.513916094286614, 11.332524060809343;"{""coordinates"": [[[11.332803499161585, 44.51385801290397], [11.332309447985, 44.5139979787593], [11.332192962806, 44.5140192102712], [11.3319731171011, 44.5140305625033], [11.3316736999187, 44.5140281212605]], [[11.332818160136258, 44.513854043974085], [11.3328114125647, 44.5138557710183], [11.3328109430664, 44.5138559040283], [11.332803498927495, 44.51385801297028]], [[11.332818160588124, 44.51385404385843], [11.332818159941851, 44.513854044023844]], [[11.3333625093834, 44.5137147175201], [11.332818160393725, 44.51385404390819]]], ""type"": ""MultiLineString""}";382
1184;Precedente 31/12/2021;89.0;Ciclabile;sede propria;44.51489521364325, 11.331690278271125;"{""coordinates"": [[[11.3321930785199, 44.5147124017393], [11.3319566736635, 44.5148138115744], [11.3316394944887, 44.5149155140252], [11.3312714959359, 44.5150298172641], [11.3311808066546, 44.5150600589315]]], ""type"": ""MultiLineString""}";383
1186;Precedente 31/12/2021;156.0;Ciclabile;sede propria;44.51606639715984, 11.32718200914885;"{""coordinates"": [[[11.3281467466797, 44.5159759851613], [11.3279136722379, 44.5160238979408], [11.3277557151037, 44.5160460913229], [11.3276112551479, 44.516060589012], [11.3274002499479, 44.5160805703711], [11.3272983527173, 44.5160941971935], [11.3271511495628, 44.5160980335787], [11.3270493414906, 44.5160861013218], [11.3269475329725, 44.5160741689568], [11.3268518184557, 44.5160703559612], [11.3267988363373, 44.5160697910136], [11.3266310990755, 44.5160781688737], [11.326316400224, 44.5160961483264], [11.3262783375614, 44.5160944534669], [11.3262123584256, 44.5160859094578]]], ""type"": ""MultiLineString""}";385
2003;Precedente 31/12/2021;87.0;Percorso naturalistico;pavimentato;44.5062226223646, 11.332644667842528;"{""coordinates"": [[[11.3326154916733, 44.5058314575983], [11.332642490395, 44.5059166705754], [11.3326709448101, 44.506044282366], [11.3326603967274, 44.5061597282247], [11.3326499222833, 44.5062585365677], [11.332635741854, 44.5063448171133], [11.3326196903507, 44.5064242490195], [11.3326154776408, 44.5064793663376], [11.3326253564547, 44.5065261657547], [11.3326511026554, 44.5065692021575], [11.3326780935141, 44.5066030480667]]], ""type"": ""MultiLineString""}";392
2242;2022;838.0;Itinerario ciclabile;promiscuo veicolare;44.53958939288285, 11.258760269546553;"{""coordinates"": [[[11.2610323949854, 44.5429831353111], [11.260967014054, 44.5429279698159], [11.2608741089143, 44.5428478503933], [11.2608304450755, 44.5428024877162], [11.2605600374592, 44.5425215502338], [11.2603785337536, 44.5423286175763], [11.2602704959131, 44.5421823400225], [11.2602358322923, 44.542102009093], [11.2600813397939, 44.5416608587823], [11.2599067703163, 44.5413611080768], [11.2597208425909, 44.5410624745608], [11.259670393697, 44.5409345861616], [11.2596124007946, 44.540550120586], [11.2594916841524, 44.5402430928467], [11.2593025066146, 44.5398984929824], [11.2588467319387, 44.5393357686111], [11.2584268455459, 44.5388759297218], [11.2580354281148, 44.538445379415], [11.2577797955359, 44.5381444415255], [11.2575337824127, 44.5378521832426], [11.2572479985915, 44.5374863021569], [11.2570145933158, 44.5371797001554], [11.2566749340463, 44.5368023548246], [11.2562085944062, 44.5363575340431]]], ""type"": ""MultiLineString""}";393
2241;2022;158.0;Itinerario ciclabile;corsia ciclabile su strada;44.49065312542746, 11.341423831373962;"{""coordinates"": [[[11.3417522112962, 44.4913243284896], [11.341725738881435, 44.491234799783605], [11.341725720946378, 44.49123473912792], [11.3417253721174, 44.4912335594015], [11.341723641414468, 44.49122929199448], [11.341723519534552, 44.491228991474266], [11.3416264892777, 44.4909897432523], [11.341359452777, 44.4905378582953], [11.341324290952121, 44.49047457773], [11.341324121063703, 44.49047427198264], [11.341081781087977, 44.49003813390648], [11.341081645638107, 44.49003789013801], [11.341059427721, 44.4899979046606]]], ""type"": ""MultiLineString""}";395
2244;2022;143.0;Itinerario ciclabile;corsia ciclabile su strada;44.45343286715033, 11.365882045934667;"{""coordinates"": [[[11.3652948839399, 44.4529448876926], [11.3654431270405, 44.4530568887638], [11.3655670467116, 44.4531587414436], [11.3657131729321, 44.4532899716679], [11.365831302669127, 44.45339039778538]], [[11.365831304205097, 44.45339039909116], [11.36583637216453, 44.45339470753628]], [[11.365836373083987, 44.45339470831795], [11.3658427359167, 44.453400117579], [11.3659334111722, 44.4534772037057], [11.366107111171, 44.4536249110871], [11.3663304596371, 44.4538163490821], [11.3664665260558, 44.4539243501496]]], ""type"": ""MultiLineString""}";397
2245;2022;40.0;Itinerario ciclabile;corsia ciclabile su strada;44.5410870831779, 11.356463029119432;"{""coordinates"": [[[11.3562186628882, 44.5410506136784], [11.3563553329358, 44.5410803726389], [11.3567093246105, 44.5411107927579]]], ""type"": ""MultiLineString""}";402
1122;Precedente 31/12/2021;135.0;Pedonale-Ciclabile;ciclabile contigua al pedonale;44.502555864127125, 11.359311213071287;"{""coordinates"": [[[11.3586180903373, 44.5022093522122], [11.3586680346768, 44.50222859386], [11.3600021743644, 44.5029072272166]]], ""type"": ""MultiLineString""}";419
1123;Precedente 31/12/2021;111.0;Pedonale-Ciclabile;ciclabile contigua al pedonale;44.50319716516195, 11.36056659525805;"{""coordinates"": [[[11.3600021743644, 44.5029072272166], [11.3611310161517, 44.5034871031073]]], ""type"": ""MultiLineString""}";420
801;Precedente 31/12/2021;251.0;Ciclabile;sede propria;44.503610544941985, 11.29132871781812;"{""coordinates"": [[[11.2915950039793, 44.5046180010262], [11.2915950068414, 44.504617999407415], [11.2916941343488, 44.5045619334812], [11.2917287412057, 44.5045144092281], [11.2917187602716, 44.5044417532963], [11.2916117497957, 44.5043033718285], [11.291557565053, 44.5042159770099], [11.2915114244419, 44.5041492369597], [11.2913942282023, 44.5039329742804], [11.2913094050518, 44.5038045365069], [11.2912626781833, 44.5037221843492], [11.2912055758796, 44.5035567595818], [11.2911720302873, 44.5034377102473], [11.2911039134838, 44.5031789539639], [11.2911356670346, 44.5028768257941], [11.2911637359777, 44.5024811988006]]], ""type"": ""MultiLineString""}";422
2090;Precedente 31/12/2021;446.0;Ciclabile;corsia ciclabile su strada;44.507577970634536, 11.416020654749037;"{""coordinates"": [[[11.4133536837683, 44.5074485936388], [11.4137051508743, 44.5074873390951], [11.4140079340689, 44.5075246229785], [11.4146986921369, 44.5076111772356], [11.4151978137505, 44.5076630401272], [11.4164891489836, 44.5077262142469], [11.4169105193487, 44.5077144729587], [11.4172938327651, 44.5076736277829], [11.4175400528858, 44.5076356963433], [11.4178370714302, 44.5075713747976], [11.4180140905372, 44.5075289435618], [11.4180992455337, 44.5074728158839], [11.4181271077349, 44.5074049712333], [11.4181451562634, 44.5072748214145], [11.4181953018024, 44.5071721690779], [11.4182179117852, 44.5070695734074], [11.4184132852014, 44.5070527817269]]], ""type"": ""MultiLineString""}";431
2095;2023;504.0;Itinerario ciclabile;promiscuo veicolare;44.501897741275855, 11.272887983390568;"{""coordinates"": [[[11.271406341847928, 44.50218818201866], [11.27128468034, 44.5022011046997], [11.2711632441671, 44.5022256370357], [11.2708648121364, 44.502307215278], [11.270320464278, 44.5024723681788]], [[11.271406341847928, 44.50218818201866], [11.271284680339969, 44.502201104699665], [11.27116324416706, 44.50222563703567], [11.270864812136432, 44.502307215277966], [11.270320464278031, 44.50247236817878]], [[11.272162387750441, 44.502128312294666], [11.2720469829048, 44.5021345680864], [11.2717725830347, 44.502159271246], [11.2715937789945, 44.5021693905327], [11.2714326793182, 44.5021853844968], [11.271406341847928, 44.50218818201866]], [[11.272162387750441, 44.502128312294666], [11.272046982904818, 44.50213456808644], [11.27177258303474, 44.502159271246015], [11.271593778994491, 44.50216939053275], [11.271432679318213, 44.502185384496805], [11.271406341847928, 44.50218818201866]], [[11.27371824323423, 44.50200921024842], [11.273700301608638, 44.502010543765245], [11.27250019763883, 44.50209974186115], [11.27223889947969, 44.50212416479597], [11.272162387750441, 44.502128312294666]], [[11.27371824323423, 44.50200921024842], [11.2737105995505, 44.5020097783676], [11.273700301608644, 44.50201054376529], [11.2725001976388, 44.5020997418612], [11.2722388994797, 44.502124164796], [11.272162387750441, 44.502128312294666]], [[11.274377539998401, 44.50179318292194], [11.2743398971988, 44.5018242633074], [11.27413345607, 44.5019236928838], [11.2740279326908, 44.5019560881387], [11.273719315502905, 44.502009130452116], [11.273719315223362, 44.50200913050016], [11.2737193144819, 44.5020091306276], [11.27371824323423, 44.50200921024842]], [[11.274377539998401, 44.50179318292194], [11.274339897198825, 44.50182426330739], [11.274133456069983, 44.501923692883835], [11.274027932690812, 44.50195608813872], [11.273719315502907, 44.50200913045212], [11.273719315223362, 44.50200913050017], [11.27371931448189, 44.502009130627606], [11.27371824323423, 44.50200921024842]], [[11.274489121162317, 44.50042443029956], [11.274365348882165, 44.50050364385696], [11.27431726845314, 44.5005725454037], [11.274322565015192, 44.50070925070441], [11.274442460279984, 44.50086857418798], [11.27459937258345, 44.501099103668544], [11.274652890166058, 44.5013028964078], [11.274610724057087, 44.50151532994139], [11.274497690644791, 44.501693978600166], [11.274377539998401, 44.50179318292194]], [[11.27444246028, 44.500868574188], [11.2745993725835, 44.5010991036685], [11.2746528901661, 44.5013028964078], [11.2746107240571, 44.5015153299414], [11.2744976906448, 44.5016939786002], [11.274377539998401, 44.50179318292194]]], ""type"": ""MultiLineString""}";435
2051;Precedente 31/12/2021;78.0;Pedonale-Ciclabile;ciclabile contigua al pedonale;44.50980056032677, 11.355938435799489;"{""coordinates"": [[[11.355458996534, 44.5098757727425], [11.3561796540772, 44.5097656747476], [11.3562913617369, 44.5097436428674], [11.356400471564852, 44.50971324412487]], [[11.356400471106559, 44.509713244252545], [11.3564078972454, 44.5097111752796], [11.3564145505824, 44.5097093216145]]], ""type"": ""MultiLineString""}";451
2291;2024;134.0;Pedonale-Ciclabile;promiscuo ciclopedonale;44.514308862666844, 11.316810821036626;"{""coordinates"": [[[11.316107135578063, 44.51465370525872], [11.316585485805723, 44.5143516335591], [11.316765389727498, 44.51426934567704], [11.317002775342894, 44.514207682057936], [11.317564475076518, 44.51408726226257]]], ""type"": ""MultiLineString""}";455
2293;2024;211.0;Ciclabile;corsia preferenziale bus/bici;44.47729138346035, 11.367665310824105;"{""coordinates"": [[[11.36840769502397, 44.47805774495306], [11.368407959320947, 44.477870385277214], [11.368286881454573, 44.47771818118871], [11.367963799414571, 44.47742148493555], [11.367756997229568, 44.477273776610204], [11.367532375467757, 44.477147136271995], [11.366874488671328, 44.47681520663784], [11.366718866945956, 44.47668280613001]]], ""type"": ""MultiLineString""}";457
2296;2024;121.0;Itinerario ciclabile;corsia ciclabile su strada;44.50173613713839, 11.365169408972504;"{""coordinates"": [[[11.364702919387824, 44.501902621393874], [11.36485281284326, 44.50184615092078], [11.364902226386205, 44.50182108048755], [11.36505038213435, 44.50166775390463], [11.365145970561308, 44.501600723305195], [11.365198315023017, 44.50157902908427], [11.365314821984441, 44.50157371768872], [11.365367547645462, 44.50158752095876], [11.365445969577067, 44.50162638277163], [11.3654734762791, 44.50165265206896], [11.365465761744229, 44.501702539892335], [11.365209182747739, 44.50196532990099]]], ""type"": ""MultiLineString""}";461
1724;Precedente 31/12/2021;134.0;Pedonale-Ciclabile;area pedonale;44.50346302520346, 11.344367889034089;"{""coordinates"": [[[11.3443677306223, 44.5040215782445], [11.3445221858941, 44.5038381994309], [11.3444145524596, 44.5034915970181], [11.3441561564797, 44.5028780658486]]], ""type"": ""MultiLineString""}";463
2080;Precedente 31/12/2021;827.0;Itinerario ciclabile;promiscuo veicolare;44.545274625019594, 11.356338672338692;"{""coordinates"": [[[11.3571451221747, 44.5489296190445], [11.3569581705096, 44.5484023645355], [11.3567695336564, 44.5478704991735], [11.3566157826491, 44.5473230374858], [11.3564612070333, 44.5464771944106], [11.3564183594821, 44.5462548831523], [11.3562865969177, 44.5455999075671], [11.3560393790874, 44.5443802413905], [11.3559521902425, 44.5438561920411], [11.3559496010279, 44.5435156879423], [11.3559693199847, 44.5432615409563], [11.3560457266738, 44.5425804413734], [11.3560942238068, 44.5421406107009], [11.3561588421536, 44.5415545140515]]], ""type"": ""MultiLineString""}";468
1965;Precedente 31/12/2021;107.0;Pedonale-Ciclabile;ciclabile contigua al pedonale;44.51059898568632, 11.35755141363654;"{""coordinates"": [[[11.3568800629233, 44.5106317929371], [11.35688006354837, 44.510631792918154], [11.356880063967742, 44.51063179290544], [11.356880064030346, 44.510631792903546], [11.356880064280096, 44.51063179289598], [11.356880064546068, 44.510631792887914], [11.3568807641001, 44.5106317716847], [11.3570419437712, 44.510626886284], [11.3571278041503, 44.5106280398076], [11.3582224048755, 44.5105565100395]]], ""type"": ""MultiLineString""}";469
1967;Precedente 31/12/2021;90.0;Pedonale-Ciclabile;promiscuo ciclopedonale;44.4846504072266, 11.385383782316607;"{""coordinates"": [[[11.3856480001923, 44.4850133797914], [11.3854321581449, 44.4846959649795], [11.385262546434, 44.4844855546768], [11.3850954413611, 44.4843065503001]]], ""type"": ""MultiLineString""}";470
1969;Precedente 31/12/2021;97.0;Pedonale-Ciclabile;ciclabile contigua al pedonale;44.4993569408014, 11.331565440835275;"{""coordinates"": [[[11.3316448673605, 44.4997899142662], [11.3315795096302, 44.4994349471949], [11.3314864095429, 44.4989238949504]]], ""type"": ""MultiLineString""}";472
744;Precedente 31/12/2021;261.0;Pedonale-Ciclabile;corsia ciclabile su strada;44.50203125257267, 11.27694278539423;"{""coordinates"": [[[11.2757149633478, 44.5012505971491], [11.2762920393536, 44.5016172307833], [11.2767819371933, 44.5019297163024], [11.277540075505, 44.502411529239], [11.2781715668412, 44.5028103948718]]], ""type"": ""MultiLineString""}";482
747;Precedente 31/12/2021;260.0;Pedonale-Ciclabile;ciclabile contigua al pedonale;44.50528883105129, 11.279744670572352;"{""coordinates"": [[[11.2812038027243, 44.504863896841], [11.2785966267601, 44.5056575846366], [11.2784150908194, 44.5053675209171]]], ""type"": ""MultiLineString""}";484
1712;Precedente 31/12/2021;101.0;Pedonale-Ciclabile;ciclabile contigua al pedonale;44.48553926332768, 11.3483293451517;"{""coordinates"": [[[11.3481010431714, 44.4853911487745], [11.348091480412501, 44.48540235369536], [11.348091479513085, 44.48540235474923], [11.348084325869102, 44.48541073685063], [11.3480804492227, 44.485415279213], [11.3480268703094, 44.4854780589494], [11.3480259477892, 44.4855669071061], [11.348074140738, 44.4856133599032], [11.3481499853449, 44.4856506736541], [11.3482275687266, 44.4856617721545], [11.348296364981, 44.4856554057206], [11.3483645393816, 44.4856301107439], [11.3484315635696, 44.4855811801087], [11.3484805866586, 44.4855012672077], [11.3486594630254, 44.4854783766548], [11.3486687247524, 44.4853437907616], [11.348669003524806, 44.48533973980748], [11.3486694820535, 44.4853327861143]]], ""type"": ""MultiLineString""}";495
1714;Precedente 31/12/2021;107.0;Pedonale-Ciclabile;ciclabile contigua al pedonale;44.48854926598648, 11.388750127666448;"{""coordinates"": [[[11.3893589428681, 44.4883446474996], [11.3892385549272, 44.4883955318298], [11.3882809667138, 44.4886964377483], [11.3881420110603, 44.4887557212801]]], ""type"": ""MultiLineString""}";499
1955;Precedente 31/12/2021;413.0;Ciclabile;sede propria;44.50421412050117, 11.33216817732007;"{""coordinates"": [[[11.3332985422479, 44.5025619028314], [11.333247226250863, 44.50259042301149], [11.333247225300019, 44.50259042353995], [11.3332348591929, 44.5025972963208], [11.333233054658466, 44.50259829923705], [11.3331815733537, 44.5026269112912], [11.3325382776537, 44.5036159687631], [11.3317879703502, 44.5048231407645], [11.3310814734501, 44.5059126671031]]], ""type"": ""MultiLineString""}";503
1954;Precedente 31/12/2021;74.0;Pedonale-Ciclabile;promiscuo ciclopedonale;44.520933604924195, 11.32038599136245;"{""coordinates"": [[[11.3199877570315, 44.5211092210213], [11.3207842256934, 44.5207579888271]]], ""type"": ""MultiLineString""}";504
1718;Precedente 31/12/2021;328.0;Ciclabile;sede propria;44.5098559956157, 11.386516962207692;"{""coordinates"": [[[11.3859764303872, 44.5110766809634], [11.3860096461241, 44.5109172420651], [11.3860617346044, 44.5108142737489], [11.3861403928803, 44.5107131229581], [11.3863325432592, 44.5105527499803], [11.3864327020959, 44.5104914349884], [11.3867351153299, 44.5103548411913], [11.3868056688879, 44.5103038225865], [11.3869230725695, 44.5101732537563], [11.3869530810898, 44.5100974132144], [11.3869598572688, 44.5099800046069], [11.3869414718273, 44.5098951000691], [11.3868790017819, 44.5097850488345], [11.3863992227548, 44.5089388716834], [11.3861573241593, 44.5085103918966]]], ""type"": ""MultiLineString""}";505
2076;Precedente 31/12/2021;1111.0;Itinerario ciclabile;corsia ciclabile su strada;44.525311694760575, 11.252254774709785;"{""coordinates"": [[[11.245916385699, 44.5274133442432], [11.2467584896276, 44.5271227674643], [11.2471019493749, 44.5270079398303], [11.2483376571696, 44.526604448478], [11.249559589873238, 44.52620210606227], [11.2495620597137, 44.5262012928247], [11.249577692652004, 44.52619614541017], [11.249577693973485, 44.526196144975046], [11.2507617129985, 44.5258062862918], [11.2523207942048, 44.5252973823635], [11.2545065873553, 44.5245780442948], [11.25551243619, 44.5242400817303], [11.2578185416565, 44.5234617718097], [11.2581102948669, 44.5233561289164], [11.2585103324562, 44.5232041905974], [11.2585839770193, 44.5231840528196]]], ""type"": ""MultiLineString""}";513
730;Precedente 31/12/2021;32.0;Ciclabile;sede propria;44.5159674469929, 11.28348105376785;"{""coordinates"": [[[11.2836191784109, 44.5158622038751], [11.2833429291248, 44.5160726901107]]], ""type"": ""MultiLineString""}";515
731;Precedente 31/12/2021;100.0;Ciclabile;sede propria;44.515546050741754, 11.284069661787344;"{""coordinates"": [[[11.28452096485, 44.5152310786046], [11.2843926972407, 44.5153190855858], [11.2843627173493, 44.5153401448324], [11.2836191784109, 44.5158622038751]]], ""type"": ""MultiLineString""}";517
733;Precedente 31/12/2021;22.0;Ciclabile;sede propria;44.515119620224155, 11.28493042945869;"{""coordinates"": [[[11.2850094157013, 44.515037059963], [11.284952926037718, 44.51510798348186], [11.284952925545415, 44.515107984099956], [11.2849503050483, 44.5151112741687], [11.2849446747698, 44.5151154255845], [11.284941367782556, 44.5151178639504], [11.2848412974313, 44.515191649579]]], ""type"": ""MultiLineString""}";519
976;Precedente 31/12/2021;146.0;Pedonale-Ciclabile;promiscuo ciclopedonale;44.51007837638225, 11.383456146446973;"{""coordinates"": [[[11.3840363060602, 44.5095680862246], [11.3839593449418, 44.5096528896376], [11.3837953768847, 44.50978716388], [11.3833973391621, 44.5101357197237], [11.3830697010781, 44.5104037003324], [11.3828641480933, 44.5105761148182]]], ""type"": ""MultiLineString""}";524
1506;Precedente 31/12/2021;40.0;Pedonale-Ciclabile;promiscuo ciclopedonale;44.51452143826221, 11.283524100968961;"{""coordinates"": [[[11.2837493796017, 44.514446533686], [11.2837115980426, 44.514451457518], [11.2833007204377, 44.5146040141911]]], ""type"": ""MultiLineString""}";525
978;Precedente 31/12/2021;570.0;Ciclabile;corsia ciclabile su strada;44.491555774644226, 11.360601470519363;"{""coordinates"": [[[11.3639409089364, 44.4906223372958], [11.3615015044793, 44.4913048429928], [11.3592631240904, 44.4919345397784], [11.3572591125226, 44.4924786160295]]], ""type"": ""MultiLineString""}";527
977;Precedente 31/12/2021;329.0;Ciclabile;sede propria;44.508759064145, 11.385787265443817;"{""coordinates"": [[[11.3876243432508, 44.5081870303029], [11.3874745546083, 44.5082197478357], [11.3872178863469, 44.5082616355743], [11.3869445249505, 44.5083125875552], [11.3864614792851, 44.5084219124023], [11.3862153325078, 44.5084827783444], [11.386095693043, 44.5085375591242], [11.3854057402929, 44.5088936984203], [11.385300419772, 44.5089412299729], [11.3851997563998, 44.5089834330596], [11.385077313168, 44.5090295766873], [11.384854561175, 44.5091266397629], [11.3847445805632, 44.5091795040909], [11.3844413584745, 44.509335802836], [11.3842549960149, 44.5094286303879], [11.384164214399, 44.5094741230565], [11.3840363060602, 44.5095680862246]]], ""type"": ""MultiLineString""}";528
1745;Precedente 31/12/2021;246.0;Ciclabile;corsia ciclabile su strada;44.50150984563942, 11.333773907664023;"{""coordinates"": [[[11.3332985422479, 44.5025619028314], [11.3333786485379, 44.5021366083382], [11.3335602392397, 44.5018745383386], [11.3339657591945, 44.5011691849286], [11.3343383718762, 44.5004858156312]]], ""type"": ""MultiLineString""}";532
1987;Precedente 31/12/2021;252.0;Ciclabile;sede propria;44.51577867182656, 11.392373722616538;"{""coordinates"": [[[11.3909770360401, 44.5153044604728], [11.3922263739568, 44.5159284472902], [11.3924905001219, 44.515971967302], [11.3927108308348, 44.5159652128929], [11.3928938466989, 44.5159208464636], [11.3931069976267, 44.5158843796855], [11.3933938179571, 44.5158996922052], [11.3936498043655, 44.5158900548414], [11.3938437074959, 44.5158571755198]]], ""type"": ""MultiLineString""}";535
760;Precedente 31/12/2021;107.0;Pedonale-Ciclabile;promiscuo ciclopedonale;44.51484395825043, 11.284129822477253;"{""coordinates"": [[[11.2837493796017, 44.514446533686], [11.2837839741, 44.514462867905], [11.2841747172453, 44.5148930631499], [11.2843338520348, 44.5150888538644], [11.28452096485, 44.5152310786046]]], ""type"": ""MultiLineString""}";537
768;Precedente 31/12/2021;63.0;Ciclabile;sede propria;44.51478727959973, 11.284812926623182;"{""coordinates"": [[[11.2850094157013, 44.515037059963], [11.2849714203218, 44.5149711648634], [11.2849192848316, 44.5148833360872], [11.2848176083578, 44.5147742949548], [11.2845834875178, 44.5145648227891]]], ""type"": ""MultiLineString""}";547
1751;Precedente 31/12/2021;362.0;Ciclabile;corsia preferenziale bus/bici;44.49861604834418, 11.328989410112396;"{""coordinates"": [[[11.3310196950157, 44.4978872043148], [11.331003522041273, 44.49789305751831], [11.3295480367078, 44.4984198160252], [11.3277150205123, 44.4990603125491], [11.32757435576142, 44.49911274717536], [11.32757340823494, 44.49911310037825], [11.3275734022766, 44.4991131025993], [11.327555707354085, 44.499120755038625], [11.3275547667001, 44.4991211618388], [11.3269706957062, 44.4993737522552]]], ""type"": ""MultiLineString""}";548
1997;Precedente 31/12/2021;404.0;Ciclabile;corsia ciclabile su strada;44.52672960061562, 11.282739868163551;"{""coordinates"": [[[11.280351554159, 44.5273490728141], [11.2805380578904, 44.5273142064042], [11.2806050007037, 44.5273043698215], [11.2813143463846, 44.527114550173], [11.2817059517874, 44.5270019035937], [11.2825367533109, 44.5267784876145], [11.2832070714081, 44.5266035948839], [11.2843280143908, 44.5263063706893], [11.284955353395, 44.5261464902098], [11.2851280190739, 44.5261062114111]]], ""type"": ""MultiLineString""}";552
513;Precedente 31/12/2021;73.0;Itinerario ciclabile;promiscuo veicolare;44.51148291478621, 11.283545337688498;"{""coordinates"": [[[11.2833589844881, 44.5111843844108], [11.2837316908889, 44.5117814451616]]], ""type"": ""MultiLineString""}";561
752;Precedente 31/12/2021;146.0;Pedonale-Ciclabile;ciclabile contigua al pedonale;44.5048720015788, 11.290748953180254;"{""coordinates"": [[[11.2899029023812, 44.5051260021314], [11.289904070090936, 44.505125651562714], [11.2899096295417, 44.5051239825098], [11.289946262388016, 44.50511298463211], [11.289946263222271, 44.505112984381654], [11.291594856805446, 44.50461804521059], [11.2915950039793, 44.5046180010262]]], ""type"": ""MultiLineString""}";562
751;Precedente 31/12/2021;544.0;Pedonale-Ciclabile;ciclabile contigua al pedonale;44.50607354043124, 11.286746944904623;"{""coordinates"": [[[11.2835911091638, 44.5070214846062], [11.2893663657802, 44.5052866859722], [11.2899029023812, 44.5051260021314]]], ""type"": ""MultiLineString""}";563
990;Precedente 31/12/2021;141.0;Pedonale-Ciclabile;promiscuo ciclopedonale;44.487316729161435, 11.37557704576224;"{""coordinates"": [[[11.375713002839, 44.4867025159812], [11.3755808550986, 44.4870793763442], [11.3755087531182, 44.4872795743684], [11.3754947589718, 44.4873621395342], [11.3755146754442, 44.4874253713112], [11.375552089884, 44.4875456757843], [11.375577473977, 44.4876367360518], [11.3755736831998, 44.4877035662438], [11.3755542985323, 44.4878669672868], [11.3755730715184, 44.4879426018515]]], ""type"": ""MultiLineString""}";564
515;Precedente 31/12/2021;78.0;Itinerario ciclabile;promiscuo veicolare;44.51064406961236, 11.283012801273049;"{""coordinates"": [[[11.2828091910824, 44.5103247408946], [11.2832164114637, 44.5109633983301]]], ""type"": ""MultiLineString""}";566
754;Precedente 31/12/2021;74.0;Percorso naturalistico;pavimentato;44.504941091343554, 11.291525413553657;"{""coordinates"": [[[11.2915950039793, 44.5046180010262], [11.291595003876862, 44.504618001237], [11.291579647106007, 44.50464960300021], [11.2915764664351, 44.5046561483091], [11.2915056981167, 44.5048017781202], [11.2914973584695, 44.5048787060901], [11.2914941594378, 44.5049525118497], [11.2915014390491, 44.505017083983], [11.2915164346036, 44.5051424158885], [11.2915750716081, 44.5052679293491]]], ""type"": ""MultiLineString""}";567
992;Precedente 31/12/2021;115.0;Pedonale-Ciclabile;ciclabile contigua al pedonale;44.48665340028162, 11.37660710935869;"{""coordinates"": [[[11.3759021311197, 44.4867141001336], [11.3762512760365, 44.4867145891782], [11.3763290231024, 44.4867067602918], [11.3764787547661, 44.4866678996699], [11.3770089831133, 44.4865871199598], [11.3771211107022, 44.4865804922531], [11.377183243152, 44.4865974351301], [11.3772141488597, 44.4866203927076], [11.377288810175923, 44.48661182418609], [11.3772965084845, 44.4866109406881], [11.3773036605976, 44.4866101198743]]], ""type"": ""MultiLineString""}";569
991;Precedente 31/12/2021;15.0;Pedonale-Ciclabile;ciclabile contigua al pedonale;44.4867083080574, 11.37580756697935;"{""coordinates"": [[[11.3759021311197, 44.4867141001336], [11.375713002839, 44.4867025159812]]], ""type"": ""MultiLineString""}";572
993;Precedente 31/12/2021;260.0;Pedonale-Ciclabile;ciclabile contigua al pedonale;44.486355446425534, 11.3788995317639;"{""coordinates"": [[[11.3773036605976, 44.4866101198743], [11.377303661186074, 44.486610119782334], [11.377303661499045, 44.48661011973343], [11.377304217433, 44.486610032854], [11.3777857529833, 44.4865347790564], [11.3787085652661, 44.4863848865117], [11.3804954556286, 44.4861010815789]]], ""type"": ""MultiLineString""}";575
998;Precedente 31/12/2021;106.0;Ciclabile;corsia ciclabile su strada;44.482484626177, 11.39049345465525;"{""coordinates"": [[[11.3907621833691, 44.4829190956369], [11.3902247259414, 44.4820501567171]]], ""type"": ""MultiLineString""}";578
1742;Precedente 31/12/2021;149.0;Pedonale-Ciclabile;area pedonale;44.50180979722517, 11.335163208988547;"{""coordinates"": [[[11.335929666872, 44.5014096974392], [11.3354568209031, 44.5017057625903], [11.3353009169549, 44.5017970425612], [11.3349431679564, 44.5019707566663], [11.3348213549154, 44.5020026067182], [11.3347034408866, 44.5020180735509], [11.3346032304527, 44.5020201245069], [11.3344845474414, 44.5020160267011], [11.3343376296524, 44.5020098508653]]], ""type"": ""MultiLineString""}";579
1980;Precedente 31/12/2021;470.0;Ciclabile;sede propria;44.50032493514531, 11.324332910815428;"{""coordinates"": [[[11.3269706957062, 44.4993737522552], [11.326893597662014, 44.4994057139918], [11.326893597084208, 44.49940571423134], [11.3268856042223, 44.4994090277492], [11.326879505067843, 44.49941155621241], [11.3266025658489, 44.4995263640322], [11.3252992086485, 44.4999830177266], [11.3216889507157, 44.5012602307609]]], ""type"": ""MultiLineString""}";581
1982;Precedente 31/12/2021;325.0;Ciclabile;sede propria;44.51355074060166, 11.387826955194654;"{""coordinates"": [[[11.3893967733462, 44.5144758681412], [11.3891359319217, 44.5143350074613], [11.388589258477, 44.5140177171861], [11.3879419630961, 44.5136228329426], [11.3872231529483, 44.5131981224821], [11.3866847704431, 44.5128553619037], [11.3862784139212, 44.5125903359536]]], ""type"": ""MultiLineString""}";583
1983;Precedente 31/12/2021;194.0;Ciclabile;sede propria;44.512030835667034, 11.38534062224111;"{""coordinates"": [[[11.3862784139212, 44.5125903359536], [11.3861460972391, 44.5125158006775], [11.3854300912134, 44.5120845384808], [11.3850839188812, 44.5118777011797], [11.3844054489673, 44.5114668752009]]], ""type"": ""MultiLineString""}";586
1986;Precedente 31/12/2021;156.0;Ciclabile;sede propria;44.514894279052754, 11.390184662888165;"{""coordinates"": [[[11.3909770360401, 44.5153044604728], [11.3905811845407, 44.5150965837321], [11.3901222643702, 44.5148644334379], [11.3897392101075, 44.5146693660184], [11.3893967733462, 44.5144758681412]]], ""type"": ""MultiLineString""}";587
1922;Precedente 31/12/2021;308.0;Ciclabile;sede propria;44.500168741375106, 11.32855610848395;"{""coordinates"": [[[11.3269706957062, 44.4993737522552], [11.3301415212617, 44.500963730495]]], ""type"": ""MultiLineString""}";589
1921;Precedente 31/12/2021;265.0;Percorso naturalistico;sterrato;44.51654577629778, 11.294930952117822;"{""coordinates"": [[[11.2933831058123, 44.5169631654855], [11.2935668744218, 44.5169097897395], [11.2937343775817, 44.5168207809295], [11.293816869572, 44.5167706799759], [11.2944762648693, 44.5166444613615], [11.2950959529523, 44.5165111607344], [11.295335004301, 44.5164338184223], [11.2955512374601, 44.516348864837], [11.2957681012819, 44.5162800361063], [11.2960504761425, 44.5163026781661], [11.2961975260995, 44.5163199319734], [11.296326278167, 44.5163012495305], [11.2965067998411, 44.5163015546997]]], ""type"": ""MultiLineString""}";590
1925;Precedente 31/12/2021;387.0;Ciclabile;corsia preferenziale bus/bici;44.49427387392327, 11.330668540705188;"{""coordinates"": [[[11.3283212531848, 44.494723482814], [11.328318843600341, 44.494723888776846], [11.328318843275603, 44.49472388883156], [11.3283186759138, 44.4947239170284]], [[11.3330180514909, 44.4938217312031], [11.3327621525521, 44.4938683215026], [11.3318196658725, 44.4940550535284], [11.3307929127524, 44.4942495491717], [11.3307315070571, 44.4942649285613], [11.3294223437429, 44.4945130551533], [11.3288691800762, 44.4946150589666], [11.3284385017835, 44.4947037289624], [11.3283212524064, 44.4947234829451]]], ""type"": ""MultiLineString""}";594
1929;Precedente 31/12/2021;139.0;Ciclabile;sede propria;44.51766724606293, 11.331094502710094;"{""coordinates"": [[[11.3313858863842, 44.5170787569927], [11.3313214792333, 44.5171762847709], [11.3311240326732, 44.517631804707], [11.3310898445488, 44.5176977860067], [11.3309197987497, 44.5180002026647], [11.3308775581901, 44.5180711209664], [11.3308454454275, 44.51814288545], [11.33084870896, 44.518190709703], [11.3308761627827, 44.5182606287554]]], ""type"": ""MultiLineString""}";596
702;Precedente 31/12/2021;112.0;Ciclabile;sede propria;44.502874412687994, 11.260836716886567;"{""coordinates"": [[[11.2611359257009, 44.5033186146107], [11.2611038829998, 44.5033049050734], [11.2610739115164, 44.5032706476914], [11.2607219976209, 44.5026892176876], [11.2606269253991, 44.5025270910839], [11.2605898042158, 44.5024560712012], [11.2605790795075, 44.5024009229321]]], ""type"": ""MultiLineString""}";599
708;Precedente 31/12/2021;110.0;Pedonale-Ciclabile;promiscuo ciclopedonale;44.520208157702, 11.27159116521775;"{""coordinates"": [[[11.2718809183215, 44.5206577581693], [11.271301412114, 44.5197585572347]]], ""type"": ""MultiLineString""}";604
947;Precedente 31/12/2021;221.0;Pedonale-Ciclabile;ciclabile contigua al pedonale;44.515560472090314, 11.35928578529981;"{""coordinates"": [[[11.3597512373005, 44.5164847080178], [11.3597023564369, 44.5164003139268], [11.35962862539, 44.5162635720763], [11.3594925286356, 44.5159898441356], [11.3588228988433, 44.5146087701957]], [[11.359525996599166, 44.51605715739951], [11.359505536788857, 44.5160160071034]]], ""type"": ""MultiLineString""}";605
1931;Precedente 31/12/2021;37.0;Ciclabile;sede propria;44.53082997775989, 11.34578955267755;"{""coordinates"": [[[11.3457424171586, 44.5306657100116], [11.3458366881965, 44.5309942455082]]], ""type"": ""MultiLineString""}";609
1911;Precedente 31/12/2021;79.0;Ciclabile;sede propria;44.47591477627848, 11.395546102786447;"{""coordinates"": [[[11.3950752550709, 44.4758450507267], [11.3951623334024, 44.4759010233876], [11.3952692601856, 44.4759231391386], [11.3953881688936, 44.4759267637705], [11.3955662879232, 44.4759261244381], [11.3956722383695, 44.4759239355299], [11.395871425108, 44.4759198202528], [11.3960316134933, 44.4758952286011]]], ""type"": ""MultiLineString""}";611
1910;Precedente 31/12/2021;106.0;Ciclabile;sede propria;44.49234778731444, 11.365315121216899;"{""coordinates"": [[[11.3646800709736, 44.4922258956089], [11.3649409089719, 44.4922457082877], [11.365116369807, 44.4922780943143], [11.3654203269232, 44.4923674591472], [11.3659400557535, 44.4925219275995]]], ""type"": ""MultiLineString""}";612
1917;Precedente 31/12/2021;235.0;Ciclabile;sede propria;44.53350668936006, 11.267754882127646;"{""coordinates"": [[[11.2677086933187, 44.5338395609895], [11.2677896107945, 44.5338426251805], [11.2679251349369, 44.5338204257185], [11.2680295273439, 44.5337799108631], [11.2681060564763, 44.5337265759403], [11.2681425632722, 44.5336955519858], [11.2681986923284, 44.5336220414541], [11.268224854857, 44.5335331440703], [11.2682205364299, 44.5334473810032], [11.2681764506831, 44.5333520603697], [11.2681111980892, 44.5332833121932], [11.2680391964256, 44.5332344874084], [11.2679602804988, 44.533200774647], [11.2678518543991, 44.533177268782], [11.2677985136027, 44.5331721937295], [11.2676874020539, 44.5331709051638], [11.2675367932521, 44.5332096893452], [11.2673937220994, 44.5332912708139], [11.2673168228253, 44.5333772661419], [11.2672839855453, 44.5334652368949], [11.2672919045619, 44.5335738758931], [11.2673370390284, 44.5336603063618], [11.2674182730564, 44.5337488731851], [11.2675140506351, 44.5337970740823], [11.2676174239638, 44.5338336789808], [11.2677086933187, 44.5338395609895]]], ""type"": ""MultiLineString""}";614
934;Precedente 31/12/2021;220.0;Ciclabile;sede propria;44.50917178575429, 11.358539434733007;"{""coordinates"": [[[11.3577493928614, 44.5093702942678], [11.3578403373386, 44.509570165108], [11.3578915111465, 44.5096151378045], [11.357957249662, 44.5096277834113], [11.3580149650211, 44.5096032601897], [11.3580585162315, 44.5095510283606], [11.3581083964729, 44.5094939998247], [11.358137406813, 44.5094047342098], [11.3582789062743, 44.5093551530111], [11.3584951927269, 44.5094058223544], [11.3585756163317, 44.5092473999408], [11.3587500942375, 44.5090633797135], [11.359083478212, 44.5087193285726], [11.3591505986871, 44.5086410452683], [11.3593330705321, 44.5086550379208], [11.3593845132936, 44.5085761901237]]], ""type"": ""MultiLineString""}";619
938;Precedente 31/12/2021;87.0;Percorso naturalistico;pavimentato;44.5072581772093, 11.363281286023948;"{""coordinates"": [[[11.362737668627, 44.5072420151948], [11.3628213974859, 44.5072455652172], [11.3637201445725, 44.5072711876563], [11.3638248010336, 44.507264747467]]], ""type"": ""MultiLineString""}";620
1704;Precedente 31/12/2021;277.0;Percorso naturalistico;sterrato;44.46738154387236, 11.387829325904718;"{""coordinates"": [[[11.3873386750318, 44.4662972537727], [11.3872767050215, 44.4663418772299], [11.3872209189296, 44.4664043936314], [11.3872092930367, 44.466506918835], [11.3872165569723, 44.4665787501994], [11.3872500869751, 44.4666457459061], [11.3873382280356, 44.4667564645465], [11.3877772832101, 44.4672704695197], [11.3881621858855, 44.4677346363319], [11.388231546969, 44.467846266288], [11.3884310620444, 44.4685503534676]]], ""type"": ""MultiLineString""}";621
1708;Precedente 31/12/2021;109.0;Ciclabile;sede propria;44.51132678499792, 11.331077837439473;"{""coordinates"": [[[11.3305712392641, 44.5109951038758], [11.33073674391402, 44.51110346346073]], [[11.330736743437633, 44.51110346314883], [11.33074480670084, 44.511108742347055], [11.330744806253785, 44.51110874205436]], [[11.330744806046194, 44.51110874191844], [11.330744806908422, 44.51110874248296]], [[11.330744806253787, 44.511108742054354], [11.330745818017, 44.5111094044783], [11.3315844370902, 44.511658467086]]], ""type"": ""MultiLineString""}";625
1945;Precedente 31/12/2021;93.0;Pedonale-Ciclabile;ciclabile contigua al pedonale;44.506907146333226, 11.375396440915761;"{""coordinates"": [[[11.3749099254922, 44.5066768410889], [11.3752898953407, 44.506854784665], [11.3754855614409, 44.5069422138984], [11.375641508783, 44.5070220487951], [11.375876125021, 44.5071509680873]]], ""type"": ""MultiLineString""}";628
725;Precedente 31/12/2021;87.0;Pedonale-Ciclabile;ciclabile contigua al pedonale;44.5190183441346, 11.2768352285621;"{""coordinates"": [[[11.277327098623, 44.5188481909838], [11.2763433585012, 44.5191884972854]]], ""type"": ""MultiLineString""}";637
727;Precedente 31/12/2021;103.0;Ciclabile;sede propria;44.51800173211199, 11.279698736225052;"{""coordinates"": [[[11.2801675129474, 44.5180622415598], [11.2800240300304, 44.5178602611909], [11.279818740653, 44.5179389012891], [11.2796265020924, 44.5179978993439], [11.2792333798008, 44.5181334347968], [11.2791928413691, 44.518158002113], [11.2791774156849, 44.5181879999444]]], ""type"": ""MultiLineString""}";641
726;Precedente 31/12/2021;164.0;Pedonale-Ciclabile;ciclabile contigua al pedonale;44.5185180954641, 11.27825225715395;"{""coordinates"": [[[11.2791774156849, 44.5181879999444], [11.277327098623, 44.5188481909838]]], ""type"": ""MultiLineString""}";643
1952;Precedente 31/12/2021;177.0;Ciclabile;corsia preferenziale bus/bici;44.50625084826305, 11.358369198997;"{""coordinates"": [[[11.3590176768941, 44.5056054528288], [11.3577207210999, 44.5068962436973]]], ""type"": ""MultiLineString""}";650
1932;Precedente 31/12/2021;37.0;Ciclabile;sede propria;44.53116034596675, 11.3458703271458;"{""coordinates"": [[[11.3458366881965, 44.5309942455082], [11.3459039660951, 44.5313264464253]]], ""type"": ""MultiLineString""}";652
1937;Precedente 31/12/2021;95.0;Ciclabile;sede propria;44.522614316432154, 11.359286929880488;"{""coordinates"": [[[11.3589636775779, 44.522251333349], [11.3591067139655, 44.5224403406289], [11.3594412299124, 44.5227722351728], [11.3596268576599, 44.5229629955293]]], ""type"": ""MultiLineString""}";653
1328;2023;260.0;Ciclabile;sede propria;44.51394271628349, 11.268287041591659;"{""coordinates"": [[[11.266944808397174, 44.51369723503903], [11.267057385348943, 44.51368649392133], [11.2671642717414, 44.51371662847269], [11.267676639034857, 44.51405906769026], [11.267807297590176, 44.514060919530664], [11.267942702934258, 44.514064901528734], [11.268148989820235, 44.513972921671325], [11.268210779083113, 44.513962793928755], [11.268415640517265, 44.51415338629892], [11.268515880924141, 44.51417252788312], [11.268594671098663, 44.51415983702174], [11.269534752659922, 44.51370953279906], [11.269591838120734, 44.51369838548739], [11.269638191434607, 44.513717350308525]]], ""type"": ""MultiLineString""}";656
1327;Precedente 31/12/2021;29.0;Ciclabile;sede propria;44.4893591036781, 11.4101073409352;"{""coordinates"": [[[11.4102698586323, 44.4892993813406], [11.4099448232381, 44.4894188260156]]], ""type"": ""MultiLineString""}";657
952;Precedente 31/12/2021;152.0;Ciclabile;sede propria;44.5235435230734, 11.360138033857057;"{""coordinates"": [[[11.3606698540744, 44.5241052831133], [11.3602331586848, 44.5236621098465], [11.3597753629471, 44.523145051995], [11.3596268576599, 44.5229629955293]]], ""type"": ""MultiLineString""}";660
951;Precedente 31/12/2021;325.0;Ciclabile;sede propria;44.522183370836004, 11.36118825633495;"{""coordinates"": [[[11.3596268576599, 44.5229629955293], [11.359721809804, 44.5229009246189], [11.360151732948, 44.5227285400854], [11.3600905195934, 44.5226416186002], [11.361745393371, 44.5219434702214], [11.3621626469703, 44.5217674353666], [11.3624948912189, 44.5216121152248], [11.3625608733755, 44.5215675284286], [11.3626049585272, 44.5215129344027], [11.362700137621838, 44.52129023773518]], [[11.36270013756057, 44.52129023787853], [11.3627028153496, 44.5212839724828], [11.3627069089915, 44.5212743943247]]], ""type"": ""MultiLineString""}";662
1569;Precedente 31/12/2021;233.0;Ciclabile;sede propria;44.50900402898185, 11.353437404870714;"{""coordinates"": [[[11.3520014993553, 44.509218200822], [11.3526683794472, 44.5091056338426], [11.3542330173177, 44.5088877279653], [11.3548781549922, 44.5088265955132]]], ""type"": ""MultiLineString""}";665
718;Precedente 31/12/2021;176.0;Ciclabile;sede propria;44.51801511611599, 11.28020383072131;"{""coordinates"": [[[11.2807414051278, 44.5173223771353], [11.2802917849346, 44.5179028833273], [11.2796653331337, 44.5187071380394]]], ""type"": ""MultiLineString""}";666
953;Precedente 31/12/2021;50.0;Ciclabile;sede propria;44.52429141066949, 11.360843868177968;"{""coordinates"": [[[11.3610178822815, 44.5244775382257], [11.3608570877293, 44.5243055504589], [11.3606698540744, 44.5241052831133]]], ""type"": ""MultiLineString""}";667
959;Precedente 31/12/2021;169.0;Ciclabile;sede propria;44.52706597852833, 11.365468148228636;"{""coordinates"": [[[11.3664118850797, 44.5269519189549], [11.3662370734603, 44.5269174811735], [11.3661266176356, 44.5269087452496], [11.3660631313659, 44.5269179379084], [11.3659224807971, 44.5269791378088], [11.3657473926998, 44.5270599541867], [11.3655684778318, 44.5271550267564], [11.3654928111583, 44.5271896750696], [11.365359493761, 44.527214491412], [11.3652674054836, 44.5272242759069], [11.3651813438079, 44.5272197583063], [11.3650903716344, 44.5272027403878], [11.3650078176941, 44.5271760965924], [11.3649200345241, 44.527129082841], [11.3648208680127, 44.5270728535152], [11.364558827019, 44.5269097315026]]], ""type"": ""MultiLineString""}";672
581;Precedente 31/12/2021;34.0;Pedonale-Ciclabile;promiscuo ciclopedonale;44.49584396490851, 11.360677720747681;"{""coordinates"": [[[11.3604673867686, 44.4958203330853], [11.3606462663171, 44.4958408575529], [11.3608881362187, 44.4958668634165]]], ""type"": ""MultiLineString""}";673
580;Precedente 31/12/2021;42.0;Pedonale-Ciclabile;promiscuo ciclopedonale;44.49578684248375, 11.36020508130225;"{""coordinates"": [[[11.3604673867686, 44.4958203330853], [11.3599427758359, 44.4957533518822]]], ""type"": ""MultiLineString""}";674
1333;Precedente 31/12/2021;115.0;Ciclabile;sede propria;44.51221225757828, 11.389457066372369;"{""coordinates"": [[[11.3896893586853, 44.5127003722742], [11.3893152546838, 44.51191270472], [11.3892216500172, 44.5117256662909]]], ""type"": ""MultiLineString""}";677
1336;Precedente 31/12/2021;376.0;Ciclabile;sede propria;44.5161266465836, 11.39516223192835;"{""coordinates"": [[[11.3952855089807, 44.5152004289289], [11.3952232021305, 44.5152682641309], [11.3943664548237, 44.515560549813], [11.3942675724048, 44.5156112826514], [11.3942523147391, 44.5157402058918], [11.3942628091141, 44.5160034026761], [11.3942787801465, 44.5161958508477], [11.394335148571, 44.5162563584094], [11.3944098880797, 44.5163049132117], [11.3945146357229, 44.5163624773098], [11.3947075842202, 44.5164683133287], [11.3948008533155, 44.5165087676475], [11.3948766274778, 44.516516815982], [11.3954044400019, 44.5165095891706], [11.396621828138, 44.5164975130563], [11.3968346475596, 44.5164937636772]]], ""type"": ""MultiLineString""}";681
1575;Precedente 31/12/2021;120.0;Percorso naturalistico;sterrato;44.507974927172455, 11.3577274598964;"{""coordinates"": [[[11.3574263102648, 44.5075018927266], [11.3575140162069, 44.5075454070596], [11.3578362887074, 44.5081785133388], [11.3579799166117, 44.5084923725867]]], ""type"": ""MultiLineString""}";682
1326;Precedente 31/12/2021;188.0;Ciclabile;sede propria;44.47209340254313, 11.395713923741845;"{""coordinates"": [[[11.3949433382255, 44.4725497762269], [11.3949224731021, 44.4725072185685], [11.3949095989943, 44.4724383124562], [11.3949126316824, 44.4723872937609], [11.3949204569074, 44.4723288974058], [11.3949389867551, 44.4722848588595], [11.3949876298344, 44.4722329473143], [11.3950921520646, 44.4721835763558], [11.3951255074848, 44.4721699313949], [11.3953351161986, 44.4721045669924], [11.3955137891569, 44.4720691046543], [11.3955768500418, 44.4720530440397], [11.3956675342204, 44.4720389160347], [11.3957265190301, 44.4720501208649], [11.3959607312566, 44.4720517244898], [11.396161520505, 44.4720562441512], [11.396727622193, 44.4718110338362]]], ""type"": ""MultiLineString""}";698
1566;Precedente 31/12/2021;916.0;Ciclabile;sede propria;44.52636713089002, 11.326952260767763;"{""coordinates"": [[[11.3225277391552, 44.5258499941363], [11.3227097389391, 44.5260427926808], [11.3227902689354, 44.5261203866797], [11.3229158349626, 44.5262181844187], [11.3231376269034, 44.526322103273], [11.323473507033, 44.5264919751851], [11.3236253357482, 44.5266015523164], [11.3236860445724, 44.5266751478419], [11.3239011343339, 44.5269522032571], [11.3240006861838, 44.526923127559], [11.3241692831414, 44.5268403823264], [11.324453023153, 44.5267095429137], [11.324734730558, 44.5265946424245], [11.325094581144, 44.526420385838], [11.3260760750468, 44.5260536387008], [11.326855089686, 44.5257699110398], [11.3270594570555, 44.525708655487], [11.3271382941363, 44.5257464348525], [11.3273013991973, 44.5257607829985], [11.327384683072, 44.5257394357872], [11.3274571409139, 44.5256992404516], [11.3275465288379, 44.5257838749369], [11.3281820805984, 44.5262267595011], [11.3283753891833, 44.5263310927176], [11.3286631452241, 44.5264334342234], [11.3288034479182, 44.5264657795234], [11.3292866807906, 44.5265783505819]], [[11.3292866807906, 44.5265783505819], [11.329391543681666, 44.526599730592146]], [[11.3292866807906, 44.5265783505819], [11.329392697040966, 44.526600824619]], [[11.329391543316275, 44.526599730517646], [11.3294010682281, 44.5266016725079], [11.32942604822998, 44.526606765565035]], [[11.329392696661163, 44.52660082453849], [11.3294023263305, 44.5266028659005], [11.329427580068092, 44.526608219357485]], [[11.329426047760544, 44.52660676546932], [11.329426049495645, 44.52660676582308]], [[11.32942604902621, 44.52660676572737], [11.3295474174708, 44.5266315109786]], [[11.329427579579695, 44.52660821925395], [11.329427581347671, 44.52660821962874]], [[11.329427580859274, 44.52660821952521], [11.3301004068323, 44.5267508496961], [11.3303867385631, 44.5268170466635], [11.3305884447369, 44.5268172902309], [11.3308442804585, 44.5267531421343], [11.331090345021, 44.5266033826932], [11.3311573005986, 44.5264761345933], [11.3311293268185, 44.5264186356877], [11.3311270268883, 44.5263363236756], [11.3311670472578, 44.5262604718198], [11.3311995761173, 44.5262274270216], [11.3312388253867, 44.5261995900239]]], ""type"": ""MultiLineString""}";700
1357;Precedente 31/12/2021;119.0;Pedonale-Ciclabile;area pedonale;44.49656465270391, 11.349874078030123;"{""coordinates"": [[[11.3503965516751, 44.4961760538657], [11.3498571964593, 44.4966116554491], [11.3493188535759, 44.4969041852565]]], ""type"": ""MultiLineString""}";705
1595;Precedente 31/12/2021;89.0;Pedonale-Ciclabile;promiscuo ciclopedonale;44.50692661316032, 11.27871233761503;"{""coordinates"": [[[11.2781680526405, 44.5069259553979], [11.2781877490592, 44.5069113322969], [11.2783864440204, 44.5069009612207], [11.2784527548084, 44.5068995729717], [11.2785678403978, 44.5068909520144], [11.2786501666227, 44.5068933693683], [11.278760475778, 44.5069107292716], [11.2789391707732, 44.5069432207228], [11.2791498965203, 44.5069833224078], [11.2792269711019, 44.5069993068577], [11.2792572433948, 44.5069986727887]]], ""type"": ""MultiLineString""}";707
1358;Precedente 31/12/2021;154.0;Pedonale-Ciclabile;area pedonale;44.497034086231835, 11.35065208196686;"{""coordinates"": [[[11.3504048090334, 44.4977027296061], [11.350390865923, 44.4976565642425], [11.3505008636743, 44.4971654173006], [11.3505182982834, 44.4971011439026], [11.3505898028089, 44.4970130888785], [11.351078261296, 44.4964425107129]]], ""type"": ""MultiLineString""}";708
1338;Precedente 31/12/2021;273.0;Ciclabile;sede propria;44.53334490765199, 11.272673189314942;"{""coordinates"": [[[11.274095152374, 44.5326884026267], [11.273905585899, 44.5327540847054], [11.2734395945363, 44.532913185127], [11.2733494431456, 44.532958099886], [11.2725331718729, 44.5334055501811], [11.2712895734917, 44.5340878174986]]], ""type"": ""MultiLineString""}";711
596;Precedente 31/12/2021;105.0;Pedonale-Ciclabile;ciclabile contigua al pedonale;44.49178306150023, 11.36461440687718;"{""coordinates"": [[[11.3643782972724, 44.4913495745581], [11.3646379014102, 44.4917682089803], [11.3647325592249, 44.4919521084249], [11.3647651844207, 44.4920381350329], [11.3647492051095, 44.4921332321119], [11.3646800945515, 44.4922257659859]]], ""type"": ""MultiLineString""}";713
1340;Precedente 31/12/2021;242.0;Percorso naturalistico;pavimentato;44.49868998362609, 11.298008919603578;"{""coordinates"": [[[11.2987871867017, 44.4996251010617], [11.2980265531822, 44.4987157773377], [11.2972992383514, 44.497829601928], [11.2972363461976, 44.4977501781344]]], ""type"": ""MultiLineString""}";714
1343;Precedente 31/12/2021;365.0;Ciclabile;sede propria;44.5153969567951, 11.403573649809273;"{""coordinates"": [[[11.4041825214847, 44.5142850497047], [11.4042638897763, 44.5145070672233], [11.4042974166149, 44.5145770920855], [11.4043464264735, 44.5146390100433], [11.4044212933502, 44.5147527242091], [11.4045217558161, 44.5149118742119], [11.4045317503825, 44.5149385414725], [11.4045262618364, 44.5149733155639], [11.4045104309446, 44.514996990637], [11.4044789423733, 44.5150245323277], [11.4043785187555, 44.5150584782492], [11.404315394757, 44.5150859793905], [11.4042852426398, 44.5151219807186], [11.404270138734, 44.5151633232898], [11.4042743233927, 44.5151929422848], [11.4042863805512, 44.5152216880347], [11.4043069210151, 44.5152644012604], [11.4043083171186, 44.5152983229144], [11.4043042511889, 44.515319628039], [11.4042915868144, 44.5153481875376], [11.4042699167864, 44.5153741075917], [11.4042323853613, 44.5153989473222], [11.4041972934898, 44.5154110039681], [11.4041355045926, 44.5154229159579], [11.4040858577941, 44.5154175964739], [11.404042921333, 44.515407184348], [11.4039608538498, 44.5153827432794], [11.403851711409, 44.5153489703199], [11.4037549158248, 44.5153269614166], [11.4036448449919, 44.5153186711325], [11.4035366631224, 44.5153322676797], [11.4034532333383, 44.515361512161], [11.4033693777201, 44.515409537781], [11.4032732400331, 44.5155112589358], [11.4032031422968, 44.5155685652369], [11.4031163384196, 44.5156262235345], [11.4030508583671, 44.5156603031889], [11.4029769928523, 44.5157073204544], [11.4029135442098, 44.5157636889897], [11.4028928756838, 44.5158032050789], [11.4028741722511, 44.5158362992688], [11.4028414812092, 44.5158545342753], [11.4027206744001, 44.5158985523964], [11.4025556127937, 44.515950680516], [11.4024995658275, 44.5159702049545], [11.402459045724, 44.5159878072261], [11.4024311371374, 44.5160139171059], [11.4024159712861, 44.5160517220902], [11.4024158084353, 44.5161019720981], [11.4024319584877, 44.5161423077893], [11.4024315985697, 44.5161606593539], [11.4023448279454, 44.5163467038125], [11.4022677481883, 44.5163871828384]]], ""type"": ""MultiLineString""}";718
1581;Precedente 31/12/2021;80.0;Pedonale-Ciclabile;ciclabile contigua al pedonale;44.53004576999465, 11.354135472881447;"{""coordinates"": [[[11.3539254030567, 44.5297202437383], [11.3543455427062, 44.530371296251]]], ""type"": ""MultiLineString""}";720
1528;Precedente 31/12/2021;970.0;Pedonale-Ciclabile;corsia ciclabile su strada;44.486670031804366, 11.369818661525963;"{""coordinates"": [[[11.3671700020361, 44.4827408243056], [11.3675582839403, 44.4833228727596], [11.3679198832828, 44.4838612984851], [11.3683003687923, 44.4844283897056], [11.3686544959868, 44.4849723040635], [11.3691236301881, 44.4856171456474], [11.369123980063701, 44.485617626557556], [11.3691239804817, 44.4856176271321], [11.369123980596537, 44.48561762730634], [11.369126629770868, 44.485621646739396], [11.3691300864286, 44.4856268913185], [11.3696326142338, 44.4863893465649], [11.3700660644686, 44.4870268490095], [11.3704164579432, 44.4875250529717], [11.3707372594405, 44.4880377558892], [11.371090155069, 44.4885747936737], [11.3713644494753, 44.4889577916213], [11.3719591117374, 44.489850443177], [11.37228118843, 44.4903190703604], [11.3724680637218, 44.4905986994817]]], ""type"": ""MultiLineString""}";727
1527;Precedente 31/12/2021;148.0;Ciclabile;sede propria;44.48066585537342, 11.370502830539666;"{""coordinates"": [[[11.3707229153752, 44.4813137748565], [11.3706608696748, 44.4810152397169], [11.3706690338642, 44.4809095260276], [11.3706589020324, 44.4808270766413], [11.3706253198593, 44.4807524065295], [11.3704089380025, 44.4804408471791], [11.3701339833221, 44.4800795328676]]], ""type"": ""MultiLineString""}";728
1529;Precedente 31/12/2021;107.0;Pedonale-Ciclabile;promiscuo ciclopedonale;44.49005628859284, 11.371347950530254;"{""coordinates"": [[[11.3719591117374, 44.489850443177], [11.3709127160491, 44.4902027395674], [11.3707370869861, 44.4902630096982]]], ""type"": ""MultiLineString""}";729
545;Precedente 31/12/2021;115.0;Pedonale-Ciclabile;ciclabile contigua al pedonale;44.517272101256054, 11.342019218172359;"{""coordinates"": [[[11.341864935166, 44.5177773329386], [11.3418590437765, 44.5177107284934], [11.3418751031064, 44.517629863802], [11.3419009771837, 44.5175534068111], [11.3422176169316, 44.516775953661]]], ""type"": ""MultiLineString""}";731
783;;85.0;Pedonale-Ciclabile;promiscuo ciclopedonale;44.49913729551376, 11.290210001137156;"{""coordinates"": [[[11.290222849471698, 44.499437602187264], [11.290349420954058, 44.49939960198971], [11.290257021081722, 44.499215784872526], [11.29015250796161, 44.49900570934703], [11.29005318556329, 44.498763904185346]]], ""type"": ""MultiLineString""}";732
782;;393.0;Itinerario ciclabile;corsia ciclabile su strada;44.49771897944396, 11.289574890657045;"{""coordinates"": [[[11.288836789308686, 44.496091359498365], [11.288858045098335, 44.49611949418991], [11.288884536260865, 44.49613849120553], [11.288926081354262, 44.49615434148435], [11.288961555645189, 44.496160922620504], [11.288992944199094, 44.4961616492325], [11.289018746533598, 44.496235602353785], [11.289140684035324, 44.49651091618832], [11.289347605525286, 44.49692582925809], [11.28948444880091, 44.49732556006375], [11.289603230751561, 44.49773547066895], [11.289807505481429, 44.49845797202087], [11.289889029148174, 44.498704022019915], [11.289934248240908, 44.49884049897027], [11.290057594830024, 44.49912862428508], [11.290222849471698, 44.499437602187264]]], ""type"": ""MultiLineString""}";734
2200;Precedente 31/12/2021;46.0;Ciclabile;corsia ciclabile su strada;44.50793311800493, 11.388966060258575;"{""coordinates"": [[[11.3887061413052, 44.5078726065545], [11.3887339645777, 44.5079021694801], [11.3887746894164, 44.5079219522257], [11.3888509917193, 44.5079441774978], [11.3889331580262, 44.5079472512327], [11.3890285519277, 44.5079484677704], [11.3891138331649, 44.5079409914795], [11.3892410595823, 44.5079156542786]]], ""type"": ""MultiLineString""}";741
786;Precedente 31/12/2021;223.0;Ciclabile;promiscuo ciclopedonale;44.498471743964856, 11.291246757122252;"{""coordinates"": [[[11.29005318556329, 44.498763904185346], [11.290083958607006, 44.4987078198321], [11.2907284726491, 44.4985338864466], [11.2907950344324, 44.4984946781111], [11.2908536697616, 44.4984474983693], [11.2913634599006, 44.4983103228707], [11.2915065026766, 44.4982858836701], [11.2916402735405, 44.498310373949], [11.2922013275624, 44.4984836580842], [11.2922788411892, 44.4985227782478], [11.2923568175316, 44.4985727219678], [11.2924621159561, 44.4985973723305]]], ""type"": ""MultiLineString""}";742
1530;Precedente 31/12/2021;279.0;Ciclabile;sede propria;44.4869117447582, 11.3895013769313;"{""coordinates"": [[[11.3902049092761, 44.4880621320616], [11.3887978445865, 44.4857613574548]]], ""type"": ""MultiLineString""}";743
2201;Precedente 31/12/2021;253.0;Itinerario ciclabile;corsia ciclabile su strada;44.52274744419675, 11.26004090370843;"{""coordinates"": [[[11.2614783264574, 44.5222445755532], [11.2608312856139, 44.5224826030913], [11.2593654783318, 44.5230033310982], [11.258978843876, 44.5230760641031], [11.2585839770193, 44.5231840528196]]], ""type"": ""MultiLineString""}";748
1532;Precedente 31/12/2021;456.0;Ciclabile;sede propria;44.49274557503489, 11.39627685926399;"{""coordinates"": [[[11.3950625046053, 44.4908612527023], [11.3960732107366, 44.4924244738527], [11.3969956459363, 44.4938991980228], [11.3972331376414, 44.4942845254266], [11.3973338749677, 44.4943754381138], [11.3976068086885, 44.4944959533428]]], ""type"": ""MultiLineString""}";749
2204;2025;211.0;Itinerario ciclabile;corsia ciclabile su strada;44.477249290188, 11.367718225123461;"{""coordinates"": [[[11.366718866945956, 44.47668280613001], [11.367236559256558, 44.47691042273371], [11.36750693917513, 44.477051855373816], [11.367807181235541, 44.47723469384946], [11.368015134052033, 44.47739414448347], [11.368309860262661, 44.477655223640596], [11.3685944902381, 44.477986424959255]]], ""type"": ""MultiLineString""}";750
2203;Precedente 31/12/2021;204.0;Itinerario ciclabile;corsia ciclabile su strada;44.52264717785685, 11.25962218759333;"{""coordinates"": [[[11.2585839770193, 44.5231840528196], [11.2590094696094, 44.522975529676], [11.2593299641842, 44.5228133542849], [11.259785427953, 44.5225659169144], [11.2606488986333, 44.5220883307037]]], ""type"": ""MultiLineString""}";753
2206;Precedente 31/12/2021;438.0;Itinerario ciclabile;promiscuo veicolare;44.50694012999511, 11.410814436912409;"{""coordinates"": [[[11.4133536837683, 44.5074485936388], [11.4120780916232, 44.5072828765018], [11.411537331978, 44.5072098578933], [11.4111880355996, 44.5071525715525], [11.4107780834589, 44.5070598135935], [11.4104574934253, 44.5069841289529], [11.4100392590201, 44.5068575979017], [11.4097687949344, 44.5067595237119], [11.4094705970378, 44.5066374472828], [11.4091945870986, 44.5064950444229], [11.4089853780389, 44.5063787700061], [11.4087610162025, 44.5062133722604], [11.4086403674247, 44.5060782920397], [11.4085209363787, 44.5058906387755]]], ""type"": ""MultiLineString""}";754
1516;Precedente 31/12/2021;614.0;Percorso naturalistico;sterrato;44.46703889690581, 11.390439544414944;"{""coordinates"": [[[11.3930738024644, 44.4686552248608], [11.3929831885525, 44.4684935024051], [11.3928722193356, 44.4683831120633], [11.392652540586, 44.4681716470355], [11.3925378336256, 44.468157615993], [11.3924725280164, 44.4681738502886], [11.392413660234, 44.468177505954], [11.3922385302962, 44.4681386345229], [11.392143580613, 44.4681081356048], [11.3921039307168, 44.4680715606452], [11.3920596172575, 44.4680051891661], [11.3920591005797, 44.4679055739574], [11.3920660189228, 44.4678182655458], [11.3920322131358, 44.4677541737895], [11.3919089124802, 44.4676220976103], [11.3918304211011, 44.4675688398069], [11.3916346972182, 44.4674481284872], [11.3913753516652, 44.4672987723592], [11.391353606145, 44.4672768394276], [11.3913271519749, 44.4668948170303], [11.3911708093906, 44.466808444318], [11.3909199969267, 44.4667040481924], [11.3906590921067, 44.4666073062432], [11.3901987373927, 44.4664722452143], [11.3898446305378, 44.4663999386519], [11.3895016882761, 44.4663498648449], [11.3893897608605, 44.4663347822252], [11.3891920049956, 44.4663462929897], [11.3888173095292, 44.4664508072923], [11.3886680634778, 44.4665407522339], [11.3886339398571, 44.4665563451266], [11.3882666382366, 44.4665886789758], [11.3876990087223, 44.4664886031617], [11.3876201648823, 44.4664331397265], [11.3875583835784, 44.4663698848053], [11.3875120643556, 44.4663435378062], [11.3874089625075, 44.4663168747713], [11.3873386750318, 44.4662972537727]]], ""type"": ""MultiLineString""}";759
1999;Precedente 31/12/2021;88.0;Ciclabile;sede propria;44.492977500950644, 11.287859079567268;"{""coordinates"": [[[11.2879888193907, 44.4925988836527], [11.2878722892094, 44.492876719847], [11.2878226971756, 44.4930512006882], [11.2877912442027, 44.4932049099709], [11.2877908923765, 44.4933069852303], [11.2877896722202, 44.4933696887228]]], ""type"": ""MultiLineString""}";763
530;Precedente 31/12/2021;393.0;Ciclabile;sede propria;44.505133942349424, 11.305433027090107;"{""coordinates"": [[[11.306044358312, 44.5066308018895], [11.3058147115014, 44.5062997325071], [11.3058631170935, 44.5062735614733], [11.3058615895981, 44.5062348344406], [11.3052976185719, 44.5054246804441], [11.3052984448873, 44.5053859103945], [11.3053209066579, 44.5053585344672], [11.3057273865621, 44.5052195727184], [11.305778141411, 44.505193356977], [11.3057813853558, 44.5051562265854], [11.3056618359541, 44.5049899417408], [11.3052701022615, 44.5044276765526], [11.3051681561771, 44.5042897137646], [11.3049767944312, 44.5040927514306], [11.3047420381881, 44.5038696364948], [11.3045896826998, 44.5037221947069], [11.3045684319092, 44.50371464819], [11.3045425320003, 44.5037142466215]]], ""type"": ""MultiLineString""}";764
532;Precedente 31/12/2021;79.0;Ciclabile;sede propria;44.50387492823816, 11.30326542525388;"{""coordinates"": [[[11.3030749038012, 44.5041976490319], [11.3030832966088, 44.5041710337073], [11.3031150693398, 44.5041146331517], [11.303171377301, 44.504072088255], [11.3032088620599, 44.5040084261139], [11.3032345038833, 44.503897758073], [11.303247390945, 44.5037648506173], [11.3035279985558, 44.5036240487691]]], ""type"": ""MultiLineString""}";765
531;Precedente 31/12/2021;109.0;Ciclabile;sede propria;44.50383804217085, 11.304001328651422;"{""coordinates"": [[[11.3045425320003, 44.5037142466215], [11.3044885861858, 44.5037273217029], [11.304432114732, 44.5037586474001], [11.3040662318746, 44.5039516052978], [11.3040418754337, 44.503959115577], [11.3039889817809, 44.5039618613527], [11.3038202925753, 44.5039349916845], [11.303748803665, 44.5039036722642], [11.3037193657006, 44.5038759845392], [11.3036613593813, 44.5037800069089], [11.3036580296599, 44.5037580110246], [11.3036174566255, 44.5036978846666], [11.3035279982975, 44.5036240485939]]], ""type"": ""MultiLineString""}";766
1520;Precedente 31/12/2021;200.0;Pedonale-Ciclabile;ciclabile contigua al pedonale;44.46254945637889, 11.376398545952565;"{""coordinates"": [[[11.3774432882964, 44.4620566726571], [11.37734837743, 44.4621230992266], [11.3772412135978, 44.4621880405983], [11.3770882985745, 44.4622678679155], [11.3769156811827, 44.462342883266], [11.3767444755205, 44.4624214523134], [11.3764479591465, 44.4625456534613], [11.3761997854425, 44.4626591100457], [11.3755667800182, 44.4629116134352], [11.3754666877913, 44.4628396891051], [11.3753296047221, 44.4628567767746]]], ""type"": ""MultiLineString""}";773
777;Precedente 31/12/2021;181.0;Pedonale-Ciclabile;ciclabile contigua al pedonale;44.49390577374202, 11.28557302727299;"{""coordinates"": [[[11.2866775235249, 44.4937083486854], [11.285391105128, 44.4939386269425], [11.2844683923519, 44.4941024208958]]], ""type"": ""MultiLineString""}";775
1521;Precedente 31/12/2021;68.0;Ciclabile;sede propria;44.46594465810302, 11.374097699248136;"{""coordinates"": [[[11.3737081838359, 44.4660437962163], [11.3737864635929, 44.4660210690563], [11.3739454970386, 44.4659799530347], [11.374165982474853, 44.46593609084802]], [[11.374165982268321, 44.4659360908891], [11.374174086271, 44.4659344787224], [11.374180933970186, 44.46593311647796]], [[11.374180933770456, 44.4659331165177], [11.374180934280211, 44.46593311641629]], [[11.374180934080487, 44.46593311645602], [11.3743692026229, 44.4658956633249], [11.3744078179301, 44.4658360270337], [11.374454019106, 44.4657968177456]]], ""type"": ""MultiLineString""}";777
1307;Precedente 31/12/2021;1119.0;Percorso naturalistico;pavimentato;44.48375824028452, 11.35294211764235;"{""coordinates"": [[[11.3557359702878, 44.4844047666227], [11.3556714518435, 44.48412774837], [11.3554727430482, 44.4839815850759]], [[11.3554727430482, 44.4839815850759], [11.3552260180682, 44.4839906144011], [11.3551038642806, 44.4839931367787], [11.3545975218639, 44.4839639601888], [11.35438048304, 44.4839585283705], [11.3541321619377, 44.4839785178264], [11.3539559599885, 44.4840135292319], [11.353758421017, 44.4840794373437], [11.3535781051914, 44.4841601310664], [11.3528998514826, 44.4844812031745], [11.3527498660122, 44.4845371433903], [11.3526528612893, 44.4845622047681], [11.35257755522, 44.4845806542334], [11.3524836061808, 44.4845919785906], [11.3523604579154, 44.4845945179126], [11.3520747076661, 44.4845966547483], [11.3516251488979, 44.4845683746126], [11.3513829613974, 44.4845452057422], [11.3511690933413, 44.4845201900092], [11.3509115362603, 44.4844825541873], [11.350686937311, 44.484452538358], [11.3505608673676, 44.4844476264336], [11.3504860835515, 44.4844488813233], [11.3503744464088, 44.4843204062288], [11.3503361745873, 44.4842604976363], [11.3502810567234, 44.4841603333443], [11.3502579446236, 44.4840987079846], [11.3502112519824, 44.4839105925378], [11.3501804808575, 44.4837128041537], [11.3501694771317, 44.4836255015805], [11.3502159593763, 44.4835648527273], [11.3503034610851, 44.4835236247737], [11.3504543420018, 44.4834556134024], [11.3506449654803, 44.4835266159743], [11.3507662677649, 44.4835708229724], [11.351125942141, 44.4836475508672], [11.351247869882, 44.4836578758199], [11.3513789593408, 44.4836480434639], [11.3515532061403, 44.4836216292968], [11.3516873490424, 44.4835889113644], [11.3518113688142, 44.4835521256027], [11.3521578109842, 44.4834192302524], [11.3526869952644, 44.4831504567842], [11.3530526157205, 44.4829617694027], [11.353373204853, 44.482809686342], [11.3535405052782, 44.4827591702445], [11.3537243257428, 44.4827285774167], [11.3539038320706, 44.4827182746788], [11.3541996287923, 44.4827319847655], [11.3544298261106, 44.482763411968], [11.3547948764829, 44.4828201743508], [11.3549053717564, 44.4828772786984], [11.3549944535742, 44.4829737082251], [11.3551260061226, 44.4831844722553], [11.3552712916973, 44.4834423991186], [11.3553756071015, 44.4836232378952], [11.3554368597295, 44.4837338019467], [11.3554734641985, 44.4838787626008], [11.3554727430482, 44.4839815850759]]], ""type"": ""MultiLineString""}";778
779;Precedente 31/12/2021;72.0;Pedonale-Ciclabile;ciclabile contigua al pedonale;44.493466239169685, 11.287786742925695;"{""coordinates"": [[[11.2878310428407, 44.4935965785094], [11.2878616477522, 44.4935917425519], [11.2878869554755, 44.4935825305661], [11.2879108690321, 44.4935710434009], [11.2879474081624, 44.4935395733048], [11.2879575482439, 44.493521472904], [11.2879651035421, 44.4935029548371], [11.2879677677284, 44.4934900527896], [11.2879663020063, 44.4934712503651], [11.2879630642388, 44.4934557015531], [11.287956779339, 44.4934438896045], [11.2879470977705, 44.4934280065906], [11.2879356312107, 44.4934153684295], [11.2879189833792, 44.4934019130392], [11.2879011848903, 44.4933912406088], [11.2878828118035, 44.4933824137679], [11.2878613318794, 44.4933759400455], [11.2878218873485, 44.4933698131471], [11.2877896722202, 44.4933696887228], [11.2877613263896, 44.493373509383], [11.2877331101853, 44.493382084767], [11.2877132712651, 44.4933911908811], [11.2876941727038, 44.4934025848973], [11.2876794013757, 44.4934199244849], [11.2876586809013, 44.4934395951064], [11.287648242522, 44.4934698213772], [11.2876504254211, 44.4935058407603], [11.2875067033988, 44.4935330326704]]], ""type"": ""MultiLineString""}";780
1549;Precedente 31/12/2021;333.0;Ciclabile;sede propria;44.51013053120481, 11.360593216057469;"{""coordinates"": [[[11.3622912015155, 44.5092499528379], [11.3622381815079, 44.5093117016036], [11.3621161353824, 44.5094267196012], [11.3619685369969, 44.5095578976943], [11.3617228131949, 44.509747348738], [11.3614625884759, 44.5099027327392], [11.3611675810204, 44.5100619602431], [11.3610019250651, 44.5101470797093], [11.3608757977873, 44.5101929996928], [11.3603661340359, 44.5103379092732], [11.3600498752912, 44.5104038216756], [11.3597241222434, 44.5104511744367], [11.3595454988805, 44.5104639077067], [11.359353841758, 44.5104775759886], [11.359053664537, 44.5104983814169], [11.358700437875, 44.5105228633211]]], ""type"": ""MultiLineString""}";786
563;Precedente 31/12/2021;141.0;Pedonale-Ciclabile;ciclabile contigua al pedonale;44.50399971473224, 11.360611683191149;"{""coordinates"": [[[11.3600946822528, 44.5045146755476], [11.3605455749773, 44.5040629333001], [11.3611310161517, 44.5034871031073]]], ""type"": ""MultiLineString""}";788
564;Precedente 31/12/2021;140.0;Pedonale-Ciclabile;ciclabile contigua al pedonale;44.50297570840609, 11.361644869362253;"{""coordinates"": [[[11.3611310161517, 44.5034871031073], [11.3621587225728, 44.5024643137049]]], ""type"": ""MultiLineString""}";789
1311;Precedente 31/12/2021;19.0;Percorso naturalistico;pavimentato;44.48216744752695, 11.349318293501598;"{""coordinates"": [[[11.3494026001077, 44.482226741922], [11.3492339868955, 44.4821081531319]]], ""type"": ""MultiLineString""}";790
569;Precedente 31/12/2021;268.0;Ciclabile;sede propria;44.5008122091141, 11.358666129065234;"{""coordinates"": [[[11.3579743144788, 44.5018560831066], [11.3581340520521, 44.5017338815601], [11.3583908434052, 44.5015504417311], [11.3584791090491, 44.5013826754281], [11.358761375426, 44.500629882952], [11.358788105881, 44.5005677769389], [11.3589374423561, 44.5001624824178], [11.359061889661, 44.4998729032517], [11.3591370935114, 44.4997824985957], [11.3592128428575, 44.4997335390835], [11.3592641574689, 44.499694464276]]], ""type"": ""MultiLineString""}";792
1313;Precedente 31/12/2021;127.0;Percorso naturalistico;pavimentato;44.48479819967832, 11.349850269154711;"{""coordinates"": [[[11.3504860835515, 44.4844488813233], [11.3503229953871, 44.484597085832], [11.3502569058365, 44.4846491367049], [11.3501491193433, 44.4847076786429], [11.3500253854732, 44.4847609162207], [11.3497694534525, 44.4848525446204], [11.3493836410197, 44.4849750057784], [11.349240961696, 44.4850136121863], [11.349162576913853, 44.48505277196821], [11.349162576592015, 44.485052772128995], [11.3491625759865, 44.4850527724315]]], ""type"": ""MultiLineString""}";793
1315;Precedente 31/12/2021;567.0;Ciclabile;sede propria;44.4972168760774, 11.369476575374472;"{""coordinates"": [[[11.3666425740231, 44.498557890476], [11.3673394619875, 44.498296779417], [11.3678809436362, 44.4980389178687], [11.3687585450868, 44.4976118161528], [11.3699649255662, 44.4971076721354], [11.3703878596141, 44.4969445661585], [11.370510413286, 44.4968771935693], [11.3709972577693, 44.4966450695658], [11.371248345642, 44.4964973747932], [11.3714135851289, 44.4963993475766], [11.3714873454399, 44.4963324660185], [11.371518793467, 44.4962653495172], [11.3715327846709, 44.4962091051314], [11.3715334624529, 44.4961053741659], [11.3715149852604, 44.4959705999589], [11.3714909063413, 44.4959384995826], [11.3714238550134, 44.495889863625], [11.3713662996966, 44.4958748139805], [11.3712264066508, 44.4958755584216], [11.3711091770547, 44.4958734738769], [11.3710418685277, 44.4958586383735], [11.3708261955507, 44.4956998060601]]], ""type"": ""MultiLineString""}";797
1791;Precedente 31/12/2021;210.0;Ciclabile;sede propria;44.51193083648352, 11.353438200075509;"{""coordinates"": [[[11.3538914492951, 44.5128106630145], [11.3534529818676, 44.5118908644889], [11.3534210098507, 44.5118218926182], [11.3533897385339, 44.5117703142232], [11.3533919377519, 44.5117041189255], [11.3532544125947, 44.5116721404075], [11.3529829684562, 44.5111107327547], [11.3529458365061, 44.5111158864065]]], ""type"": ""MultiLineString""}";799
1790;Precedente 31/12/2021;293.0;Ciclabile;sede propria;44.51260288934831, 11.355612199449688;"{""coordinates"": [[[11.3571128699639, 44.5128178587802], [11.3568960002883, 44.5123941396578], [11.3538914492951, 44.5128106630145]]], ""type"": ""MultiLineString""}";800
1793;Precedente 31/12/2021;75.0;Pedonale-Ciclabile;area pedonale;44.50460928606753, 11.367026911402588;"{""coordinates"": [[[11.3667461269774, 44.5048807473057], [11.3670260872187, 44.5046090605624], [11.3673087144455, 44.5043388823932]]], ""type"": ""MultiLineString""}";801
1792;Precedente 31/12/2021;317.0;Ciclabile;sede propria;44.5112997703295, 11.355134496728041;"{""coordinates"": [[[11.3533919377519, 44.5117041189255], [11.3534094222764, 44.5116550162179], [11.353422605714, 44.5116199285253], [11.3534545347265, 44.5115670461421], [11.3535506448926, 44.5115372106462], [11.355481988791, 44.5112884548336], [11.3559420101219, 44.5112337004616], [11.3562175736033, 44.5111897172621], [11.3563475718346, 44.5111557022559], [11.35647644728, 44.511093861425], [11.356556146306, 44.5110191116278], [11.3566211202061, 44.5109411851168], [11.3566656657292, 44.5108393125529], [11.3566617366928, 44.5107419217814], [11.3566354603971, 44.510650516768]]], ""type"": ""MultiLineString""}";803
1796;Precedente 31/12/2021;603.0;Pedonale-Ciclabile;ciclabile contigua al pedonale;44.508797591394476, 11.378911772503653;"{""coordinates"": [[[11.375876125021, 44.5071509680873], [11.3761166010282, 44.5072971925487], [11.3762508059327, 44.5073877195978], [11.3762734479461, 44.507404346299], [11.3764001358444, 44.5074983977253], [11.3764674247732, 44.5075554886456], [11.3765871788624, 44.5076596723922], [11.3768083988896, 44.5078545084777], [11.3769009699477, 44.5079198155695], [11.3769949992983, 44.5079832392602], [11.3771575294224, 44.5080744752543], [11.3772729815685, 44.508132287187], [11.377375524023, 44.5081823181576], [11.3777629752535, 44.5083447664928], [11.3779690500995, 44.5084332680225], [11.3789936577549, 44.5088775279972], [11.3795809508203, 44.5091327890184], [11.3797506136694, 44.5092074570265], [11.3801212703105, 44.5093643036471], [11.380925109639907, 44.50971359178491], [11.380932361756267, 44.50971674300945], [11.38093236216536, 44.50971674318721], [11.3809341248329, 44.50971750911], [11.3809550615733, 44.5097266066433], [11.3816577668379, 44.5100318724809], [11.3819862007753, 44.5101712969523], [11.382082811004, 44.5102108348443]]], ""type"": ""MultiLineString""}";808
1538;Precedente 31/12/2021;247.0;Pedonale-Ciclabile;promiscuo ciclopedonale;44.498318097283395, 11.409575606918047;"{""coordinates"": [[[11.4108545440369, 44.4982502919263], [11.4097473826588, 44.4981366798807], [11.4094245236903, 44.4980797786715], [11.4092601555022, 44.4980880294508], [11.4091335335067, 44.4981480528285], [11.4090594812062, 44.4986195603076], [11.409003941723, 44.498714257685], [11.4089517605225, 44.4987394155916], [11.4088278006992, 44.4987219866737], [11.4087151999882, 44.4987083271447], [11.4085911576433, 44.4986888951561], [11.4084924671169, 44.4986729370484]]], ""type"": ""MultiLineString""}";809
1799;Precedente 31/12/2021;451.0;Ciclabile;sede propria;44.52209663133824, 11.278630152717415;"{""coordinates"": [[[11.2762975520199, 44.5231211042434], [11.2764104627147, 44.5229685483301], [11.2766715794938, 44.5227468004398], [11.2780677295803, 44.5222409387642], [11.2794691596448, 44.5217522105771], [11.2802534241263, 44.5214997209129], [11.2805692860448, 44.5214024341139], [11.280615897038, 44.5214103378777], [11.2806424148432, 44.5214327398261], [11.2808295893568, 44.5217523406279], [11.2808787962187, 44.5217811685456], [11.280940143553, 44.5217925546395]]], ""type"": ""MultiLineString""}";810
792;Precedente 31/12/2021;105.0;Pedonale-Ciclabile;ciclabile contigua al pedonale;44.498107772232274, 11.29587141173139;"{""coordinates"": [[[11.2952093635008, 44.498116650672], [11.295575902088, 44.4981118663307], [11.2957819101947, 44.4981090398885], [11.2960897119129, 44.4981048162256], [11.2963272470843, 44.4981015561553], [11.2965334567887, 44.4980986588949]]], ""type"": ""MultiLineString""}";816
794;Precedente 31/12/2021;159.0;Ciclabile;sede propria;44.49714738167494, 11.298145112183168;"{""coordinates"": [[[11.2974005534612, 44.4976292277017], [11.2981739968127, 44.4971232895574], [11.2988643002657, 44.4966916791945], [11.2988998428817, 44.4966905245772]]], ""type"": ""MultiLineString""}";819
1116;Precedente 31/12/2021;217.0;Pedonale-Ciclabile;ciclabile contigua al pedonale;44.49006213220674, 11.318284948842345;"{""coordinates"": [[[11.316984489114, 44.4900337446352], [11.3172312686594, 44.4899679113721], [11.3174516102364, 44.4899302547041], [11.3176769492913, 44.4899351566536], [11.3180499185993, 44.4899891988673], [11.3183139025179, 44.4900501949028], [11.3186679622516, 44.4901283198006], [11.3187224190666, 44.4900821822297], [11.3190433025773, 44.4901586102744], [11.319357476403, 44.4902328037843], [11.3195747707229, 44.4902852660736]]], ""type"": ""MultiLineString""}";820
798;Precedente 31/12/2021;127.0;Pedonale-Ciclabile;ciclabile contigua al pedonale;44.49347639846245, 11.293222435900041;"{""coordinates"": [[[11.2938792283151, 44.4938096954876], [11.2936831244755, 44.4936980647827], [11.2935100846609, 44.4936040962376], [11.2931683381922, 44.4934348699043], [11.2927880956414, 44.493275625752], [11.2925456651012, 44.4931859003256]]], ""type"": ""MultiLineString""}";825
797;Precedente 31/12/2021;200.0;Pedonale-Ciclabile;ciclabile contigua al pedonale;44.49443524534645, 11.294758790153338;"{""coordinates"": [[[11.295551187383, 44.4951289246444], [11.2955437642815, 44.4950377443298], [11.294599891066, 44.4942887952037], [11.2938792283151, 44.4938096954876]]], ""type"": ""MultiLineString""}";826
1546;Precedente 31/12/2021;123.0;Ciclabile;sede propria;44.50854253985121, 11.356530317568629;"{""coordinates"": [[[11.3557998450706, 44.5087038355101], [11.355900584479215, 44.50869051976836]], [[11.35590058401785, 44.50869051982934], [11.3559085742479, 44.5086894636802], [11.3559154401544, 44.5086885561442], [11.355915441134773, 44.50868855592176]], [[11.355915440692572, 44.50868855602209], [11.35591544153679, 44.508688555830545]], [[11.355915441134771, 44.50868855592176], [11.355915441104614, 44.5086885559286], [11.3559161856314, 44.5086883869998], [11.3560364131664, 44.5086611079937], [11.3565020664848, 44.5085613765913], [11.3570941290093, 44.5084044383622], [11.3572398977845, 44.5083191881897]]], ""type"": ""MultiLineString""}";832
1784;Precedente 31/12/2021;142.0;Ciclabile;sede propria;44.49809167362977, 11.359305646469064;"{""coordinates"": [[[11.3587705863076, 44.4977985746726], [11.3588248771133, 44.4979625937813], [11.3589750621195, 44.4979424769004], [11.3592130801819, 44.4979984042217], [11.3592723049651, 44.4980218832201], [11.3594341960977, 44.4979635652477], [11.3596252652549, 44.4982349549118], [11.3596654065472, 44.498376519484], [11.3596771198418, 44.4985357425475], [11.3596878873445, 44.4985714166181]]], ""type"": ""MultiLineString""}";834
1783;Precedente 31/12/2021;69.0;Pedonale-Ciclabile;ciclabile contigua al pedonale;44.485707500220855, 11.3611581893972;"{""coordinates"": [[[11.3607746729755, 44.4858504374849], [11.3615417058189, 44.4855645629568]]], ""type"": ""MultiLineString""}";835
1788;Precedente 31/12/2021;30.0;Ciclabile;sede propria;44.49519261730975, 11.371210569389186;"{""coordinates"": [[[11.3713318884454, 44.4952973458171], [11.3712447110282, 44.4952191266897], [11.3711179802642, 44.4951164839869], [11.3710885686729, 44.4950887395303]]], ""type"": ""MultiLineString""}";837
1285;Precedente 31/12/2021;426.0;Percorso naturalistico;sterrato;44.50848401472464, 11.33212738720763;"{""coordinates"": [[[11.332453575395729, 44.507443570862364], [11.3324531739691, 44.507447510306], [11.3324243472976, 44.507730403963], [11.3322991676281, 44.5079591841289], [11.3321419992463, 44.508170252613], [11.3320179213123, 44.5083942423725], [11.3320179167654, 44.5086662024116], [11.3320657074063, 44.5088916027849], [11.3321377226071, 44.5092410220242], [11.3321371680042, 44.5093887771975], [11.3320640403374, 44.5094964631561], [11.3318960499005, 44.5096522581823], [11.3317144284386, 44.5097898636096], [11.3316356100856, 44.5098484778945], [11.3314538488342, 44.5098500244785], [11.3313664996372, 44.5098886733986], [11.331238589867, 44.5100342373993]], [[11.332454345369966, 44.5074360146369], [11.33245357550842, 44.50744356975645]], [[11.3326780935141, 44.5066030480667], [11.3326673005949, 44.5067229155722], [11.3324671826654, 44.5073100337271], [11.3324544142477, 44.5074353386978], [11.332454345579862, 44.50743601257705]]], ""type"": ""MultiLineString""}";841
1284;Precedente 31/12/2021;98.0;Pedonale-Ciclabile;ciclabile contigua al pedonale;44.5056696762831, 11.33364902483215;"{""coordinates"": [[[11.3342501868487, 44.5055757849578], [11.3330478628156, 44.5057635676084]]], ""type"": ""MultiLineString""}";842
1289;Precedente 31/12/2021;56.0;Ciclabile;corsia ciclabile su strada;44.493905724025645, 11.356809792760279;"{""coordinates"": [[[11.3566013124528, 44.4940402563876], [11.3566353353794, 44.4938825604437], [11.3569797089706, 44.4938902049062], [11.357073951039686, 44.493887621782065], [11.3570839098778, 44.4938873488157], [11.3570849869591, 44.4938873192935], [11.35708504953082, 44.493887317578405], [11.357085049586436, 44.49388731757688], [11.3571134194804, 44.4938865399568]]], ""type"": ""MultiLineString""}";843
2141;2024;582.0;Itinerario ciclabile;corsia ciclabile su strada;44.46682684594295, 11.37081786643103;"{""coordinates"": [[[11.371079008007854, 44.46942018578598], [11.371045396117395, 44.46922452720092], [11.370959927136479, 44.46890933371669], [11.370865132603237, 44.46859119033452], [11.370799359076917, 44.46825723990143], [11.370781996277898, 44.46814015157041], [11.370766822723597, 44.46760024919415], [11.370770320561512, 44.46725253418519], [11.370754179355098, 44.466778301619506], [11.370754302666914, 44.46662813424917], [11.370769273041628, 44.466156223476965], [11.370777110591543, 44.4659367336006], [11.37077856183594, 44.465738515657605], [11.370796535006065, 44.46526782609809], [11.370802990928581, 44.46505932858567], [11.370809036202731, 44.46478698834726], [11.37082008206916, 44.46441535205139], [11.370822453362258, 44.464335573742915], [11.37082985794445, 44.46420681910981]]], ""type"": ""MultiLineString""}";844
1251;Precedente 31/12/2021;164.0;Itinerario ciclabile;promiscuo veicolare;44.50272817146776, 11.273948093157253;"{""coordinates"": [[[11.2737193146076, 44.5020091306249], [11.2737896845475, 44.502215993511], [11.2738640330646, 44.5024430234778], [11.2739296449624, 44.5026702345099], [11.2740245033975, 44.5029751181715], [11.2741237226808, 44.5032799327201], [11.274126432768533, 44.50329424963689], [11.27412719923364, 44.50329829873722], [11.2741564060386, 44.5034525931503]]], ""type"": ""MultiLineString""}";853
2160;Precedente 31/12/2021;157.0;Pedonale-Ciclabile;ciclabile contigua al pedonale;44.47165129538749, 11.37638189770228;"{""coordinates"": [[[11.3762147864765, 44.4709488276351], [11.37621894791686, 44.470967319587004], [11.3762198602754, 44.4709713737819], [11.3763652711478, 44.4716175276725], [11.376492310036, 44.4721317914611], [11.3766025059673, 44.4723340979635]]], ""type"": ""MultiLineString""}";856
2167;Precedente 31/12/2021;266.0;Itinerario ciclabile;promiscuo veicolare;44.47912594320038, 11.369223870340862;"{""coordinates"": [[[11.3701339833221, 44.4800795328676], [11.369809523453, 44.4799241593085], [11.368407695024, 44.4780577449531]]], ""type"": ""MultiLineString""}";862
1050;Precedente 31/12/2021;144.0;Pedonale-Ciclabile;area pedonale;44.49798096203597, 11.347753257019876;"{""coordinates"": [[[11.3484591428087, 44.4975651850973], [11.3482648015642, 44.4977143324433], [11.3480257823286, 44.4978540576422], [11.3476748150286, 44.4980355908207], [11.3475636490741, 44.4980865067252], [11.3472102796192, 44.4982540373502], [11.3470192220238, 44.4983495002072]]], ""type"": ""MultiLineString""}";869
495;Precedente 31/12/2021;503.0;Ciclabile;sede propria;44.45768243312162, 11.373210731733044;"{""coordinates"": [[[11.3746195684067, 44.4595863399279], [11.3743325763228, 44.4594666270181], [11.3740153024962, 44.4591892324314], [11.3738126831209, 44.4589686602061], [11.3736499233061, 44.4587466946781], [11.3735325191648, 44.4582989606089], [11.3733331779834, 44.4578707054052], [11.3726650870961, 44.4566939902284], [11.3721402803199, 44.4557867339834], [11.3720149796678, 44.4555523868998]]], ""type"": ""MultiLineString""}";870
494;Precedente 31/12/2021;140.0;Percorso naturalistico;sterrato;44.46107916842334, 11.379003579164182;"{""coordinates"": [[[11.3795785662731, 44.4611843838376], [11.3794989809933, 44.4611504593704], [11.379460754184, 44.4610725323603], [11.3794337195143, 44.4610428888372], [11.379373351902, 44.4610021827183], [11.3793105030923, 44.4609581735391], [11.3792170747347, 44.4609131117056], [11.3791288140828, 44.4608796876288], [11.3790461251475, 44.4608679559609], [11.3789948926064, 44.4608790647647], [11.3789058473132, 44.460942939077], [11.3788284012161, 44.4610032200229], [11.3787837472423, 44.4610611543014], [11.3787343978306, 44.4611191828214], [11.3787445753384, 44.461226315716], [11.3785256954298, 44.4613917639021], [11.3785003773839, 44.4614465029783]]], ""type"": ""MultiLineString""}";871
1240;Precedente 31/12/2021;121.0;Percorso naturalistico;pavimentato;44.47670334259311, 11.375408660502698;"{""coordinates"": [[[11.3746914868883, 44.4768018428209], [11.3749459692162, 44.4768042708893], [11.3750495847819, 44.4768003022117], [11.3751255297412, 44.476800539537], [11.3754917207631, 44.4767184951018], [11.375796323092, 44.4766159458828], [11.3759516870156, 44.4765441167615], [11.37609696932, 44.4764738066007]]], ""type"": ""MultiLineString""}";877
1243;Precedente 31/12/2021;300.0;Percorso naturalistico;pavimentato;44.47922181005959, 11.372954290335986;"{""coordinates"": [[[11.3745441959097, 44.4786136125072], [11.3744386174568, 44.4787157813394], [11.3742598298928, 44.4787982590979], [11.3741333314404, 44.4788170033586], [11.3739087170109, 44.4788163165609], [11.3738361192309, 44.4788106708573], [11.3737504653163, 44.478851833412], [11.3735936774996, 44.4789231163757], [11.3732766557794, 44.4790424852155], [11.3731266147312, 44.4790957281853], [11.3727262826051, 44.4792526281201], [11.3723479889712, 44.4793999784515], [11.3722856963034, 44.4794638046257], [11.3722383635628, 44.4795273195722], [11.3722069178305, 44.4795406578778], [11.3719220141998, 44.4796666132991], [11.3717959568791, 44.4797313945997], [11.3716366282008, 44.4798168474929], [11.3715475689724, 44.4798764193217], [11.3714575000214, 44.4799493320098], [11.3714118222087, 44.4799792822593]]], ""type"": ""MultiLineString""}";878
1242;Precedente 31/12/2021;41.0;Percorso naturalistico;pavimentato;44.480240223139944, 11.373317688318403;"{""coordinates"": [[[11.3731942912604, 44.4800769810013], [11.3734410853764, 44.4804034652786]]], ""type"": ""MultiLineString""}";880
1245;Precedente 31/12/2021;294.0;Percorso naturalistico;pavimentato;44.481203052165405, 11.37254115826506;"{""coordinates"": [[[11.3715204007516, 44.4818279468256], [11.3715795613123, 44.4818316796352], [11.3717475082084, 44.4818045091694], [11.3718694499804, 44.4817756640845], [11.3720091645032, 44.4817319789569], [11.3721201672567, 44.4816599501079], [11.3721678716375, 44.481612916186], [11.3722236127217, 44.4815828164134], [11.372381022755, 44.4815677034475], [11.3724916815261, 44.4815325149345], [11.3726616994092, 44.4814658355564], [11.3730480814776, 44.4812973093107], [11.3731523249729, 44.481239890327], [11.3732107770726, 44.4811860549565], [11.3732184101102, 44.4811477471801], [11.3731581945499, 44.481099373433], [11.3730970851592, 44.4810524127185], [11.3728345273811, 44.4808707928725], [11.3725195290676, 44.4807048787526], [11.3724645399259, 44.4806577904046], [11.3724487214096, 44.4806201185047], [11.3725143091424, 44.4804755199907], [11.3725829690336, 44.4803060106706], [11.372577112463, 44.4802622852564], [11.3725485223318, 44.4802117247083]]], ""type"": ""MultiLineString""}";882
1483;Precedente 31/12/2021;89.0;Pedonale-Ciclabile;area pedonale;44.495498333395176, 11.343313469699773;"{""coordinates"": [[[11.3438517671589, 44.4953997332842], [11.3437571954684, 44.4954203980177], [11.3436443318913, 44.4954593250569], [11.3427706526686, 44.495572461814], [11.34277009969477, 44.4955725334189], [11.342770099378352, 44.49557253345987], [11.3427699107946, 44.4955725578797]]], ""type"": ""MultiLineString""}";884
2159;;104.0;Ciclabile;sede propria;44.5196768875704, 11.350435991380696;"{""coordinates"": [[[11.350270957132874, 44.51921935387667], [11.350301302810822, 44.51934029476612], [11.350377910016084, 44.51960180082725], [11.350452819777006, 44.519771500797646], [11.350539487105536, 44.51991795565215], [11.350644472923591, 44.520061009065046], [11.350671952043244, 44.520101419036834]]], ""type"": ""MultiLineString""}";889
1041;Precedente 31/12/2021;86.0;Pedonale-Ciclabile;area pedonale;44.49484318010024, 11.34712065108947;"{""coordinates"": [[[11.3467951040072, 44.4945243637971], [11.3469320867747, 44.4947072386198], [11.3469789424611, 44.4947634926985], [11.3470788895625, 44.4948468021696], [11.3471521622049, 44.4949075760681], [11.3472440110207, 44.4949495564666], [11.3473625215061, 44.4950140555767], [11.3475040793201, 44.4950937455012]]], ""type"": ""MultiLineString""}";890
1273;Precedente 31/12/2021;184.0;Ciclabile;sede propria;44.49910087390043, 11.359911219888689;"{""coordinates"": [[[11.3596878873445, 44.4985714166181], [11.359854075122, 44.4985907802245], [11.359977151672, 44.4985883107368], [11.3601474653255, 44.4986227267783], [11.3601171745907, 44.4987444016044], [11.3599136853953, 44.499371339727], [11.35981892888, 44.4995516952779], [11.3596574593667, 44.4997358914596], [11.3595560970789, 44.4998575507203]]], ""type"": ""MultiLineString""}";897
1276;Precedente 31/12/2021;39.0;Pedonale-Ciclabile;ciclabile contigua al pedonale;44.5040612978871, 11.344128164833151;"{""coordinates"": [[[11.343888599044, 44.5041010175297], [11.3443677306223, 44.5040215782445]]], ""type"": ""MultiLineString""}";898
1277;Precedente 31/12/2021;154.0;Ciclabile;sede propria;44.50355741517982, 11.3429648338577;"{""coordinates"": [[[11.3421443643918, 44.5031946833619], [11.3430074581884, 44.5035861073297], [11.3431045046787, 44.5036239944551], [11.3433993181054, 44.5037304409835], [11.3437831656853, 44.503923361634]]], ""type"": ""MultiLineString""}";900
2102;Precedente 31/12/2021;116.0;Itinerario ciclabile;promiscuo veicolare;44.488809860973454, 11.317097393963138;"{""coordinates"": [[[11.3178247256428, 44.4888326469501], [11.3177378502885, 44.4888276234566], [11.3170833539114, 44.48879885124], [11.316902416145, 44.4887921110322], [11.316705606928, 44.4887923003577], [11.3165214691315, 44.4888120367209], [11.3163757201726, 44.4888541757399]]], ""type"": ""MultiLineString""}";902
1262;Precedente 31/12/2021;474.0;Percorso naturalistico;sterrato;44.52577935804868, 11.337750913457084;"{""coordinates"": [[[11.3365912684442, 44.5238368712715], [11.3367045767253, 44.5240485599628], [11.3367333776416, 44.5241516732381], [11.336764922564, 44.5243231352343], [11.3368254423066, 44.5246021176392], [11.3368503641918, 44.524685449945], [11.3368868077293, 44.5247486815951], [11.3369260649705, 44.5248052342889], [11.3369742953346, 44.5248549793861], [11.3370310562695, 44.5248868929364], [11.3371986112657, 44.524991515088], [11.3373035102348, 44.5250709656715], [11.3374078913993, 44.5252144157776], [11.3374336025403, 44.5253175856548], [11.3374685517031, 44.5254205617437], [11.3375284892635, 44.5255318400394], [11.3377194876947, 44.5259912049358], [11.3377890104609, 44.5261111033886], [11.337849929462683, 44.526218409852724]], [[11.337849929192311, 44.526218409376476], [11.337849929914695, 44.52621841064892]], [[11.337849929644324, 44.52621841017268], [11.337852591279411, 44.52622309853988]], [[11.33785259102204, 44.52622309808653], [11.3378552252791, 44.5262277382284], [11.337881852093, 44.5262746403306], [11.3379303463709, 44.5264082163543], [11.3379735536335, 44.5264867410534], [11.3380325089015, 44.5265737598903], [11.3380970172923, 44.5266452228607], [11.3381602489542, 44.5266836394649], [11.3382798416443, 44.5267429619399], [11.338395734184, 44.5267869151391], [11.3385054628031, 44.5268309947564], [11.3386617764404, 44.5268829421862], [11.3388054086657, 44.5269263241794], [11.3388962918097, 44.5269619646729], [11.3389621648264, 44.5269892936647], [11.3390440670926, 44.5270317377797], [11.339098230593, 44.5270747520482], [11.3391280906164, 44.5271270917355], [11.3391104045126, 44.5272245371887], [11.3390363935952, 44.5273782227701], [11.3389848511854, 44.5273942775952]]], ""type"": ""MultiLineString""}";907
1267;Precedente 31/12/2021;175.0;Ciclabile;sede propria;44.51095009483493, 11.389102450565376;"{""coordinates"": [[[11.3892216500172, 44.5117256662909], [11.3891652136254, 44.5116138972953], [11.3891614442106, 44.5115768637846], [11.3891284873362, 44.5110484872156], [11.3890744093202, 44.5108851436024], [11.389031118366, 44.5101620368007]]], ""type"": ""MultiLineString""}";908
2119;2022;449.0;Itinerario ciclabile;corsia ciclabile su strada;44.522707656624114, 11.320040137371315;"{""coordinates"": [[[11.3216913361663, 44.5211347967411], [11.3215919227629, 44.5213856245445], [11.3215558089919, 44.5214900296456], [11.321462003453, 44.5215997503544], [11.3213678508776, 44.521701185357], [11.3212722937489, 44.5217694735439], [11.3211036300007, 44.5218890088693], [11.3207989296249, 44.522077658651], [11.3205396611061, 44.5222446570766], [11.3202746281105, 44.522411777154], [11.3200881316396, 44.5225192450815], [11.3197753306393, 44.5227868814223], [11.3196297157332, 44.5229018204257], [11.3195303880309, 44.5230158205912], [11.3194242132837, 44.5231050762073], [11.3193111048942, 44.52330231002], [11.3190737772622, 44.523580811337], [11.3187300118066, 44.5239444044635], [11.3185030925693, 44.5241936681159], [11.3184310273009, 44.5242697729553], [11.3183873601718, 44.524332860237]]], ""type"": ""MultiLineString""}";909
1063;Precedente 31/12/2021;89.0;Ciclabile;sede propria;44.49514802662885, 11.336085990200282;"{""coordinates"": [[[11.3355323506823, 44.4951896136526], [11.335895171015, 44.4951696893484], [11.3363762390796, 44.4951244400126], [11.3366378969213, 44.4950881303918]]], ""type"": ""MultiLineString""}";911
2121;2022;577.0;Itinerario ciclabile;corsia ciclabile su strada;44.5303035904633, 11.314645550971377;"{""coordinates"": [[[11.3158722997967, 44.5281204458517], [11.3157149539464, 44.5282600579186], [11.315349899417, 44.5285898827092], [11.3149451437999, 44.5289452377767], [11.3147484098153, 44.5291186465962], [11.3144898593266, 44.5293470052971], [11.3143616812972, 44.5294901281196], [11.3142948462443, 44.5295658767581], [11.3142454259839, 44.5296412989984], [11.3141919269543, 44.5297623238833], [11.3141443894652, 44.5298873741042], [11.3141312116569, 44.5299993685811], [11.314126348263, 44.5300242919779], [11.3141359202101, 44.5301234479025], [11.3141398440531, 44.5302268476695], [11.3141023484864, 44.5304634557222], [11.3140798059321, 44.5306146937245], [11.3140716908947, 44.5306867020337], [11.3140592689565, 44.5307595704416], [11.3140488688015, 44.5308571191646], [11.3140556007043, 44.5309599584878], [11.3140960216288, 44.5311300968449], [11.3141411665785, 44.5312093272617], [11.3142375449903, 44.5313750752923], [11.3142997654945, 44.5314746163051], [11.3144029652157, 44.5316374685016], [11.3145010563549, 44.5317887572679], [11.3145490857169, 44.5318527696792], [11.3146403739211, 44.531978381058], [11.314734571985, 44.5321212077861], [11.3148547441349, 44.5323078325858], [11.3149811144201, 44.5324986213339], [11.3150482724564, 44.5325993012625], [11.3150955160063, 44.5326725376819], [11.315118859213, 44.5327300423288]]], ""type"": ""MultiLineString""}";914
2108;Precedente 31/12/2021;750.0;Ciclabile;corsia preferenziale bus/bici;44.4908600077166, 11.306336371744992;"{""coordinates"": [[[11.3017919425222, 44.4909936108258], [11.3019370775726, 44.491036306042], [11.3020526502245, 44.4910625263105], [11.3022002646373, 44.49108673287], [11.3024939780917, 44.4911285530045], [11.3028953014283, 44.4911761192511], [11.3033913866933, 44.4912274332756], [11.3035850991268, 44.4912484599045], [11.3038098926501, 44.4912688178857], [11.3040860123299, 44.4912904804637], [11.3044429894924, 44.4913181496596], [11.3044780576878, 44.4913222074467], [11.3046433445015, 44.4913342431124], [11.3048583717273, 44.4913453102237], [11.3050930487054, 44.4913453540537], [11.3052527125389, 44.4913423255809], [11.3054091937755, 44.4913314612473], [11.3056030534271, 44.4913082153981], [11.305886668932, 44.491251871759], [11.3061606082177, 44.4911796737521], [11.306361698991, 44.4911224993324], [11.3065988564428, 44.4910485746343], [11.3067799744741, 44.4909932226516], [11.3070236186164, 44.4909236351232], [11.3074912648217, 44.4907798777872], [11.3079901020388, 44.4906261134487], [11.308401295552, 44.4904864598533], [11.309140758709, 44.4902504640425], [11.3094054698438, 44.4901918938189], [11.3097420326066, 44.490137430251], [11.3099940534863, 44.4901295206678], [11.3103360483038, 44.4901280963964], [11.3106358732934, 44.4901192991991], [11.310851081579, 44.4900975406285]]], ""type"": ""MultiLineString""}";921
906;Precedente 31/12/2021;67.0;Pedonale-Ciclabile;ciclabile contigua al pedonale;44.5372059893196, 11.351311865644501;"{""coordinates"": [[[11.3515785012082, 44.537439652479], [11.3510452300808, 44.5369723261602]]], ""type"": ""MultiLineString""}";922
1010;Precedente 31/12/2021;122.0;Pedonale-Ciclabile;ciclabile contigua al pedonale;44.471517793253796, 11.397380935710293;"{""coordinates"": [[[11.396727622193, 44.4718110338362], [11.3970390509136, 44.4716499908383], [11.3973185082407, 44.4715300110879], [11.3977385669916, 44.4713707095797], [11.3980508651058, 44.4712635827637]]], ""type"": ""MultiLineString""}";924
1012;Precedente 31/12/2021;224.0;Pedonale-Ciclabile;promiscuo ciclopedonale;44.4721660943595, 11.393347980876069;"{""coordinates"": [[[11.3939996243377, 44.4730583814532], [11.3932525517161, 44.4720648084916], [11.3928266127426, 44.4715015823092], [11.3928274006666, 44.4714534117264], [11.3930008959344, 44.4712918774937]]], ""type"": ""MultiLineString""}";925
2116;2022;433.0;Pedonale-Ciclabile;ciclabile contigua al pedonale;44.49746999955315, 11.31616152464296;"{""coordinates"": [[[11.3135020728782, 44.4978016565645], [11.31369972718727, 44.49776088818862], [11.3137432762781, 44.4977519057095], [11.314677771505664, 44.49759618914462], [11.3146778129067, 44.4975961822459], [11.314677820950514, 44.49759618130121], [11.315002600847322, 44.49755803830071], [11.3150026024235, 44.4975580381156], [11.3152959237451, 44.4975415612207], [11.315330178808429, 44.497539549674364], [11.3157837610464, 44.4975129141466], [11.315783829615802, 44.49751290979975], [11.31578403156693, 44.49751289699738], [11.316098808461787, 44.497492942217804], [11.3160989796074, 44.4974929313683], [11.316099298179813, 44.497492917950204], [11.316503330956351, 44.4974759003117], [11.31650342366191, 44.49747589640699], [11.3165034301053, 44.4974758961356], [11.316503448065593, 44.497475895130854], [11.316503706473668, 44.49747588067487], [11.316795391883566, 44.49745956307471], [11.316795652402476, 44.49745954850064], [11.3168421489815, 44.4974569473675], [11.31684760889343, 44.49745645383602], [11.316847639485122, 44.49745645107078], [11.317118430968478, 44.4974319737304], [11.317118483118936, 44.497431969016425], [11.3171184906586, 44.4974319683349], [11.317118552707784, 44.49743195889272], [11.317119058843122, 44.497431881872835], [11.31750371414183, 44.497373347909075], [11.317504117576387, 44.49737328651742], [11.317504181251, 44.4973732768279], [11.3178128932363, 44.4973255775195], [11.317812893320973, 44.49732557750018], [11.317812920299826, 44.49732557134351], [11.318008990081008, 44.49728082756], [11.31800902054784, 44.497280820607365], [11.3180090206007, 44.4972808205953], [11.318009020626398, 44.497280820587], [11.3182422121889, 44.4972055387975], [11.318242284270765, 44.49720551335077], [11.318790665570281, 44.497011920790214], [11.3187907415926, 44.4970118939524]]], ""type"": ""MultiLineString""}";930
1900;Precedente 31/12/2021;435.0;Ciclabile;sede propria;44.49094033569669, 11.387912792755262;"{""coordinates"": [[[11.3894755233551, 44.4912771823131], [11.3894422258023, 44.4912240722382], [11.3894248897548, 44.4911960462301], [11.3894240016498, 44.4911741367368], [11.3894367704928, 44.4911338931023], [11.3894539946323, 44.4910703417153], [11.3894530543133, 44.4910471433773], [11.3893261258481, 44.4908910654148], [11.3889897401718, 44.4904748464726], [11.3887394447178, 44.4904283497125], [11.3886194831277, 44.490399838372], [11.3884377418355, 44.4903571097923], [11.3883977543836, 44.4903476067825], [11.3883545882318, 44.4903484854856], [11.3882552271135, 44.4903840374431], [11.3880811627712, 44.490441740593], [11.3877970526234, 44.4905377825903], [11.3877727098899, 44.4905589090252], [11.3877519643638, 44.4905799622243], [11.3877460260644, 44.4906110304346], [11.387740192577, 44.4906446754348], [11.3877234628653, 44.4906759625136], [11.3869904847592, 44.4909770622254], [11.3869232925693, 44.4910067865543], [11.386849430198, 44.4910495379449], [11.3867971504633, 44.4910918519088], [11.3867488871055, 44.4911443981647], [11.386724965071, 44.4911758238595], [11.3866989129896, 44.4912433914572], [11.3866838617775, 44.491315893573], [11.3867001306097, 44.4913619935343], [11.3868014267856, 44.4914631332445], [11.3869592872989, 44.491627626839], [11.3870898851941, 44.4917788396368], [11.3871488659516, 44.491764406146], [11.3874891260682, 44.4916834771293], [11.3875821647845, 44.4916666797509]]], ""type"": ""MultiLineString""}";932
1002;Precedente 31/12/2021;124.0;Ciclabile;sede propria;44.479186939403064, 11.395635741652153;"{""coordinates"": [[[11.395970104953, 44.4796918748633], [11.3959629002368, 44.4796630824113], [11.3953363878953, 44.4787484586284], [11.395276596547, 44.4787005336318]]], ""type"": ""MultiLineString""}";935
1005;Precedente 31/12/2021;104.0;Ciclabile;sede propria;44.477913647503485, 11.395432835199905;"{""coordinates"": [[[11.394862544887, 44.4781380741836], [11.3953298618229, 44.4779565559732], [11.3960017435168, 44.4776857286302]]], ""type"": ""MultiLineString""}";936
1907;Precedente 31/12/2021;1244.0;Pedonale-Ciclabile;ciclabile contigua al pedonale;44.50251332708897, 11.298471173001468;"{""coordinates"": [[[11.3041916412044, 44.4994497570869], [11.3041852173453, 44.4995574151951], [11.3040961662117, 44.4997969494621], [11.3038827069607, 44.4999933065726], [11.3037084540767, 44.5001832670562], [11.3035714507167, 44.5003159527787], [11.3035198936338, 44.5006167583523], [11.3034751278161, 44.5008891486077], [11.3035844952122, 44.5010624835431], [11.303659868389547, 44.50116284548578], [11.3036598687912, 44.5011628460206], [11.303659706455722, 44.501162912492845], [11.30322262150502, 44.50134188764807], [11.3032225336853, 44.501341923608], [11.303222515831495, 44.50134193021847], [11.3030757149531, 44.5013962840301], [11.3022401647279, 44.5016093320493], [11.302230344945949, 44.50161181663124], [11.30223002993472, 44.501611896334765], [11.300852561037944, 44.501960420810036], [11.3007108403737, 44.5019962786942], [11.2998547442008, 44.5022129847708], [11.29982966147181, 44.502219678435615], [11.298861882679455, 44.50247794327021], [11.2987984285905, 44.5024948768504], [11.298798394186141, 44.50249488640416], [11.298160215119594, 44.502672102556865], [11.2981601970904, 44.5026721075634], [11.2978087652933, 44.5027689177597], [11.297808643722005, 44.50276895384954], [11.295071231958357, 44.50358158604458], [11.2950711329313, 44.5035816154419], [11.295071093165246, 44.5035816273501], [11.29345108574955, 44.50406674894032], [11.293451008882, 44.5040667719588], [11.293450945828788, 44.50406679048314], [11.2931814922121, 44.5041459529965], [11.2931604815867, 44.5041519937585], [11.29315659681951, 44.504153150165806], [11.293155998928148, 44.50415332814454], [11.291596028879269, 44.504617695936666], [11.2915950039793, 44.5046180010262]]], ""type"": ""MultiLineString""}";939
1006;Precedente 31/12/2021;240.0;Ciclabile;sede propria;44.47672744633271, 11.395371877840018;"{""coordinates"": [[[11.3960017435168, 44.4776857286302], [11.3957309182153, 44.4773201848792], [11.395051635433, 44.476346204054], [11.3949669940801, 44.4762251765087], [11.3949655452388, 44.4761160349209], [11.3950473566159, 44.4759374820422], [11.3950752550709, 44.4758450507267], [11.3949982134026, 44.4757421089996], [11.394994337308033, 44.47573692982998], [11.394989835333687, 44.47573091437077], [11.39498983478341, 44.4757309136355], [11.3949897886579, 44.4757308520034]]], ""type"": ""MultiLineString""}";941
920;Precedente 31/12/2021;101.0;Pedonale-Ciclabile;ciclabile contigua al pedonale;44.50174923594873, 11.361222481249477;"{""coordinates"": [[[11.3615691831912, 44.5021224038882], [11.3614889941116, 44.5020482268511], [11.3613886883191, 44.5019537828821], [11.3613181396245, 44.5018794099406], [11.3612267765525, 44.5017675543672], [11.3610844245947, 44.5015878184093], [11.3609369688241, 44.501401298575], [11.3609001571216, 44.5013538514372]]], ""type"": ""MultiLineString""}";944
923;Precedente 31/12/2021;98.0;Ciclabile;sede propria;44.5036513762829, 11.3644619296467;"{""coordinates"": [[[11.3649645388711, 44.5039059853192], [11.3639593204223, 44.5033967672466]]], ""type"": ""MultiLineString""}";945
922;Precedente 31/12/2021;177.0;Pedonale-Ciclabile;ciclabile contigua al pedonale;44.502931623683956, 11.363058458119426;"{""coordinates"": [[[11.3621587225728, 44.5024643137049], [11.3623804489378, 44.5025810828269], [11.363190742577, 44.5030006170992], [11.3639593204223, 44.5033967672466]]], ""type"": ""MultiLineString""}";946
927;Precedente 31/12/2021;101.0;Ciclabile;sede propria;44.50485139457485, 11.360542728907351;"{""coordinates"": [[[11.361058945679, 44.5051190752747], [11.3600265121357, 44.504583713875]]], ""type"": ""MultiLineString""}";949
926;Precedente 31/12/2021;108.0;Ciclabile;sede propria;44.50430458155307, 11.359472185003336;"{""coordinates"": [[[11.3600265121357, 44.504583713875], [11.3599638047119, 44.5045509549557], [11.3589173476211, 44.5040264462596]]], ""type"": ""MultiLineString""}";950
1031;Precedente 31/12/2021;236.0;Ciclabile;sede propria;44.4883577616306, 11.409595855334668;"{""coordinates"": [[[11.4102698586323, 44.4892993813406], [11.4090228197963, 44.4875607126237], [11.4089720421955, 44.4874881064671], [11.4089716584013, 44.4874341714366], [11.4089850495735, 44.4874023121741]]], ""type"": ""MultiLineString""}";954
1019;Precedente 31/12/2021;113.0;Pedonale-Ciclabile;promiscuo ciclopedonale;44.491257897229374, 11.390415589280131;"{""coordinates"": [[[11.39112513333, 44.4912865824609], [11.3910061593455, 44.4912773588012], [11.3898739456875, 44.491243079024], [11.389709049694794, 44.49120747973123], [11.389709048883779, 44.49120747955614], [11.3897090481281, 44.491207479393]]], ""type"": ""MultiLineString""}";956
915;Precedente 31/12/2021;118.0;Ciclabile;sede propria;44.52958268030736, 11.357535243261909;"{""coordinates"": [[[11.3582682670789, 44.5294986930634], [11.3579313636191, 44.5295572888198], [11.3567990479757, 44.5296410144122]]], ""type"": ""MultiLineString""}";958
1026;Precedente 31/12/2021;300.0;Ciclabile;sede propria;44.4634242421438, 11.374870335855114;"{""coordinates"": [[[11.3735802960848, 44.463286781138], [11.37370622008173, 44.46324705649604]], [[11.373706186783458, 44.46324706700048], [11.3739324569455, 44.463175686633], [11.3747326744569, 44.462923245836], [11.3747473859877, 44.4629186048597], [11.3747493553346, 44.4629179835992], [11.3752079181738, 44.4632632645332], [11.3752629999804, 44.463336594776], [11.3753569772501, 44.4634617045779], [11.3754214090337, 44.4635262457539], [11.3755124573005, 44.4637432648195], [11.375517243161, 44.4640148347853], [11.3755481157423, 44.464248609108], [11.3755547932673, 44.4645149657826]]], ""type"": ""MultiLineString""}";965
1029;Precedente 31/12/2021;461.0;Ciclabile;sede propria;44.485614189671175, 11.389259374344133;"{""coordinates"": [[[11.3866120816264, 44.4864586826653], [11.3879403913923, 44.4860296015983], [11.3896505759035, 44.4854945730326], [11.3906818710711, 44.485160405959], [11.3919071610889, 44.4847712214583]]], ""type"": ""MultiLineString""}";966
2182;Precedente 31/12/2021;50.0;Ciclabile;corsia ciclabile su strada;44.490427959959945, 11.329232718687143;"{""coordinates"": [[[11.3289185039661, 44.4904169312907], [11.3294700835003, 44.4904357315572], [11.329535501510525, 44.490442416000214], [11.3295456719246, 44.4904434552179]], [[11.3295456715523, 44.4904434551798], [11.3295466224558, 44.4904435523436]]], ""type"": ""MultiLineString""}";971
2186;Precedente 31/12/2021;655.0;Itinerario ciclabile;corsia ciclabile su strada;44.489191091426655, 11.29852194629522;"{""coordinates"": [[[11.295070998321, 44.4878255872939], [11.295025813748, 44.4878078692406]], [[11.301772855614, 44.4910268941147], [11.3017712809508, 44.4910258955886], [11.3017532432291, 44.491014457485], [11.301737652076703, 44.491004570803135], [11.301695947042, 44.4909781247522], [11.3016546710397, 44.4909199882631], [11.3015581444108, 44.4908287920503], [11.3014385732104, 44.490738904368], [11.3009826408124, 44.4903961786241], [11.3004486166203, 44.4899996736292], [11.3003406262041, 44.4899203229227], [11.3000310183044, 44.4897444337266], [11.2997580271917, 44.4895893621847], [11.2994913307263, 44.4894568138429], [11.2992743066682, 44.4893490784727], [11.2989081886131, 44.4891772607914], [11.2985526530659, 44.4890432762744], [11.2980490037355, 44.4888677576483], [11.2978811343179, 44.488808607625], [11.2973723474581, 44.4886281928802], [11.2966486021999, 44.4883823484033], [11.2959012239802, 44.4881369263916], [11.2956629569059, 44.4880577097426], [11.295106723158867, 44.48783959593746], [11.2950710372443, 44.4878256025567]]], ""type"": ""MultiLineString""}";975
2171;Precedente 31/12/2021;123.0;Pedonale-Ciclabile;promiscuo ciclopedonale;44.505057516545754, 11.34440216172035;"{""coordinates"": [[[11.345157802663, 44.5049425283092], [11.3436465207777, 44.5051725047823]]], ""type"": ""MultiLineString""}";980
2176;Precedente 31/12/2021;361.0;Ciclabile;corsia preferenziale bus/bici;44.4781110440002, 11.365620008122312;"{""coordinates"": [[[11.366718866946, 44.47668280613], [11.3666102275168, 44.4769526237756], [11.3657860575984, 44.4778957927726], [11.3653164378943, 44.4784602833671], [11.3648108929619, 44.4791280891278], [11.3644406523929, 44.479485266776]]], ""type"": ""MultiLineString""}";983
2175;Precedente 31/12/2021;142.0;Ciclabile;sede propria;44.513753045248386, 11.337815639252332;"{""coordinates"": [[[11.338339321566, 44.5142122324863], [11.3381243797309, 44.5140543628605], [11.3378469639535, 44.5138506056007], [11.3376473948861, 44.5136986366421], [11.3375212476433, 44.5136002626371], [11.3374976723859, 44.5135774944697], [11.3374877921141, 44.5135528722257], [11.337485275186, 44.5135344643848], [11.3376646200166, 44.5132033709271]]], ""type"": ""MultiLineString""}";984
2179;Precedente 31/12/2021;119.0;Itinerario ciclabile;promiscuo veicolare;44.49013481252032, 11.310743360558668;"{""coordinates"": [[[11.3114905756846, 44.4900862295943], [11.3112166731083, 44.4900983242533], [11.3108581127959, 44.4901331811258], [11.3106404290459, 44.4901551901559], [11.3099953010218, 44.4901655112314]]], ""type"": ""MultiLineString""}";987
1607;Precedente 31/12/2021;281.0;Percorso naturalistico;pavimentato;44.50791475077907, 11.286508449917005;"{""coordinates"": [[[11.2881787727274, 44.5075468253834], [11.288069394829, 44.5075641485129], [11.2879681657856, 44.5075647318562], [11.2878135416573, 44.5075772568287], [11.2876699787174, 44.5075972767896], [11.2873232952163, 44.5077127546057], [11.2870455510722, 44.507828328001], [11.2867875398091, 44.507897119634], [11.2866837360072, 44.5079425771984], [11.2865305424633, 44.507992163907], [11.2863512790174, 44.5080361163047], [11.2862464001408, 44.5080537762189], [11.2860872892086, 44.5080617569752], [11.2859324835073, 44.5080696461017], [11.2857776179558, 44.5080759907293], [11.2852881446327, 44.5081202746775], [11.2850553034789, 44.508171531499], [11.2848304734396, 44.508252641987]]], ""type"": ""MultiLineString""}";992
1845;Precedente 31/12/2021;97.0;Percorso naturalistico;pavimentato;44.50096574652563, 11.301398296950964;"{""coordinates"": [[[11.301384172726, 44.5013541075721], [11.3014153469061, 44.5012955714923], [11.3014756355441, 44.5012284064157], [11.3015316231238, 44.5011583112287], [11.3015463085493, 44.501103968231], [11.3015266891482, 44.5010291994274], [11.3014643879117, 44.5009341549117], [11.3012790812202, 44.5006910686727], [11.3011136316109, 44.5007480851429]]], ""type"": ""MultiLineString""}";994
1847;Precedente 31/12/2021;44.0;Pedonale-Ciclabile;promiscuo ciclopedonale;44.501082394451686, 11.299463217675683;"{""coordinates"": [[[11.2997129666799, 44.5009954884314], [11.29942015505, 44.5010961740972], [11.299214389099, 44.5011718869502]]], ""type"": ""MultiLineString""}";999
1846;Precedente 31/12/2021;57.0;Ciclabile;sede propria;44.50131588359499, 11.30173922257125;"{""coordinates"": [[[11.301384172726, 44.5013541075721], [11.3020942724165, 44.5012776596179]]], ""type"": ""MultiLineString""}";1000
1849;Precedente 31/12/2021;92.0;Ciclabile;sede propria;44.50399936794675, 11.314977861913247;"{""coordinates"": [[[11.3146158291212, 44.5037094721904], [11.3146646220807, 44.5037705846795], [11.314871714921, 44.5038191556354], [11.3151666192848, 44.5042379298782], [11.3153379166718, 44.5042984438664]]], ""type"": ""MultiLineString""}";1002
860;Precedente 31/12/2021;199.0;Ciclabile;sede propria;44.511032323645125, 11.329048690971124;"{""coordinates"": [[[11.328709364293, 44.5118773414864], [11.3286735451367, 44.5117649735939], [11.3289839426371, 44.5111849309273], [11.3294516756732, 44.5101841094431]]], ""type"": ""MultiLineString""}";1004
625;Precedente 31/12/2021;316.0;Pedonale-Ciclabile;ciclabile contigua al pedonale;44.47557486135247, 11.377121242216324;"{""coordinates"": [[[11.377754637886, 44.4755045810136], [11.3780138723609, 44.4753966383318], [11.3780782221502, 44.4753312024091], [11.3780660027121, 44.4752512954019], [11.3779753758358, 44.4751120802047], [11.3779057685217, 44.4750493904419], [11.3778155480245, 44.4750288165559], [11.3777141324331, 44.4750298801649], [11.3771798044568, 44.4751998864923], [11.3770578720562, 44.475258672545], [11.3769025085824, 44.47535998952], [11.3768006375522, 44.4754999358871], [11.3768079776779, 44.4760102425696], [11.3764792987168, 44.476142841291], [11.3764782930228, 44.4761432470125], [11.376477391868919, 44.47614361055993], [11.376477391845857, 44.47614361056923], [11.376468316337274, 44.47614727185047], [11.3761107712413, 44.4762915142519], [11.37609696932, 44.4764738066007]]], ""type"": ""MultiLineString""}";1007
1610;Precedente 31/12/2021;311.0;Percorso naturalistico;pavimentato;44.51242657686032, 11.30089233832641;"{""coordinates"": [[[11.2994127374088, 44.5124477600767], [11.2995566737039, 44.5124118498064], [11.2998939022766, 44.5123335474135], [11.300815375091, 44.5120915240342], [11.3011856271949, 44.5120012920311], [11.301265357167, 44.5121686271395], [11.301436310798, 44.5124815696888], [11.3015020182472, 44.5125385161015], [11.3016661269162, 44.5128566039399], [11.3017471756775, 44.512855101965], [11.3018147673659, 44.5129600403319], [11.3019298990268, 44.5131980894857], [11.3020037191546, 44.5132878215828]]], ""type"": ""MultiLineString""}";1008
629;Precedente 31/12/2021;172.0;Ciclabile;sede propria;44.468711058767596, 11.37497467579825;"{""coordinates"": [[[11.3747008732712, 44.4679609398148], [11.3752484783253, 44.4694611777204]]], ""type"": ""MultiLineString""}";1009
868;Precedente 31/12/2021;17.0;Ciclabile;corsia ciclabile su strada;44.517105891168086, 11.336024686215245;"{""coordinates"": [[[11.336109942705, 44.517140735814], [11.3360727353605, 44.5171353657076], [11.3360333079222, 44.5171222558907], [11.336001720745, 44.5171026025588], [11.3359788954621, 44.5170792948227], [11.3359622967918, 44.5170436967649], [11.3359622670517, 44.5170409703286]]], ""type"": ""MultiLineString""}";1010
867;Precedente 31/12/2021;34.0;Pedonale-Ciclabile;ciclabile contigua al pedonale;44.51705004659453, 11.336219737772646;"{""coordinates"": [[[11.3361804485427, 44.5169272881993], [11.3362124352885, 44.5169399562783], [11.3362341652383, 44.5169563277321], [11.3362519400401, 44.5169751024431], [11.3362648027392, 44.5169928168716], [11.3362741153769, 44.5170205245517], [11.336272490533, 44.517043118218], [11.3362622648225, 44.5170711638396], [11.3362398017453, 44.5170971461357], [11.336210642741, 44.5171180357816], [11.3361731797125, 44.5171338826605], [11.336109942705, 44.517140735814]]], ""type"": ""MultiLineString""}";1012
1611;Precedente 31/12/2021;287.0;Percorso naturalistico;pavimentato;44.51299885381535, 11.302670721799682;"{""coordinates"": [[[11.3011376265383, 44.5136781532951], [11.3020037191546, 44.5132878215828], [11.3023436451366, 44.513137136668], [11.303834733482, 44.5124921057722], [11.304207117687, 44.5123270122527]]], ""type"": ""MultiLineString""}";1013
1852;Precedente 31/12/2021;155.0;Percorso naturalistico;pavimentato;44.52234743246569, 11.315492743606601;"{""coordinates"": [[[11.3164592454317, 44.5222422082693], [11.3145262417815, 44.5224526566621]]], ""type"": ""MultiLineString""}";1015
1851;Precedente 31/12/2021;797.0;Percorso naturalistico;pavimentato;44.52222480601002, 11.315636308925525;"{""coordinates"": [[[11.317371089925, 44.5226977695645], [11.3172258093822, 44.5227315785105], [11.3170617248213, 44.5227637889834], [11.316995206833, 44.5227941163905], [11.3169613764535, 44.5228276854766], [11.3169084062115, 44.5228577502843], [11.3168738300299, 44.5228739064399], [11.3168014704656, 44.522894662344], [11.3165966189467, 44.5229257125244], [11.3165069226771, 44.5229216303835], [11.316395296254, 44.5229121622086], [11.3160875110502, 44.5229471243896], [11.3158260382474, 44.5229869986283], [11.3157456896391, 44.523011773053], [11.3156492354584, 44.5230407275577], [11.315428076619, 44.5230720755074], [11.3152604837303, 44.5230869070712], [11.3150504756005, 44.5231257779901], [11.314859354631, 44.5231623475092], [11.3147888666485, 44.5231636991462], [11.3147658189132, 44.523131238688], [11.3147330355989, 44.5229944523065], [11.3146895675758, 44.5227301362439], [11.3146406182515, 44.5225956017117], [11.3145262417815, 44.5224526566621], [11.3143380909317, 44.5222956628075], [11.314311958806, 44.5222535924824], [11.3142961900166, 44.522199710445], [11.314226994434, 44.521966887361], [11.3141922062013, 44.5218456439278], [11.3141476173867, 44.5217497504646], [11.3140754331801, 44.5215750590261], [11.3140838825255, 44.5215168348636], [11.3141308098986, 44.5214714095707], [11.3141940651365, 44.5214276009047], [11.3154726094207, 44.5212806843846], [11.3160093472612, 44.5212198479882], [11.3160611193099, 44.5212265779767], [11.3160894999496, 44.5212569975219], [11.3161058910156, 44.521324435332], [11.3161253990581, 44.5214014925845], [11.316230480972, 44.5215794874755], [11.3162517953912, 44.5216991048509], [11.3162487473947, 44.5217553087556], [11.3162424872205, 44.521863847459], [11.3162579921958, 44.5219100103947], [11.3164393788971, 44.5222240017812], [11.3164704121054, 44.5222524417178], [11.3165444702203, 44.5222723039453], [11.3166304340809, 44.52225321268], [11.3166966072531, 44.5222151424602], [11.3167362602338, 44.5221911390431], [11.3168704198116, 44.5222214532161], [11.3169458849838, 44.5222742058751], [11.317009625787, 44.5223697860231], [11.3171052513244, 44.5225131605595], [11.3172043246351, 44.5226100006296], [11.317280649501, 44.5226821100326], [11.317371089925, 44.5226977695645]]], ""type"": ""MultiLineString""}";1016
1091;Precedente 31/12/2021;398.0;Pedonale-Ciclabile;promiscuo ciclopedonale;44.47349230243171, 11.376825155595842;"{""coordinates"": [[[11.3770578720562, 44.475258672545], [11.37703405795, 44.4751478753187], [11.3770410571988, 44.4748628150143], [11.3770466712157, 44.4747970636012], [11.377004576854, 44.4747337940672], [11.3769445245938, 44.4746887975068], [11.376876588918, 44.4746036883439], [11.3768304020487, 44.4745419951325], [11.3768043725137, 44.47446496638], [11.376781378818, 44.4743535421567], [11.3766500662254, 44.4729004036363], [11.376586800627, 44.4724188744343], [11.3765885695807, 44.472379934989], [11.3766025059673, 44.4723340979635], [11.3766679092555, 44.4723070406515], [11.3769718177835, 44.4722943191701], [11.3772038926156, 44.4722766597649], [11.3773148526649, 44.4722376432848], [11.3773878831009, 44.4721783000442]]], ""type"": ""MultiLineString""}";1017
1834;Precedente 31/12/2021;312.0;Ciclabile;sede propria;44.52175830848053, 11.282579865997903;"{""coordinates"": [[[11.2819558974639, 44.5204653480318], [11.2819502308554, 44.5205095386345], [11.2819123463107, 44.5205490844837], [11.2818866361, 44.5205848605766], [11.281991036073558, 44.52076645543422], [11.281991036529512, 44.520766456227314], [11.28199320505749, 44.52077022819694], [11.2819959328986, 44.5207749730441], [11.2821060929382, 44.5209665870458], [11.2822749107722, 44.5212505932569], [11.2829638889492, 44.5224216030612], [11.283351835812, 44.5230467874531]]], ""type"": ""MultiLineString""}";1020
1098;Precedente 31/12/2021;233.0;Ciclabile;sede propria;44.50431353752859, 11.342455185570232;"{""coordinates"": [[[11.343888599044, 44.5041010175297], [11.3435720573485, 44.5041441788611], [11.3410223688844, 44.5045302056568]]], ""type"": ""MultiLineString""}";1022
1099;Precedente 31/12/2021;213.0;Ciclabile;sede propria;44.5047306307556, 11.339738486383542;"{""coordinates"": [[[11.3410223688844, 44.5045302056568], [11.3401873420344, 44.5046493361167], [11.3389525336436, 44.5048461296151], [11.3387579489243, 44.5048815645148], [11.3386634919381, 44.5049240837391], [11.3386250623272, 44.5049495740916], [11.3385052206224, 44.5050564381132]]], ""type"": ""MultiLineString""}";1026
2191;Precedente 31/12/2021;332.0;Pedonale-Ciclabile;ciclabile contigua al pedonale;44.47212834848481, 11.386860498005209;"{""coordinates"": [[[11.3863692010891, 44.4721676697919], [11.3863881981809, 44.4721057460164], [11.3864036027725, 44.4720208260314], [11.3864268173059, 44.4719299743641], [11.3864256142602, 44.4718319450035], [11.3864400153965, 44.471789344627], [11.3865801176114, 44.4717383377599], [11.3867467116597, 44.4716790852577], [11.3868534111255, 44.4717326007424], [11.3870684965248, 44.4718146007153], [11.3871985455897, 44.4718483980873], [11.3872790004612, 44.4718486308314], [11.3873825075571, 44.4718214639387], [11.3874447881196, 44.4719047467684], [11.3875183900729, 44.4720031709715], [11.3873707035066, 44.4720658728608], [11.3873143396615, 44.4721324236444], [11.3872908608878, 44.4722847975752], [11.3872900293014, 44.4724674561399], [11.3871525409543, 44.4725164902817], [11.3870284498269, 44.4725652431354], [11.3869769413686, 44.472550946598], [11.386844075056, 44.4725133682478], [11.3867213908881, 44.4724621166351], [11.3866448571115, 44.4724252743935], [11.3865531609014, 44.4724118221555], [11.3864620731397, 44.4724137379344], [11.3863483207525, 44.4724526606411], [11.3862772320319, 44.4723503324068], [11.3862062172646, 44.4722499243361], [11.3863202778758, 44.4722010252281], [11.3863691933806, 44.4721676944099]]], ""type"": ""MultiLineString""}";1029
2199;Precedente 31/12/2021;510.0;Itinerario ciclabile;corsia ciclabile su strada;44.50123526294122, 11.406711773642705;"{""coordinates"": [[[11.4096483284666, 44.500314669416], [11.4094504990863, 44.5003719080559], [11.4091761683559, 44.5004597154844], [11.4057007275607, 44.5015512898035], [11.4037779156823, 44.5021645820745]]], ""type"": ""MultiLineString""}";1036
612;Precedente 31/12/2021;165.0;Ciclabile;sede propria;44.492645169607606, 11.374014697173749;"{""coordinates"": [[[11.3739104201827, 44.4919076219121], [11.3741189741648, 44.4933827173031]]], ""type"": ""MultiLineString""}";1037
617;Precedente 31/12/2021;147.0;Ciclabile;sede propria;44.50309402185689, 11.39013968277565;"{""coordinates"": [[[11.3897152998431, 44.5036823113755], [11.390052785108, 44.5032482146192], [11.390075413856, 44.5031464348885], [11.3904478730756, 44.5026604380559], [11.390586425729, 44.5025226148335]]], ""type"": ""MultiLineString""}";1039
852;Precedente 31/12/2021;65.0;Ciclabile;sede propria;44.516380117357116, 11.327076741543218;"{""coordinates"": [[[11.3270281548724, 44.5166701115481], [11.3270341497676, 44.516634243464], [11.327104330214, 44.5162733570998], [11.3271117513279, 44.5162303351993], [11.3270844540809, 44.5160902166593]]], ""type"": ""MultiLineString""}";1040
619;Precedente 31/12/2021;407.0;Ciclabile;sede propria;44.4848841590016, 11.375819776858807;"{""coordinates"": [[[11.3755869698684, 44.4831279226452], [11.375590345336178, 44.48313171056721], [11.3755947460677, 44.4831366490317], [11.3758628844476, 44.4834375517032], [11.3758922239191, 44.4835577495864], [11.3758248586242, 44.4850947099682], [11.375780492798, 44.4858362685292], [11.3758411328834, 44.4859832266469], [11.3758298747771, 44.4863228948772], [11.3758266519528, 44.4864333469605], [11.3757338095961, 44.4865677425354], [11.375713002839, 44.4867025159812]]], ""type"": ""MultiLineString""}";1041
859;Precedente 31/12/2021;172.0;Ciclabile;sede propria;44.512646562905225, 11.328708753248515;"{""coordinates"": [[[11.3288488114617, 44.5134083965461], [11.3288338657319, 44.5133396662754], [11.3287826653091, 44.5131219166111], [11.3287111244239, 44.5128667339618], [11.3286368887658, 44.5125440683441], [11.328641737847, 44.5124291551548], [11.3286704310366, 44.5120841265998], [11.328709364293, 44.5118773414864]]], ""type"": ""MultiLineString""}";1044
1625;;273.0;Ciclabile;sede propria;44.51439569437189, 11.318899260321603;"{""coordinates"": [[[11.317722509190231, 44.51358349075571], [11.317823868941929, 44.51358524666602], [11.317968751559135, 44.513609005283435], [11.318170688773298, 44.51372696622354], [11.318785752278085, 44.51431334239662], [11.319034555172925, 44.51453715570784], [11.319314109642882, 44.51472982815929], [11.319884167051445, 44.51525608570198], [11.320030354263112, 44.51518245242626]]], ""type"": ""MultiLineString""}";1045
880;Precedente 31/12/2021;121.0;Pedonale-Ciclabile;ciclabile contigua al pedonale;44.51122991145705, 11.341103029723548;"{""coordinates"": [[[11.3412473852779, 44.5117627645311], [11.3409586741692, 44.510697058383]]], ""type"": ""MultiLineString""}";1060
882;Precedente 31/12/2021;48.0;Pedonale-Ciclabile;ciclabile contigua al pedonale;44.5129088944983, 11.34154476012897;"{""coordinates"": [[[11.3415969965587, 44.5131218486904], [11.3414952541155, 44.5127070714955], [11.3414925236992, 44.5126959403062]]], ""type"": ""MultiLineString""}";1062
881;Precedente 31/12/2021;106.0;Pedonale-Ciclabile;ciclabile contigua al pedonale;44.51222935241865, 11.341369954488549;"{""coordinates"": [[[11.3414925236992, 44.5126959403062], [11.3412473852779, 44.5117627645311]]], ""type"": ""MultiLineString""}";1063
884;Precedente 31/12/2021;127.0;Pedonale-Ciclabile;ciclabile contigua al pedonale;44.518806414597954, 11.342599825095565;"{""coordinates"": [[[11.3430249970134, 44.5192789946036], [11.3428778113013, 44.5191370619554], [11.3427133475031, 44.518965569168], [11.3425685395597, 44.518802881886], [11.342516763772, 44.5187257417699], [11.3422152957119, 44.5182995765378]]], ""type"": ""MultiLineString""}";1064
885;Precedente 31/12/2021;62.0;Pedonale-Ciclabile;ciclabile contigua al pedonale;44.51951114768962, 11.34323384620071;"{""coordinates"": [[[11.3434174935568, 44.5197633242605], [11.3433553124578, 44.5196564564998], [11.343277169008, 44.5195522212075], [11.3431286783249, 44.5193781053051], [11.3430249970134, 44.5192789946036]]], ""type"": ""MultiLineString""}";1067
1632;Precedente 31/12/2021;347.0;Pedonale-Ciclabile;ciclabile contigua al pedonale;44.506124530052254, 11.331169892606198;"{""coordinates"": [[[11.3294201361164, 44.5059731103246], [11.3294251613871, 44.5060769609686], [11.3299028673892, 44.5063056096214], [11.3299906324159, 44.5063136972734], [11.33061300889, 44.5062252343759], [11.3306477600241, 44.5062311112161], [11.3306647078416, 44.506252172207], [11.3306901940374, 44.5063142265482], [11.3307118060148, 44.506336838947], [11.330871895728, 44.5064274304862], [11.3309264214061, 44.5064098492077], [11.331013267799, 44.5063949008711], [11.3311532593986, 44.5063854532633], [11.331204367973, 44.5063975825036], [11.3312343238424, 44.5063986170253], [11.3312594186495, 44.5063931640348], [11.3313507994787, 44.5063188411309], [11.3314071679395, 44.5061744251151], [11.3314474382586, 44.5061456079519], [11.3315279787778, 44.5060879735849], [11.3316862336244, 44.5060172236809], [11.3320511434188, 44.5059159142475], [11.3326154876007, 44.5058314564213], [11.3330478628156, 44.5057635676084]]], ""type"": ""MultiLineString""}";1069
1870;Precedente 31/12/2021;264.0;Percorso naturalistico;sterrato;44.46168445684154, 11.378339969440624;"{""coordinates"": [[[11.3792058533778, 44.4626353668637], [11.3791984399001, 44.4625895941429], [11.3791771463544, 44.4625235126389], [11.379141622227, 44.4624510662394], [11.3791094163093, 44.4623453010347], [11.3790882581898, 44.4622825445394], [11.3790539398794, 44.4622400049424], [11.3789773325778, 44.4621883403667], [11.3789239977216, 44.4621362093812], [11.3788782141206, 44.461924319697], [11.37884882042, 44.4618883357148], [11.3787126335772, 44.461744780402], [11.3786910812763, 44.4616720652024], [11.3786408059736, 44.4615799817551], [11.3785680639589, 44.461508305161], [11.3785003773839, 44.4614465029783], [11.3784151441464, 44.461411656992], [11.3783587667344, 44.4613995005846], [11.3778933280517, 44.4614057100398], [11.3772777754762, 44.4612655713222], [11.3770892944744, 44.4612096419129]]], ""type"": ""MultiLineString""}";1072
1872;Precedente 31/12/2021;192.0;Ciclabile;sede propria;44.51662580616154, 11.401434175384399;"{""coordinates"": [[[11.4005639639816, 44.5171003408812], [11.4007410905401, 44.516932403077], [11.4009790432794, 44.5167008863538], [11.401138834763, 44.5165475806988], [11.4011944896888, 44.5165184944327], [11.4013053407012, 44.5164762826389], [11.4014449526574, 44.5164557971866], [11.4015968157216, 44.5164621707597], [11.4020874572616, 44.5166017820942], [11.4022048738429, 44.5165750144024], [11.4022549837035, 44.5165389889862], [11.4022665529304, 44.5164901757251], [11.4022346348216, 44.516440335398], [11.4022251388469, 44.5164075080315], [11.4022677481883, 44.5163871828384]]], ""type"": ""MultiLineString""}";1075
1613;Precedente 31/12/2021;140.0;Percorso naturalistico;pavimentato;44.5107031887702, 11.302974812874073;"{""coordinates"": [[[11.3026756474191, 44.5101155527384], [11.3030510233603, 44.5108419962442], [11.3030976514881, 44.5109253302527], [11.3031280257061, 44.5109890231309], [11.3031492061168, 44.5110551005909], [11.3031962709152, 44.5111495047307], [11.303226732626, 44.5112154117671], [11.3032302236304, 44.5113039701894]]], ""type"": ""MultiLineString""}";1078
1618;Precedente 31/12/2021;142.0;Pedonale-Ciclabile;promiscuo ciclopedonale;44.49989327546445, 11.31664306923755;"{""coordinates"": [[[11.3158248977334, 44.5001438833397], [11.3174612407417, 44.4996426675892]]], ""type"": ""MultiLineString""}";1079
1856;Precedente 31/12/2021;218.0;Ciclabile;sede propria;44.52743352120751, 11.335259981669092;"{""coordinates"": [[[11.3341972122004, 44.5277959371087], [11.3341909773092, 44.5277384524218], [11.3341985825659, 44.5276834854878], [11.3342267573154, 44.5276519736636], [11.3350577647737, 44.5273787100066], [11.3353258579865, 44.5273590151047], [11.3354899043366, 44.5273387036233], [11.3356704687358, 44.5272899303553], [11.3358352898572, 44.5272400763133], [11.3359304193841, 44.5272141790174], [11.3359820273467, 44.5272285532429], [11.335996771244, 44.5272535422854], [11.3360057449331, 44.527281463852], [11.3360189794578, 44.5273177286981], [11.3360360811235, 44.5273524872798], [11.3360770548085, 44.5273951643542], [11.3361356777744, 44.5274374683821], [11.3361799516176, 44.5274646243089], [11.3362552817797, 44.5275318531934], [11.3362712724274, 44.5275876930141], [11.3362749875549, 44.5276311519157]]], ""type"": ""MultiLineString""}";1081
874;Precedente 31/12/2021;495.0;Itinerario ciclabile;promiscuo veicolare;44.51933285454295, 11.336916456877965;"{""coordinates"": [[[11.336110092538, 44.5171407574096], [11.3360734485128, 44.5174392308247], [11.3361000362547, 44.5176740925362], [11.3361636695263, 44.5178707171098], [11.3366088034142, 44.5192620129719], [11.3367124719011, 44.5195893835524], [11.3367738731221, 44.5197843822952], [11.3368238662711, 44.5198882942393], [11.3368730689825, 44.5199725413484], [11.3369604041955, 44.5200931674316], [11.3370338533919, 44.5201725474352], [11.3371132223918, 44.5202474296677], [11.3372518281463, 44.5203516917128], [11.3374330685644, 44.5204528947295], [11.3375728711516, 44.5205112236502], [11.3377030836056, 44.5205588196676], [11.3378328451185, 44.5205954951361], [11.3379621809128, 44.5206212406221], [11.3382876100455, 44.5206604677898], [11.3384597974901, 44.5206875372179], [11.3385745998333, 44.5207310956599], [11.3386037324778, 44.520772025856]]], ""type"": ""MultiLineString""}";1085
1863;Precedente 31/12/2021;53.0;Percorso naturalistico;pavimentato;44.504115038834634, 11.367167113891842;"{""coordinates"": [[[11.3673087144455, 44.5043388823932], [11.3671287195223, 44.5040139060743], [11.3669765622829, 44.5039439578316]]], ""type"": ""MultiLineString""}";1090
1864;Precedente 31/12/2021;133.0;Percorso naturalistico;pavimentato;44.504807734467086, 11.367469016686965;"{""coordinates"": [[[11.3668379762867, 44.5047916141435], [11.366930238188, 44.5048385920031], [11.3670755922745, 44.5049103992514], [11.3671800453641, 44.5049677080666], [11.367300453917, 44.5050208494524], [11.3673597619973, 44.5050253745625], [11.3673968089845, 44.5050111751423], [11.3674691104301, 44.5049386836462], [11.3678053222449, 44.5046151122808], [11.36784435255, 44.5045836009574], [11.3680888935654, 44.5045171138766]]], ""type"": ""MultiLineString""}";1093
1800;Precedente 31/12/2021;268.0;Ciclabile;sede propria;44.49692549861157, 11.282683212102517;"{""coordinates"": [[[11.2823390139378, 44.4958510024003], [11.2825912920277, 44.4964098907886], [11.2826680102993, 44.4965751173085], [11.2827392079235, 44.4966931720964], [11.2828168379801, 44.4967986642738], [11.2829044892809, 44.4968940066174], [11.2830243938275, 44.4970111174334], [11.283205241756, 44.4971693514173], [11.2828590033856, 44.4973260523981], [11.2822270106237, 44.4975914850063], [11.2820835497238, 44.4976514627046]]], ""type"": ""MultiLineString""}";1095
1804;Precedente 31/12/2021;360.0;Itinerario ciclabile;corsia ciclabile su strada;44.47808593817025, 11.365585555905472;"{""coordinates"": [[[11.3644406523929, 44.479485266776], [11.3647675368251, 44.4791211110162], [11.3649203914144, 44.4789208153505], [11.3652669544919, 44.4784630028054], [11.365745653829, 44.4778755922692], [11.3659286058346, 44.477643588868], [11.3660450647949, 44.4775143756132], [11.3665587239472, 44.4769178126879], [11.3666610073443, 44.4767297847658], [11.366718866946, 44.47668280613]]], ""type"": ""MultiLineString""}";1098
1807;2022;89.0;Itinerario ciclabile;promiscuo veicolare;44.5248788233982, 11.274539340843843;"{""coordinates"": [[[11.2747252413722, 44.5252580487311], [11.2746941253863, 44.5251606935353], [11.27466032735, 44.5250829809535], [11.2745691216227, 44.5249353845516], [11.274336637859, 44.5245065660181]]], ""type"": ""MultiLineString""}";1099
1809;Precedente 31/12/2021;71.0;Ciclabile;sede propria;44.49804484733175, 11.357050227192994;"{""coordinates"": [[[11.35661216809, 44.498103999856], [11.3567399434905, 44.4980887901643], [11.3574879806816, 44.4979833436394]]], ""type"": ""MultiLineString""}";1101
824;Precedente 31/12/2021;121.0;Pedonale-Ciclabile;promiscuo ciclopedonale;44.49593082731196, 11.311712692100405;"{""coordinates"": [[[11.3109831352279, 44.4957928243909], [11.3111074497053, 44.4958207471767], [11.3117118446877, 44.4959393859596], [11.3119983963908, 44.4959890617529], [11.3122610575228, 44.4960225724667], [11.3123905718806, 44.4960334236574], [11.3124176256459, 44.4960162298476], [11.312424275127, 44.4959917144627]]], ""type"": ""MultiLineString""}";1106
823;Precedente 31/12/2021;33.0;Pedonale-Ciclabile;promiscuo ciclopedonale;44.495742971129395, 11.310785572129133;"{""coordinates"": [[[11.3109831352279, 44.4957928243909], [11.3108377543921, 44.4957601695088], [11.3105899716291, 44.4956872785522], [11.310589554595508, 44.49568715587167], [11.31058955449508, 44.49568715584213], [11.3105895538457, 44.4956871556511]]], ""type"": ""MultiLineString""}";1107
825;Precedente 31/12/2021;233.0;Pedonale-Ciclabile;ciclabile contigua al pedonale;44.4961152660281, 11.313878917201288;"{""coordinates"": [[[11.3124245740204, 44.4959906122746], [11.3126637083609, 44.4960000061217], [11.3136996084201, 44.4960806853025], [11.314401467019, 44.4961663894454], [11.3148358001187, 44.4962193147879], [11.3153296473242, 44.4962795812488]]], ""type"": ""MultiLineString""}";1109
828;Precedente 31/12/2021;80.0;Pedonale-Ciclabile;ciclabile contigua al pedonale;44.497165191675606, 11.320536970081859;"{""coordinates"": [[[11.3200404167377, 44.4971264892452], [11.3202458112639, 44.4971527036651], [11.320246223107782, 44.49715274286712], [11.320251568681206, 44.49715325169412], [11.320556841902484, 44.49718230961628], [11.320560703350308, 44.4971826771744], [11.3205608391152, 44.4971826900974], [11.320560839557842, 44.497182690106264], [11.320560852147496, 44.49718269035843], [11.32061615494648, 44.497183798056945], [11.320616404159777, 44.497183803048614], [11.32061641025, 44.4971838031706], [11.320616410603458, 44.49718380315329], [11.320616413694339, 44.49718380300196], [11.320866813312621, 44.49717154301253], [11.3208668162256, 44.4971715428699], [11.3210349325841, 44.4971632880253]]], ""type"": ""MultiLineString""}";1110
827;Precedente 31/12/2021;103.0;Pedonale-Ciclabile;ciclabile contigua al pedonale;44.49702031956997, 11.319415441224729;"{""coordinates"": [[[11.3187907415926, 44.4970118939524], [11.3188669808309, 44.4969913941773], [11.3189757237934, 44.4969649311855], [11.3190513395049, 44.4969575694234], [11.3191420021772, 44.496953790724], [11.319142002268745, 44.49695379073364], [11.3191882810624, 44.4969586653713], [11.3193290143296, 44.4969868532246], [11.3197468961425, 44.4970688768402], [11.3200404167377, 44.4971264892452]]], ""type"": ""MultiLineString""}";1111
1810;Precedente 31/12/2021;189.0;Pedonale-Ciclabile;ciclabile contigua al pedonale;44.48718467107215, 11.35577704309465;"{""coordinates"": [[[11.3545986504519, 44.4870670958171], [11.3569554357374, 44.4873022463272]]], ""type"": ""MultiLineString""}";1112
829;Precedente 31/12/2021;61.0;Pedonale-Ciclabile;ciclabile contigua al pedonale;44.49714648933905, 11.3214162644248;"{""coordinates"": [[[11.3210349325841, 44.4971632880253], [11.3217975962655, 44.4971296906528]]], ""type"": ""MultiLineString""}";1113
1013;;223.0;Ciclabile;sede propria;44.47048842574914, 11.392855571708827;"{""coordinates"": [[[11.39300089593436, 44.47129187749371], [11.392874493378633, 44.4710997994397], [11.392837586338619, 44.47104074574823], [11.392830177430303, 44.470999645097116], [11.39287714656313, 44.47095123240779], [11.392995326845632, 44.47088484977507], [11.393097167299734, 44.470841496715906], [11.393130836935857, 44.47082017699314], [11.393126549936046, 44.470785202735755], [11.393065563337185, 44.47069983303068], [11.39306127705854, 44.470664857877395], [11.393100964535204, 44.47050728942316], [11.393121689051187, 44.47037898836198], [11.3930390080293, 44.470254865885416], [11.392887313210151, 44.47005995216491], [11.392746944818978, 44.469982571661305], [11.392292625227787, 44.47015488699872], [11.392230760035947, 44.4700685852579]]], ""type"": ""MultiLineString""}";1116
2307;;42.0;Itinerario ciclabile;promiscuo veicolare;44.49054170080912, 11.330867067751411;"{""coordinates"": [[[11.33095768885989, 44.49072015875969], [11.330776446642938, 44.49036324285854]]], ""type"": ""MultiLineString""}";1124
2324;2025;275.0;Pedonale-Ciclabile;ciclabile contigua al pedonale;44.50556454742326, 11.339890096429793;"{""coordinates"": [[[11.3383408211667, 44.5052094567786], [11.339028916466948, 44.50556521155344], [11.339189340246095, 44.50563765894046], [11.339304226523106, 44.50567933354851], [11.339371547467074, 44.505700855059175], [11.339493177989524, 44.505726537824444], [11.339560005192778, 44.50573573629246], [11.339631465315025, 44.50573779940137], [11.339720584703713, 44.50573381094499], [11.339834916474071, 44.50572266152245], [11.341432116893275, 44.505462236776204], [11.341401549366905, 44.50538974709542]]], ""type"": ""MultiLineString""}";1133
2314;2025;1001.0;Ciclabile;corsia preferenziale bus/bici;44.46746758758753, 11.370891685479178;"{""coordinates"": [[[11.370841352729336, 44.46293441223721], [11.37094522297461, 44.463208083827226], [11.370911323472248, 44.4641875400888], [11.370902274483338, 44.46506793856716], [11.370864728652268, 44.4659317235125], [11.370856290008248, 44.46615343977898], [11.3708397570073, 44.46675901304878], [11.370869976635062, 44.4681344777456], [11.370924403959275, 44.46845038539501], [11.371001344588086, 44.46871544680792], [11.371081654986002, 44.46906343438286], [11.371165238941668, 44.46939643981691], [11.371154491575046, 44.47002579868119], [11.370972176561725, 44.47063617362125], [11.370855217126815, 44.470892185931746], [11.370693481704132, 44.471171813180334], [11.370316691706977, 44.47161730282272], [11.370141455933245, 44.47171793755892]]], ""type"": ""MultiLineString""}";1137
819;Precedente 31/12/2021;122.0;Pedonale-Ciclabile;promiscuo ciclopedonale;44.492208618886316, 11.300920536557841;"{""coordinates"": [[[11.3015951599079, 44.492468970531], [11.3012760444274, 44.49233969949], [11.300666534423, 44.4921147621225], [11.3002447709484, 44.4919511136661]]], ""type"": ""MultiLineString""}";7
1827;Precedente 31/12/2021;371.0;Ciclabile;corsia preferenziale bus/bici;44.50480881533449, 11.311306560137545;"{""coordinates"": [[[11.3092475360357, 44.5055852835211], [11.309274892378655, 44.50555713418533], [11.3092806082601, 44.5055512526146], [11.309285540760607, 44.505546177133105], [11.3092855410891, 44.50554617679509], [11.3092859966814, 44.5055457079963], [11.3093289406806, 44.5055015190797], [11.3102701024422, 44.5051787936526], [11.3113813835198, 44.5047743157533], [11.313394996896, 44.5040800682486]]], ""type"": ""MultiLineString""}";12
1829;Precedente 31/12/2021;300.0;Ciclabile;sede propria;44.5327099819514, 11.27077757013715;"{""coordinates"": [[[11.2715698005587, 44.5339341075451], [11.2699853397156, 44.5314858563577]]], ""type"": ""MultiLineString""}";14
608;Precedente 31/12/2021;88.0;Ciclabile;corsia ciclabile su strada;44.493449614031604, 11.3735761662613;"{""coordinates"": [[[11.3741189741648, 44.4933827173031], [11.3730333583578, 44.4935165107601]]], ""type"": ""MultiLineString""}";20
1812;Precedente 31/12/2021;187.0;Pedonale-Ciclabile;promiscuo ciclopedonale;44.48796216585042, 11.3612860043547;"{""coordinates"": [[[11.3604813910918, 44.4876300345508], [11.3607211370414, 44.4878954391598], [11.3609483821916, 44.4882047483229], [11.361843231773, 44.4878730381493], [11.3622540283289, 44.4878777599993]]], ""type"": ""MultiLineString""}";24
1814;Precedente 31/12/2021;47.0;Ciclabile;sede propria;44.498285866555506, 11.355542677704216;"{""coordinates"": [[[11.3555423186986, 44.4980750424475], [11.3555150860547, 44.4983290580565], [11.3556100602087, 44.498481318647]]], ""type"": ""MultiLineString""}";26
1816;Precedente 31/12/2021;101.0;Pedonale-Ciclabile;promiscuo ciclopedonale;44.51437376430159, 11.332056494853685;"{""coordinates"": [[[11.3321930785199, 44.5147124017393], [11.3323442614316, 44.5146177429793], [11.3318847953018, 44.5141948459076], [11.3317282139988, 44.5140560437307], [11.3316736999187, 44.5140281212605]]], ""type"": ""MultiLineString""}";28
1818;Precedente 31/12/2021;121.0;Ciclabile;sede propria;44.5267735119959, 11.363972249158127;"{""coordinates"": [[[11.3633372383038, 44.5265318966075], [11.3634719219987, 44.5265457937272], [11.3637141826178, 44.5266242077073], [11.3644245830209, 44.5270308205561], [11.364558827019, 44.5269097315026]]], ""type"": ""MultiLineString""}";30
833;Precedente 31/12/2021;58.0;Ciclabile;sede propria;44.496943367191456, 11.326326453841824;"{""coordinates"": [[[11.3259637535656, 44.4969504182209], [11.325963772548691, 44.49695041767988], [11.326507970501, 44.4969349080156], [11.3266882831057, 44.4969560492139]]], ""type"": ""MultiLineString""}";37
834;Precedente 31/12/2021;91.0;Ciclabile;sede propria;44.496986428335504, 11.327237076970697;"{""coordinates"": [[[11.3266882831057, 44.4969560492139], [11.326688380731047, 44.49695606178064], [11.326689211063554, 44.496956168664454], [11.3272845236006, 44.497032799746], [11.3273419972895, 44.4970197668027], [11.3273926777687, 44.497002807589], [11.3274329926294, 44.4969836021965], [11.3274961603324, 44.4969422527909], [11.327601666646423, 44.4969566842337], [11.327610119533578, 44.496957840442775], [11.327610119828012, 44.49695784048305], [11.3276121303474, 44.4969581154874]], [[11.3276121291104, 44.4969581153182], [11.3277160179645, 44.4969723255204], [11.3277784424741, 44.4969832877181]]], ""type"": ""MultiLineString""}";40
1820;Precedente 31/12/2021;138.0;Ciclabile;sede propria;44.515480571299896, 11.39453892847957;"{""coordinates"": [[[11.3938437074959, 44.5158571755198], [11.3940400631501, 44.5156987311002], [11.3941721977754, 44.5156022613675], [11.3943158728464, 44.5155367814443], [11.3946396654737, 44.515417916334], [11.3951742087564, 44.5152413468933], [11.3952855089807, 44.5152004289289]]], ""type"": ""MultiLineString""}";43
462;Precedente 31/12/2021;382.0;Ciclabile;sede propria;44.504982248444065, 11.395788395779224;"{""coordinates"": [[[11.3937279708548, 44.504687865166], [11.3948749038666, 44.504807787088], [11.3956031136613, 44.5048649864233], [11.3959372990815, 44.5048800293087], [11.3962514774928, 44.5048865858349], [11.3968677580627, 44.5048950689438], [11.3969331771148, 44.5048911246106], [11.3969412285239, 44.5049279767961], [11.3969535931632, 44.5049601824046], [11.3969689459033, 44.504990387981], [11.3969900563381, 44.5050164811388], [11.3970285445033, 44.5050472996467], [11.3971042152148, 44.5051248908412], [11.3971360724381, 44.5051987408259], [11.3970565805075, 44.5056247574052], [11.3969595240244, 44.5059739834131]]], ""type"": ""MultiLineString""}";45
464;Precedente 31/12/2021;78.0;Itinerario ciclabile;promiscuo veicolare;44.50288838931713, 11.394916984650493;"{""coordinates"": [[[11.3945394461276, 44.5029344767693], [11.3945960528668, 44.5029124075434], [11.3948408892276, 44.5028347496254], [11.3949384915526, 44.5028032454276], [11.3950214196287, 44.5027967887535], [11.3950544689056, 44.5028063996103], [11.3951044236058, 44.5028854312388], [11.3951512663296, 44.5029645363457], [11.3951591265301, 44.5030044578988], [11.3950696856076, 44.5030651508732]]], ""type"": ""MultiLineString""}";47
466;Precedente 31/12/2021;124.0;Itinerario ciclabile;promiscuo veicolare;44.501665917797794, 11.393798857674176;"{""coordinates"": [[[11.3934845733383, 44.5011548576832], [11.3937289575577, 44.5015431060544], [11.3940469006401, 44.5020813828797], [11.3941095539192, 44.5021791481088]]], ""type"": ""MultiLineString""}";49
465;Precedente 31/12/2021;91.0;Pedonale-Ciclabile;promiscuo ciclopedonale;44.50256075844917, 11.394315067775139;"{""coordinates"": [[[11.3941095539192, 44.5021791481088], [11.394128488236, 44.5022534533519], [11.3945394461276, 44.5029344767693]]], ""type"": ""MultiLineString""}";50
467;Precedente 31/12/2021;335.0;Ciclabile;sede propria;44.49999452158656, 11.392338726862253;"{""coordinates"": [[[11.3909239616758, 44.4994384750233], [11.3912625698136, 44.4993586768535], [11.3916571082469, 44.4992711781548], [11.3917085308043, 44.4992636164406], [11.3918081207052, 44.4992791699845], [11.3918784331226, 44.4992937490414], [11.3919536964058, 44.4993194958889], [11.3920335872215, 44.4993483557945], [11.3921072647477, 44.4993902206105], [11.3921676563282, 44.4994372040806], [11.3922553231913, 44.499546380847], [11.3923242262813, 44.499636647522], [11.3924492712258, 44.4998351691295], [11.3926274236672, 44.5001226963743], [11.3931619447421, 44.5009869207707], [11.3932580566582, 44.5011377876353], [11.3932903680553, 44.5011580178506], [11.393331209032, 44.5011667936155], [11.3934009997583, 44.5011685026176], [11.3934845733383, 44.5011548576832]]], ""type"": ""MultiLineString""}";52
1214;Precedente 31/12/2021;78.0;Percorso naturalistico;pavimentato;44.539681705298825, 11.351905935451217;"{""coordinates"": [[[11.3522668809917, 44.5399252771547], [11.3519942159602, 44.5396963097264], [11.3518595240424, 44.5396369047989], [11.3517479931795, 44.5395947999595], [11.3515980505977, 44.5395286031789], [11.3515140286822, 44.5394876906554]]], ""type"": ""MultiLineString""}";53
1216;Precedente 31/12/2021;152.0;Percorso naturalistico;pavimentato;44.53917823206513, 11.352593940691865;"{""coordinates"": [[[11.3519301088108, 44.5396680357013], [11.3520136037025, 44.5396193796342], [11.3522125156124, 44.5394745556], [11.3524980814476, 44.5392532538032], [11.3528487206713, 44.5389937466696], [11.3528993873277, 44.5389536200498], [11.3529993976168, 44.5388432225979], [11.3532519924576, 44.5386834325599]]], ""type"": ""MultiLineString""}";56
745;Precedente 31/12/2021;332.0;Pedonale-Ciclabile;corsia ciclabile su strada;44.504101366582724, 11.28015014940608;"{""coordinates"": [[[11.27906440959, 44.5033843140893], [11.2796493990099, 44.5037580431936], [11.2800754108738, 44.5040303090478], [11.2802727256855, 44.5041661689402], [11.2803454260083, 44.5042162256632], [11.2805115244212, 44.5043288402265], [11.2805402306934, 44.5043503781296], [11.280812285977, 44.5045544953969], [11.2812038027243, 44.504863896841]]], ""type"": ""MultiLineString""}";63
453;Precedente 31/12/2021;94.0;Ciclabile;sede propria;44.50522081104445, 11.36639235167595;"{""coordinates"": [[[11.3660385763745, 44.5055608747832], [11.3667461269774, 44.5048807473057]]], ""type"": ""MultiLineString""}";67
454;Precedente 31/12/2021;179.0;Ciclabile;sede propria;44.50441375134087, 11.3658396109109;"{""coordinates"": [[[11.3667461269774, 44.5048807473057], [11.3651056681064, 44.5040395034209], [11.3650435027743, 44.5039977383814], [11.3650151752634, 44.5039720623599], [11.3649926991632, 44.5039445779946], [11.3649645388711, 44.5039059853192]]], ""type"": ""MultiLineString""}";71
1441;Precedente 31/12/2021;177.0;Pedonale-Ciclabile;area pedonale;44.49301041984571, 11.342141904435858;"{""coordinates"": [[[11.3425734038184, 44.4936136870699], [11.342323759382415, 44.49359195461291], [11.342323759359173, 44.49359195461089], [11.3423237589182, 44.4935919545725], [11.342323680698161, 44.49359180457861], [11.342323588792624, 44.493591628341555], [11.3422746724158, 44.493497826832], [11.342225380326735, 44.49334762016843], [11.342225328757282, 44.493347463022005], [11.3421898063349, 44.493239216351], [11.342166012424522, 44.49317998908785], [11.342165965560088, 44.493179872433956], [11.3421406177101, 44.4931167771395], [11.3420795136119, 44.4929295210759], [11.3420736496851, 44.4928996184493], [11.342070549090796, 44.49288701062515], [11.342070544965331, 44.492886993849936], [11.3419993969599, 44.4925976875257], [11.3419527663171, 44.4924416917367], [11.3418853645379, 44.4922127317179]]], ""type"": ""MultiLineString""}";77
1443;Precedente 31/12/2021;74.0;Pedonale-Ciclabile;area pedonale;44.4935047739842, 11.343233955963601;"{""coordinates"": [[[11.3436899795834, 44.4934338311831], [11.3427779323438, 44.4935757167853]]], ""type"": ""MultiLineString""}";80
1681;Precedente 31/12/2021;365.0;Ciclabile;sede propria;44.49646467012129, 11.356793493637044;"{""coordinates"": [[[11.35661216809, 44.498103999856], [11.356708546098599, 44.49720600313674], [11.356708552283497, 44.49720594550931], [11.3567624915309, 44.4967033695803], [11.356782619484, 44.4965158243642], [11.3567866201668, 44.4964823978522], [11.356797449586276, 44.49639191369251], [11.35679745083262, 44.49639190327881], [11.3569848061813, 44.4948264739108]]], ""type"": ""MultiLineString""}";84
1228;Precedente 31/12/2021;83.0;Pedonale-Ciclabile;promiscuo ciclopedonale;44.502220014260516, 11.284176603974323;"{""coordinates"": [[[11.2837381353008, 44.5020121371721], [11.2838233673627, 44.5020584179159], [11.2839583879631, 44.5021257478196], [11.2842666866888, 44.5022648188979], [11.2846224553498, 44.5024119990571]]], ""type"": ""MultiLineString""}";85
1444;Precedente 31/12/2021;44.0;Pedonale-Ciclabile;area pedonale;44.49380699475966, 11.342631174972347;"{""coordinates"": [[[11.3425734038184, 44.4936136870699], [11.3426887780629, 44.4939997400936], [11.34268891678043, 44.4940002042521], [11.342688917013602, 44.49400020503231], [11.3426889461274, 44.4940003024491]]], ""type"": ""MultiLineString""}";88
1682;Precedente 31/12/2021;594.0;Pedonale-Ciclabile;ciclabile contigua al pedonale;44.500951190487974, 11.355271639535546;"{""coordinates"": [[[11.356319839981968, 44.50100450035158], [11.356069172148153, 44.50113443755617], [11.354764858779717, 44.50160900372522], [11.354149195508366, 44.501832072876596], [11.353050446212416, 44.50223048084961], [11.352873341923056, 44.50246416681981]], [[11.356229044008023, 44.500952850601706], [11.3562383244464, 44.5009581298261], [11.356319839981968, 44.50100450035158]], [[11.356319839981968, 44.50100450035158], [11.356319839982, 44.5010045003516], [11.3563184072004, 44.5010052430541], [11.356316003894927, 44.50100648884137]], [[11.356471734194084, 44.4986045442259], [11.356427302371419, 44.49868797691844], [11.356168373155038, 44.50085552180539], [11.356145223680839, 44.50090516898382], [11.356319839982, 44.50100450035156], [11.356319839981968, 44.50100450035158]]], ""type"": ""MultiLineString""}";90
1685;Precedente 31/12/2021;239.0;Pedonale-Ciclabile;ciclabile contigua al pedonale;44.50044850619009, 11.331054105392784;"{""coordinates"": [[[11.3316448673605, 44.4997899142662], [11.3317630053141, 44.5004203049964], [11.3303399076287, 44.500546215336], [11.33042222365, 44.5006538224767], [11.3301424211449, 44.5009629731987]]], ""type"": ""MultiLineString""}";91
1684;Precedente 31/12/2021;113.0;Ciclabile;sede propria;44.50875224478407, 11.351739645841304;"{""coordinates"": [[[11.3520014993553, 44.509218200822], [11.3516209575749, 44.5085756437284], [11.3515293238155, 44.5082638746343]]], ""type"": ""MultiLineString""}";92
482;Precedente 31/12/2021;115.0;Pedonale-Ciclabile;promiscuo ciclopedonale;44.47073889985473, 11.372959239898018;"{""coordinates"": [[[11.3734932409845, 44.4703968334696], [11.3732141669148, 44.4705651136683], [11.3730051176838, 44.4706977087991], [11.3727994039666, 44.4708419707783], [11.3724371377769, 44.471099063388]]], ""type"": ""MultiLineString""}";94
1237;Precedente 31/12/2021;202.0;Percorso naturalistico;pavimentato;44.477716449042966, 11.374652036655666;"{""coordinates"": [[[11.3746914868883, 44.4768018428209], [11.3746771992892, 44.4771957195821], [11.3746625947559, 44.4776725268579], [11.3746348991035, 44.4781088260582], [11.3746227561033, 44.4784304246749], [11.3745965670494, 44.4785326389379], [11.3745441959097, 44.4786136125072]]], ""type"": ""MultiLineString""}";104
1218;Precedente 31/12/2021;239.0;Percorso naturalistico;pavimentato;44.53830341692821, 11.352209750228871;"{""coordinates"": [[[11.3532519924576, 44.5386834325599], [11.3528912416277, 44.5385982489981], [11.3524129535152, 44.538565801384], [11.351989587387, 44.5385377416466], [11.351837884013, 44.5385179254272], [11.3518488019271, 44.5383225782243], [11.351865479128, 44.5381960889383], [11.3518663728528, 44.538039599796], [11.3518024218579, 44.5378268935059], [11.3517288130692, 44.5376616516277], [11.3516403161785, 44.5375134043225], [11.3515785012082, 44.537439652479]]], ""type"": ""MultiLineString""}";105
1217;Precedente 31/12/2021;31.0;Percorso naturalistico;pavimentato;44.54131670788519, 11.351652811292409;"{""coordinates"": [[[11.3518425619909, 44.5412921397378], [11.3516478686419, 44.5413164569889], [11.3514633023501, 44.5413430729179]]], ""type"": ""MultiLineString""}";106
1478;Precedente 31/12/2021;34.0;Pedonale-Ciclabile;area pedonale;44.4952494219284, 11.34471806806615;"{""coordinates"": [[[11.3445060241998, 44.4952746467417], [11.3449301119325, 44.4952241971151]]], ""type"": ""MultiLineString""}";107
1479;Precedente 31/12/2021;19.0;Pedonale-Ciclabile;area pedonale;44.49529353003955, 11.34439201221395;"{""coordinates"": [[[11.3442780002281, 44.4953124133374], [11.3445060241998, 44.4952746467417]]], ""type"": ""MultiLineString""}";110
2301;2025;46.0;Itinerario ciclabile;corsia ciclabile su strada;44.46845389042745, 11.395192045478991;"{""coordinates"": [[[11.395043093943293, 44.46862897746239], [11.395124550836762, 44.46853322817206], [11.395243377660762, 44.468393551403324], [11.395340996660792, 44.46827880309144]]], ""type"": ""MultiLineString""}";111
2305;2025;469.0;Itinerario ciclabile;corsia ciclabile su strada;44.49710580396645, 11.35458526151193;"{""coordinates"": [[[11.356336728599072, 44.49649723568914], [11.356356803725436, 44.49629464338498], [11.356296097634136, 44.496259444010626], [11.356233477198973, 44.496247274851605], [11.353460602551474, 44.49710137253191], [11.353701126238484, 44.49754443998296], [11.35368893941334, 44.497617205965305], [11.354257045487103, 44.49874912773135]]], ""type"": ""MultiLineString""}";114
475;Precedente 31/12/2021;293.0;Ciclabile;sede propria;44.48841325662516, 11.395744842836374;"{""coordinates"": [[[11.397085423312, 44.4881135851481], [11.3970367807655, 44.4881399175334], [11.3969987588752, 44.4881697602132], [11.3969739597678, 44.4882030754518], [11.396965806148, 44.4882275978123], [11.3969535931551, 44.4882739885345], [11.3969680588242, 44.4883146495463], [11.396981856049, 44.4883321559197], [11.3966173487627, 44.4884453489042], [11.3964386443276, 44.4882441198711], [11.3963110251322, 44.4881247875501], [11.3961946033784, 44.4881126269735], [11.396046903588, 44.4881694922962], [11.3958458902654, 44.4882567985096], [11.3954845357145, 44.4884256768463], [11.3951225740138, 44.4885799410476], [11.3948682292465, 44.4886977275727], [11.3947469749971, 44.488734519805], [11.3946687998064, 44.4887292415926], [11.3945652199181, 44.4886554227077], [11.3944376853581, 44.4886332547635], [11.3942862637173, 44.4886224990017], [11.3942112470186, 44.488627469192]]], ""type"": ""MultiLineString""}";118
476;Precedente 31/12/2021;236.0;Ciclabile;sede propria;44.48475005088487, 11.395323356197101;"{""coordinates"": [[[11.395925061095, 44.4857235957608], [11.395798507729, 44.4854943526016], [11.3947091520362, 44.4837839265757]]], ""type"": ""MultiLineString""}";121
1223;Precedente 31/12/2021;183.0;Pedonale-Ciclabile;promiscuo ciclopedonale;44.53209643553798, 11.349010170465881;"{""coordinates"": [[[11.3493211725228, 44.5328870361035], [11.349196059632, 44.5325646976269], [11.3486973337278, 44.531306554652]]], ""type"": ""MultiLineString""}";123
1649;Precedente 31/12/2021;28.0;Pedonale-Ciclabile;ciclabile contigua al pedonale;44.4943900035491, 11.33668740804265;"{""coordinates"": [[[11.3365202302803, 44.4944217990507], [11.336854585805, 44.4943582080475]]], ""type"": ""MultiLineString""}";131
421;Precedente 31/12/2021;1285.0;Ciclabile;sede propria;44.507122585856216, 11.318472516774477;"{""coordinates"": [[[11.3131726090267, 44.5108190313947], [11.3133163669808, 44.5107487065456], [11.3139802825314, 44.5105256300592], [11.3142890177695, 44.5104291093054], [11.3144374710829, 44.5103909882327], [11.3148593443806, 44.5102916212649], [11.3151421633898, 44.5102557737103], [11.3153969795497, 44.5102014727655], [11.3156056151208, 44.5100921393317], [11.31587401988, 44.5099159054259], [11.3161562659408, 44.5097183701527], [11.316462214665, 44.5094704310848], [11.3167053482948, 44.509305218268], [11.3170253181809, 44.5091331893247], [11.317218854958, 44.5090136497047], [11.3174276113642, 44.5088149766296], [11.3176446412282, 44.5086397821985], [11.3178663801132, 44.5084907663112], [11.3182432952517, 44.5081809487343], [11.3186326939737, 44.5078156993377], [11.319016543614, 44.507403267133], [11.3192063194288, 44.5071892117587], [11.3195765090239, 44.5064328574132], [11.3196965752404, 44.5062202186565], [11.319829314094, 44.5060493615543], [11.320228235419, 44.5056471284479], [11.3202913518695, 44.5055722756203], [11.3205096519959, 44.5052446568789], [11.3209280662991, 44.5046063117633], [11.321432895067, 44.5037157361863], [11.3215216796897, 44.5035477420532], [11.321631770665, 44.5033615789225], [11.3218060161864, 44.5031268154417], [11.3219178789315, 44.5029852828318], [11.3220123375595, 44.5028677516195], [11.3222932252765, 44.5024987863974], [11.3223331693018, 44.5024414826294], [11.3226109085393, 44.5019861318548]]], ""type"": ""MultiLineString""}";136
1410;Precedente 31/12/2021;60.0;Pedonale-Ciclabile;area pedonale;44.4929652184164, 11.34356475591495;"{""coordinates"": [[[11.3434868242545, 44.4926996555535], [11.3436426875754, 44.4932307812793]]], ""type"": ""MultiLineString""}";144
1894;Precedente 31/12/2021;207.0;Ciclabile;sede propria;44.49774911878252, 11.389320302035784;"{""coordinates"": [[[11.3896041195394, 44.4986599819617], [11.3895171875451, 44.4984409018646], [11.3894149580816, 44.4981320940225], [11.3893883278673, 44.4980377278842], [11.3892832002643, 44.49758170557], [11.3892437538855, 44.4973959731699], [11.3891569893323, 44.4971686343264], [11.3890552248926, 44.4969088692419], [11.3890479507949, 44.4968364831569]]], ""type"": ""MultiLineString""}";153
1895;Precedente 31/12/2021;35.0;Ciclabile;sede propria;44.496683127740575, 11.389022044884328;"{""coordinates"": [[[11.3890479507949, 44.4968364831569], [11.3890265483107, 44.4967765282259], [11.3890204965883, 44.4966627316902], [11.3890069127227, 44.4965271653307]]], ""type"": ""MultiLineString""}";158
413;Precedente 31/12/2021;123.0;Ciclabile;sede propria;44.51286475780909, 11.326624250576504;"{""coordinates"": [[[11.325966672069, 44.5131586804142], [11.326029836362, 44.5131016713241], [11.3261399472254, 44.5130529213599], [11.3263596226276, 44.5129500861521], [11.3265572615801, 44.5128691445567], [11.326801837839, 44.5127897118248], [11.3271562811572, 44.5126840357849], [11.327306897683, 44.512621686874]]], ""type"": ""MultiLineString""}";164
415;Precedente 31/12/2021;421.0;Ciclabile;corsia ciclabile su strada;44.510889149697746, 11.328291629361491;"{""coordinates"": [[[11.327306897683, 44.512621686874], [11.327356758867, 44.5124883052443], [11.3276446307797, 44.5118626607181], [11.3277182787412, 44.5117614805449], [11.3279135955283, 44.5115498287024], [11.32827057944, 44.5111630067381], [11.3284122415064, 44.5109603439465], [11.328498979377, 44.5107382318326], [11.3285853442544, 44.5103823971447], [11.3286575010601, 44.5102010478681], [11.3288382184294, 44.5098224646309], [11.3289920552703, 44.5095652500265], [11.3292390825074, 44.5091276967998]]], ""type"": ""MultiLineString""}";166
890;Precedente 31/12/2021;148.0;Pedonale-Ciclabile;ciclabile contigua al pedonale;44.52619239729982, 11.345725744358555;"{""coordinates"": [[[11.3459810066632, 44.5268299726236], [11.3457042275816, 44.5261401117059], [11.345627945516, 44.525957954396], [11.3455107642056, 44.525645650457], [11.3454787438962, 44.525551708415]]], ""type"": ""MultiLineString""}";168
893;Precedente 31/12/2021;57.0;Ciclabile;sede propria;44.531528685497804, 11.347235497160149;"{""coordinates"": [[[11.3472418607897, 44.5317833209675], [11.3472291335306, 44.5312740500281]]], ""type"": ""MultiLineString""}";169
892;Precedente 31/12/2021;159.0;Ciclabile;sede propria;44.530557745139916, 11.347272779942152;"{""coordinates"": [[[11.3472291335306, 44.5312740500281], [11.3472965092969, 44.5303633825674], [11.3472984060973, 44.5301624502516], [11.3472866176121, 44.5299952755359], [11.3472696570829, 44.5298416477025]]], ""type"": ""MultiLineString""}";171
1401;Precedente 31/12/2021;35.0;Ciclabile;sede propria;44.49402707563829, 11.346470860483926;"{""coordinates"": [[[11.3464671143427, 44.494095236377], [11.3464640995313, 44.4940890924039]], [[11.3464671143427, 44.494095236377], [11.3464756286794, 44.4941499139182], [11.3465057720797, 44.4941740179916]], [[11.3465032315501, 44.4938719184285], [11.3464495177634, 44.4939822339329], [11.3464671143427, 44.494095236377]]], ""type"": ""MultiLineString""}";172
1400;Precedente 31/12/2021;60.0;Pedonale-Ciclabile;area pedonale;44.49432557731334, 11.346741257048887;"{""coordinates"": [[[11.3465057720797, 44.4941740179916], [11.346517809439554, 44.49418326856028], [11.346517892350057, 44.494183332276016], [11.346517892981574, 44.49418333276133], [11.3465244271292, 44.4941883541765], [11.3466034233055, 44.4942490618034], [11.3466762604925, 44.4942953462523], [11.3467369315949, 44.4943064629336], [11.3468593733637, 44.4943025031347], [11.3468786046512, 44.4943529265587], [11.3468579278154, 44.4944272313003], [11.3468340518514, 44.4944754276941], [11.3467951040072, 44.4945243637971]]], ""type"": ""MultiLineString""}";174
658;Precedente 31/12/2021;178.0;Pedonale-Ciclabile;ciclabile contigua al pedonale;44.48573550570345, 11.386130828171218;"{""coordinates"": [[[11.3866120816264, 44.4864586826653], [11.3863296330933, 44.4860335093384], [11.3860581576838, 44.4856248568023], [11.3856480001923, 44.4850133797914]]], ""type"": ""MultiLineString""}";176
1402;Precedente 31/12/2021;19.0;Pedonale-Ciclabile;area pedonale;44.493794212470384, 11.346560685972783;"{""coordinates"": [[[11.3466231306711, 44.4937204150287], [11.346553568566, 44.4937980988107], [11.3465032317942, 44.4938719182436]]], ""type"": ""MultiLineString""}";178
896;Precedente 31/12/2021;73.0;Ciclabile;sede propria;44.533647469907926, 11.347773900386553;"{""coordinates"": [[[11.347982829322, 44.5339372919331], [11.3479152665961, 44.5338460190233], [11.3475663488538, 44.5333566471706]]], ""type"": ""MultiLineString""}";180
1640;Precedente 31/12/2021;298.0;Ciclabile;sede propria;44.512332899965386, 11.3388621707725;"{""coordinates"": [[[11.3391941603624, 44.513645820808], [11.3391136240306, 44.513509727382], [11.3390437132185, 44.5130309339161], [11.3387644295955, 44.5119114902693], [11.3385312797634, 44.5110115838083]]], ""type"": ""MultiLineString""}";181
898;Precedente 31/12/2021;197.0;Pedonale-Ciclabile;ciclabile contigua al pedonale;44.5359082613676, 11.349823105149628;"{""coordinates"": [[[11.3506050027308, 44.5365948133495], [11.3500666981991, 44.5361192932561], [11.3497128090182, 44.5358049690526], [11.3491471061963, 44.5353252244643], [11.349034982163, 44.5352288906491]]], ""type"": ""MultiLineString""}";184
1881;Precedente 31/12/2021;85.0;Pedonale-Ciclabile;ciclabile contigua al pedonale;44.49779274933491, 11.312910873133903;"{""coordinates"": [[[11.3134029158667, 44.4976356076599], [11.3132030839701, 44.4977169220787], [11.3127180762364, 44.4978524383784], [11.312409222641, 44.4979179893466]]], ""type"": ""MultiLineString""}";186
1884;Precedente 31/12/2021;247.0;Ciclabile;sede propria;44.526399885659565, 11.34740702675795;"{""coordinates"": [[[11.3459810066632, 44.5268299726236], [11.3460631992517, 44.5267950711313], [11.3477136774496, 44.5263332534949], [11.3479511642873, 44.5262056836158], [11.3482656865396, 44.5261214147503], [11.3488329434172, 44.5259743364433]]], ""type"": ""MultiLineString""}";193
1887;Precedente 31/12/2021;117.0;Ciclabile;sede propria;44.508375784806454, 11.354536063876226;"{""coordinates"": [[[11.3542596887152, 44.5078883378883], [11.3542911372583, 44.5080109926304], [11.3543756863009, 44.5082179225214], [11.3544527289634, 44.5083206640266], [11.3545329529891, 44.5084201057449], [11.3546463583453, 44.5085206068791], [11.3547328551361, 44.5086113057487], [11.3547674919219, 44.508648527734], [11.3548400125438, 44.5087473030594], [11.3548781549922, 44.5088265955132]]], ""type"": ""MultiLineString""}";194
440;Precedente 31/12/2021;84.0;Pedonale-Ciclabile;promiscuo ciclopedonale;44.507277459945556, 11.343428608956643;"{""coordinates"": [[[11.3429121968987, 44.5073469646335], [11.343316855838, 44.5072919033778], [11.3439451504286, 44.5072089205166]]], ""type"": ""MultiLineString""}";196
684;2022;102.0;Itinerario ciclabile;corsia ciclabile su strada;44.54080211421735, 11.357183802539751;"{""coordinates"": [[[11.3567093246105, 44.5411107927579], [11.357658280469, 44.5404934356768]]], ""type"": ""MultiLineString""}";200
685;2022;137.0;Itinerario ciclabile;corsia ciclabile su strada;44.54007153572154, 11.358287074899454;"{""coordinates"": [[[11.357658280469, 44.5404934356768], [11.3583374728822, 44.5400375570745], [11.3586521694207, 44.5398257944221], [11.3589169352361, 44.5396512393393]]], ""type"": ""MultiLineString""}";203
689;2022;237.0;Ciclabile;corsia ciclabile su strada;44.53501710448803, 11.366392935152042;"{""coordinates"": [[[11.365074823643, 44.5354843148094], [11.3653745868358, 44.5353829142299], [11.3661584859828, 44.5351234502271], [11.3665214174852, 44.5349966046911], [11.3667462005736, 44.5349138125301], [11.366934454969, 44.5348317514029], [11.3671107304269, 44.5347542762929], [11.367381986581, 44.5346205018953], [11.3676809532806, 44.5344754085216]]], ""type"": ""MultiLineString""}";208
1672;Precedente 31/12/2021;105.0;Pedonale-Ciclabile;promiscuo ciclopedonale;44.52133912999042, 11.319418856514464;"{""coordinates"": [[[11.31886845719, 44.5216029644884], [11.3190282342512, 44.5215272537521], [11.3191304983906, 44.5214397684243], [11.3199877570315, 44.5211092210213]]], ""type"": ""MultiLineString""}";209
1674;Precedente 31/12/2021;744.0;Percorso naturalistico;pavimentato;44.53420759775022, 11.320245708581176;"{""coordinates"": [[[11.3190620969063, 44.5329865729944], [11.3191387379291, 44.5330009326525], [11.3192629083789, 44.5330144028029], [11.3193561618536, 44.5330487671275], [11.3194107109557, 44.5330658024571], [11.3194138257, 44.5330651942918]], [[11.3194138257, 44.5330651942918], [11.3194120326863, 44.5330555084435]], [[11.3194138257, 44.5330651942918], [11.3196153039415, 44.5330258547177], [11.3197316853587, 44.5330010979468], [11.3199113493981, 44.5329728916046], [11.3199909913041, 44.5329826849692], [11.3200658423837, 44.5330332122248], [11.3202315821326, 44.5332220483381], [11.3204278478199, 44.5334622980703], [11.3204342059823, 44.5335457423337], [11.3204323897898, 44.5338303379027], [11.3204722346086, 44.5338770369332], [11.320753950488, 44.5340277490346], [11.3208545483582, 44.5340869114957], [11.3210779861272, 44.5342884471459], [11.3212111267164, 44.5344509837062], [11.3212583009389, 44.5350172732999], [11.3208606928903, 44.5353224678053], [11.3207425931809, 44.535389888247], [11.320596448869, 44.5354713211176], [11.3204094134337, 44.5355624907779], [11.3202838111848, 44.5355984962135], [11.3202267293975, 44.5355994936209], [11.320159469095, 44.5355826351718], [11.3201167468941, 44.5355428052927], [11.3200854621694, 44.5354689610704], [11.3200811386231, 44.5353518151301], [11.3200927232237, 44.535155216907], [11.3201046231335, 44.5350511399814], [11.3201081172531, 44.5348930176842], [11.3200925017579, 44.5347329764296], [11.3200405620213, 44.534618745204], [11.319914080069, 44.5344629575668], [11.3198309662423, 44.5343628527483], [11.3197499149301, 44.5342333723087], [11.3196876360482, 44.5340132651888], [11.3195971038426, 44.5337169415129], [11.3195484587844, 44.5336049699672], [11.3195169449932, 44.533526546818], [11.319510700132, 44.5334454019642], [11.3195063432396, 44.5333303642713], [11.3194865696839, 44.5332269004358], [11.3194218384786, 44.5331084792269], [11.3194138257, 44.5330651942918]]], ""type"": ""MultiLineString""}";210
1417;Precedente 31/12/2021;88.0;Ciclabile;corsia ciclabile su strada;44.49005105296344, 11.340512277764056;"{""coordinates"": [[[11.341059427721, 44.4899979046606], [11.3410504491993, 44.4899987394807], [11.341042896719916, 44.48999944170787], [11.340422576389, 44.4900571188988], [11.3399657848459, 44.4901104665917]]], ""type"": ""MultiLineString""}";213
1419;Precedente 31/12/2021;111.0;Ciclabile;corsia ciclabile su strada;44.49026307143239, 11.338412136100036;"{""coordinates"": [[[11.3377214492885, 44.49033645789], [11.3381649881844, 44.4902871900155], [11.3391031530877, 44.4901928045561]]], ""type"": ""MultiLineString""}";216
1659;Precedente 31/12/2021;47.0;Percorso naturalistico;pavimentato;44.481327794087385, 11.371005425656952;"{""coordinates"": [[[11.3707229153752, 44.4813137748565], [11.3709186753441, 44.4813604835532], [11.370989135863, 44.4813454510193], [11.3710896114832, 44.4813111383666], [11.3711864522844, 44.4813040373539], [11.3712902852716, 44.4813174822709]]], ""type"": ""MultiLineString""}";218
436;Precedente 31/12/2021;252.0;Pedonale-Ciclabile;ciclabile contigua al pedonale;44.50581944018863, 11.345597088535419;"{""coordinates"": [[[11.345614308042798, 44.50579616921799], [11.345614123056, 44.505795519512], [11.3456032000161, 44.5057571550305], [11.345392985654, 44.5050344898563], [11.3451533484881, 44.5049306326037], [11.3451159702958, 44.5048162177791]], [[11.345614308302764, 44.50579617013103], [11.3456143082382, 44.50579616990427]], [[11.345616483252773, 44.505803808935845], [11.345614308498163, 44.505796170817305]], [[11.3459401059636, 44.5069404284773], [11.3456175059891, 44.5058074009647], [11.34561648343454, 44.505803809574246]]], ""type"": ""MultiLineString""}";221
438;Precedente 31/12/2021;88.0;Ciclabile;corsia preferenziale bus/bici;44.5085543188617, 11.3465526533014;"{""coordinates"": [[[11.3466645796862, 44.5089405356354], [11.3464407269166, 44.508168102088]]], ""type"": ""MultiLineString""}";223
679;Precedente 31/12/2021;182.0;Ciclabile;sede propria;44.5460316425748, 11.35752266031715;"{""coordinates"": [[[11.3564183594788, 44.5462548830621], [11.3586269611555, 44.5458084020875]]], ""type"": ""MultiLineString""}";224
2021;Precedente 31/12/2021;109.0;Ciclabile;sede propria;44.512918278918384, 11.349281947764727;"{""coordinates"": [[[11.3495603308235, 44.5133557553616], [11.3495183619455, 44.5132988877165], [11.3493148039334, 44.5130297417865], [11.349255934449, 44.5129349080989], [11.3492225115399, 44.5128740383397], [11.3490733178712, 44.5124437557928]]], ""type"": ""MultiLineString""}";233
2029;2023;670.0;Itinerario ciclabile;corsia ciclabile su strada;44.51378889413299, 11.291890543163401;"{""coordinates"": [[[11.290678016761898, 44.51088562129294], [11.290717014403068, 44.510962431388], [11.29078435687407, 44.51109146350902], [11.290934198660342, 44.51145172988299], [11.291028699865732, 44.51167882849219], [11.29115043574158, 44.5119728424967], [11.291188329647301, 44.51206481829643], [11.291400792345714, 44.51258050975263], [11.291825930428084, 44.51362030046626], [11.292194358940035, 44.51454048457877], [11.292400389301752, 44.515049198885514], [11.29299958451732, 44.51652028714996], [11.293156679711293, 44.51664402164022]]], ""type"": ""MultiLineString""}";245
2268;2023;160.0;Itinerario ciclabile;corsia ciclabile su strada;44.47599840780886, 11.376974824672184;"{""coordinates"": [[[11.377844067315662, 44.475636763192185], [11.376475881368027, 44.47620599099788], [11.376475881344957, 44.47620599100748], [11.376466570777403, 44.47620986462857], [11.376105582028703, 44.47636005242553]]], ""type"": ""MultiLineString""}";246
2013;Precedente 31/12/2021;87.0;Ciclabile;sede propria;44.50279878036662, 11.350588683873072;"{""coordinates"": [[[11.3507492150134, 44.5031425260534], [11.3506417376227, 44.5030335770554], [11.3504764832527, 44.5027544536559], [11.350515694223, 44.5026792388179], [11.3506694206978, 44.5024394135354]]], ""type"": ""MultiLineString""}";250
2014;Precedente 31/12/2021;107.0;Ciclabile;sede propria;44.5032776365811, 11.3143183676987;"{""coordinates"": [[[11.3146158291212, 44.5037094721904], [11.3140209062762, 44.5028458009718]]], ""type"": ""MultiLineString""}";254
2255;2023;477.0;Itinerario ciclabile;corsia ciclabile su strada;44.472972494050815, 11.377659886899306;"{""coordinates"": [[[11.3780889388404, 44.4750782290152], [11.3780059723784, 44.4749307518072], [11.3779009320469, 44.474710387542], [11.3778439264856, 44.4745451921233], [11.3777962594786, 44.4743554323808], [11.3777631588648, 44.4740663113532], [11.3777191788784, 44.4736781808112], [11.3776590606622, 44.4731110818554], [11.3775962886121, 44.4724188774637], [11.3775377308941, 44.4718399006163], [11.3774533194529, 44.4712992729643], [11.3773647934933, 44.470854168984], [11.377364171529655, 44.47085104178276], [11.377359019741796, 44.47082513885814], [11.3773590197005, 44.4708251386505]]], ""type"": ""MultiLineString""}";259
2018;Precedente 31/12/2021;70.0;Ciclabile;sede propria;44.510576234988946, 11.3479346836623;"{""coordinates"": [[[11.3477165608033, 44.5103050544827], [11.3481528065213, 44.5108474154952]]], ""type"": ""MultiLineString""}";262
2258;2023;186.0;Itinerario ciclabile;promiscuo veicolare;44.50913885704492, 11.283241207716209;"{""coordinates"": [[[11.284085175237648, 44.50858554550432], [11.283803756355976, 44.508729390930974], [11.283592820627138, 44.50885204780959], [11.283468121640055, 44.508942242989555], [11.283361713884242, 44.50903205387828], [11.282639469683861, 44.50958483204648], [11.28253084469466, 44.509676313279506], [11.282482037851311, 44.509738559146896], [11.282476350743464, 44.50978065765881]]], ""type"": ""MultiLineString""}";266
384;Precedente 31/12/2021;588.0;Percorso naturalistico;sterrato;44.5296731087227, 11.340621762532203;"{""coordinates"": [[[11.3423533815281, 44.5319711083454], [11.3422078639917, 44.5317365495755], [11.3421207559459, 44.5315712169581], [11.342062733925, 44.5314383800074], [11.3420202865228, 44.5313096934346], [11.3419826632946, 44.5312202689051], [11.3419329005141, 44.5310606695033], [11.3418885706507, 44.5309581779661], [11.3418457768004, 44.5308930709661], [11.3417704341254, 44.5307868434436], [11.341546583185, 44.5305209171393], [11.3413872615082, 44.5303882035203], [11.3413248242027, 44.5303509225549], [11.3411945217529, 44.5302539402495], [11.3410162491901, 44.5300871585427], [11.3406375181238, 44.5297620583285], [11.3404968392962, 44.5296314433996], [11.3403834719495, 44.5295066756765], [11.3402700425633, 44.5293802900528], [11.3399644321723, 44.5290212771741], [11.3397446522443, 44.5287199704016], [11.3396005349168, 44.5285039955144], [11.3394913774885, 44.5283710096491], [11.3393824856289, 44.5282444503595], [11.3392840501621, 44.5281530946908], [11.3392557019178, 44.5281214750445], [11.3391523342025, 44.5279641823889], [11.3390880302561, 44.5278801566125], [11.3389860421729, 44.5277566415774], [11.338943262251, 44.5277027644905], [11.3389255943762, 44.5276564207295], [11.3389140326287, 44.5275938439932], [11.3389172316352, 44.5275615649208], [11.3389417852752, 44.5274998545386], [11.3389848511854, 44.5273942775952]]], ""type"": ""MultiLineString""}";272
2041;Precedente 31/12/2021;324.0;Pedonale-Ciclabile;promiscuo ciclopedonale;44.53222297704053, 11.249927949606404;"{""coordinates"": [[[11.2507840119071, 44.5335408888629], [11.2506189760193, 44.533290122722], [11.2502455845496, 44.5327054805819], [11.2500222721065, 44.5323567839915], [11.2497583712017, 44.5319646408391], [11.2494611052516, 44.5315154185415], [11.2490736803477, 44.5309039324547]]], ""type"": ""MultiLineString""}";275
2280;;313.0;Itinerario ciclabile;corsia ciclabile su strada;44.494776998233455, 11.28830854672052;"{""coordinates"": [[[11.2876504254211, 44.4935058407603], [11.287657652921819, 44.49352404658354], [11.287666604490044, 44.49353788459916], [11.28767603556017, 44.493548260245184], [11.287699018193692, 44.49356710588581], [11.287717794460905, 44.4935779932957], [11.287748490852005, 44.49358956754197], [11.287799905068168, 44.49359752171455], [11.2878310428407, 44.4935965785094], [11.287894601518703, 44.49385827157259], [11.287946563265104, 44.49401592513896], [11.288011451406653, 44.49418469962467], [11.288060087640055, 44.494291412176125], [11.288338715660181, 44.49485759875584], [11.288820152111656, 44.49583212596128], [11.288904635048711, 44.49595892157952], [11.288877309784857, 44.49597107843487], [11.288842231800066, 44.49600340521898], [11.288826531346935, 44.496042446326264], [11.288836789308686, 44.496091359498365]]], ""type"": ""MultiLineString""}";276
2043;Precedente 31/12/2021;105.0;Ciclabile;sede propria;44.494356506963406, 11.35704911304717;"{""coordinates"": [[[11.3569848061813, 44.4948264739108], [11.357052246783788, 44.49433360624231], [11.357052247470666, 44.49433360122248], [11.3570567119778, 44.4943009738268], [11.357058029992, 44.4942913415496], [11.3570591250596, 44.4942833385394], [11.3570610132372, 44.4942695392968], [11.35706104206986, 44.494269328579726], [11.357061042149482, 44.494269327997834], [11.3571134194804, 44.4938865399568]]], ""type"": ""MultiLineString""}";278
2282;;112.0;Pedonale-Ciclabile;ciclabile contigua al pedonale;44.513168537568404, 11.317670968967146;"{""coordinates"": [[[11.317269101640571, 44.51307800832519], [11.317327897830335, 44.51303022625033], [11.317386600649701, 44.51300100929091], [11.31741437067274, 44.51299155984243], [11.317463278263885, 44.51297990760629], [11.317519282758692, 44.51297304458919], [11.317554855355128, 44.51297252026271], [11.31760827754586, 44.512976962706475], [11.317661404996171, 44.512987920118405], [11.317709248857488, 44.5130049173109], [11.317736197598443, 44.51301629820464], [11.31778770272032, 44.51304911965534], [11.317824804269623, 44.513085492486994], [11.31786562223914, 44.51315649440735], [11.31787379535848, 44.513216528683415], [11.317869472488342, 44.5132464238695], [11.317849949996885, 44.513296568114285], [11.31781224928325, 44.51334581238419], [11.31776862559854, 44.51345810584808], [11.317711743797606, 44.513497956556876], [11.317699554663562, 44.51352225804275], [11.317722509190231, 44.51358349075571]]], ""type"": ""MultiLineString""}";279
2045;Precedente 31/12/2021;176.0;Ciclabile;sede propria;44.48434345628418, 11.392435226542972;"{""coordinates"": [[[11.3919071610889, 44.4847712214583], [11.3927832317342, 44.4844809601676], [11.3922588658071, 44.4836671033622]]], ""type"": ""MultiLineString""}";282
2284;;80.0;Pedonale-Ciclabile;promiscuo ciclopedonale;44.47662750090806, 11.394557076458263;"{""coordinates"": [[[11.394844215215118, 44.476838235432545], [11.39476367360377, 44.476863726528556], [11.394718137116783, 44.47685817518569], [11.394693208498813, 44.47683920352132], [11.394317144737336, 44.47630412544959]]], ""type"": ""MultiLineString""}";283
2048;Precedente 31/12/2021;116.0;Itinerario ciclabile;corsia ciclabile su strada;44.5017074806902, 11.322084620128155;"{""coordinates"": [[[11.3216889507157, 44.5012602307609], [11.3219612454735, 44.5016991052525], [11.3220595526319, 44.5018061855744], [11.322141940422, 44.5018393205212], [11.3226109085393, 44.5019861318548]]], ""type"": ""MultiLineString""}";284
2283;;273.0;Itinerario ciclabile;corsia ciclabile su strada;44.51419676794502, 11.318966869208534;"{""coordinates"": [[[11.317848432250816, 44.51331277009689], [11.318109976126589, 44.51339278016397], [11.318579260337273, 44.51382408015289], [11.319270937826646, 44.514474833263854], [11.320029303567075, 44.51517755701072]]], ""type"": ""MultiLineString""}";285
2285;;22.0;Pedonale-Ciclabile;promiscuo ciclopedonale;44.47630065738551, 11.394295519719496;"{""coordinates"": [[[11.394419085537828, 44.47625587269842], [11.394171953901164, 44.4763454420726]]], ""type"": ""MultiLineString""}";288
2049;Precedente 31/12/2021;194.0;Ciclabile;sede propria;44.54111793761423, 11.334606948598184;"{""coordinates"": [[[11.3349507412883, 44.5419025108712], [11.3348432583165, 44.5418287169589], [11.3347439710543, 44.5417254020381], [11.3346568726444, 44.5415991571317], [11.3346172153202, 44.5414919244363], [11.3345645613774, 44.5410981087171], [11.3345384478862, 44.5408585112375], [11.3344767551827, 44.540231458402]]], ""type"": ""MultiLineString""}";289
2288;2024;144.0;Itinerario ciclabile;corsia ciclabile su strada;44.507986992582275, 11.28374776391187;"{""coordinates"": [[[11.283398442609666, 44.507387757757556], [11.28345160630369, 44.50747170971517], [11.283903237543049, 44.508259181939295], [11.284096850076251, 44.50858643516557]]], ""type"": ""MultiLineString""}";290
1171;Precedente 31/12/2021;380.0;Ciclabile;sede propria;44.48531375594401, 11.382140954114297;"{""coordinates"": [[[11.3804954556286, 44.4861010815789], [11.3805233587269, 44.4859776849172], [11.3805672756376, 44.4855239681236], [11.3805787054953, 44.4854641832429], [11.3808511806489, 44.4853890258601], [11.3810393915084, 44.4853573344836], [11.3815563809238, 44.4852763403907], [11.3821058703341, 44.4851907653837], [11.3821688660547, 44.4851992004154], [11.3822239114636, 44.4852799532799], [11.3822636024118, 44.4853181255656], [11.3823644639785, 44.4853199198317], [11.3826812354278, 44.4852723544313], [11.3828569546616, 44.4852394341581], [11.3829323681458, 44.4852183586739], [11.3831839768978, 44.4851760527764], [11.3833814690824, 44.485142676741], [11.3837425797227, 44.4851136825033], [11.3838912399757, 44.4850852258856], [11.3839879498761, 44.4850520043736], [11.3842524506592, 44.4849918758839]]], ""type"": ""MultiLineString""}";293
1177;Precedente 31/12/2021;394.0;Percorso naturalistico;sterrato;44.51095974391764, 11.33197240613313;"{""coordinates"": [[[11.3326032633827, 44.5094391048381], [11.3325346438244, 44.5095111215011], [11.3324523338591, 44.5096268461521], [11.3323755044354, 44.5096983972707], [11.3322492475021, 44.5098020610742], [11.3321935122914, 44.5098576295717], [11.3318158716268, 44.5103785374111], [11.3316087461825, 44.5106341812218], [11.3314269534855, 44.5108893069833], [11.3313719397282, 44.5109630033164], [11.3313679047762, 44.5110434333469], [11.3313905478577, 44.5111570121554], [11.3314403856461, 44.5113166886864], [11.3315055348519, 44.5114967901396], [11.3315844370902, 44.511658467086], [11.3316673706921, 44.5117397125531], [11.3317715023609, 44.5118075649278], [11.3318780117939, 44.5118442657715], [11.3320090281421, 44.511859730203], [11.332414381359, 44.5118514411771], [11.3325923441379, 44.5118633528845], [11.3327487986345, 44.5118808880002], [11.3328912933494, 44.5119116677831], [11.3329490975131, 44.5119078934864]]], ""type"": ""MultiLineString""}";298
1362;Precedente 31/12/2021;134.0;Pedonale-Ciclabile;corsia ciclabile su strada;44.49362037836026, 11.35184292238816;"{""coordinates"": [[[11.3517610907221, 44.4930198825482], [11.351739534824, 44.4932079827031], [11.3517847429964, 44.4934635912845], [11.3518180206865, 44.493567200533], [11.3518774335459, 44.4938142032096], [11.3519001634655, 44.4939451409815], [11.3520354564855, 44.4941970133643]]], ""type"": ""MultiLineString""}";303
378;Precedente 31/12/2021;280.0;Percorso naturalistico;pavimentato;44.49631860718805, 11.301928979551679;"{""coordinates"": [[[11.3031394554113, 44.4969925642888], [11.3027787477109, 44.4963315791937], [11.3024687789275, 44.4963942772887], [11.3008953639587, 44.4961220138385], [11.3005222291937, 44.4958003131715]]], ""type"": ""MultiLineString""}";306
1364;Precedente 31/12/2021;86.0;Itinerario ciclabile;corsia ciclabile su strada;44.492633515962574, 11.351682877001181;"{""coordinates"": [[[11.3516427456028, 44.4922539868492], [11.351642745509869, 44.49225398708313], [11.351642648083923, 44.49225423232743], [11.3516396379098, 44.4922618096523], [11.3516165111171, 44.4923200252963], [11.3516062142842, 44.4923535956655], [11.3516428254405, 44.4924675501069], [11.3516910879913, 44.4926542573809], [11.3517275468042, 44.4928370343227], [11.3517610907221, 44.4930198825482]]], ""type"": ""MultiLineString""}";307
2035;Precedente 31/12/2021;785.0;Ciclabile;sede propria;44.52286254336859, 11.32443989547656;"{""coordinates"": [[[11.3207842256934, 44.5207579888271], [11.321678141135, 44.5211270944889], [11.3227839268656, 44.5216495858567], [11.3236723722525, 44.5221145456836], [11.3248411021582, 44.5228421049614], [11.3258081074712, 44.5235350424221], [11.3265035869042, 44.5242283480629], [11.3268511865642, 44.5247443871067], [11.3270999339471, 44.5252226108152], [11.327217323774, 44.5253944988737], [11.3274780020205, 44.5257186067086]]], ""type"": ""MultiLineString""}";310
379;Precedente 31/12/2021;98.0;Percorso naturalistico;pavimentato;44.49544296398315, 11.300140545581222;"{""coordinates"": [[[11.3005222291937, 44.4958003131715], [11.2999405842079, 44.4952379485547], [11.2997258101628, 44.4951326925985]]], ""type"": ""MultiLineString""}";312
2274;2023;618.0;Itinerario ciclabile;corsia ciclabile su strada;44.47826694831933, 11.380392697650809;"{""coordinates"": [[[11.382354073411598, 44.480628250596794], [11.381757384768528, 44.48004831018266], [11.381381334957913, 44.47966810276333], [11.381067239678906, 44.4792860792421], [11.38090809367552, 44.47909029106001], [11.380643933195032, 44.478707655287025], [11.37930211546104, 44.47675456807746], [11.378585607197046, 44.475775163300845]]], ""type"": ""MultiLineString""}";319
2038;Precedente 31/12/2021;643.0;Percorso naturalistico;pavimentato;44.49100690599813, 11.298256804014361;"{""coordinates"": [[[11.2946659843925, 44.4896983384742], [11.2955896145216, 44.4899516074641], [11.2961692296942, 44.4901906469398], [11.2968969236732, 44.4904738347978], [11.2976698536357, 44.4907875192043], [11.2984322532127, 44.4910542188672], [11.2999278996001, 44.4916652229235], [11.3018282524947, 44.4923775037808]]], ""type"": ""MultiLineString""}";320
2277;;583.0;Itinerario ciclabile;corsia ciclabile su strada;44.49036224135888, 11.284767058975346;"{""coordinates"": [[[11.282250099948648, 44.49091661116303], [11.282367430798214, 44.49079398202226], [11.282967157761796, 44.49017589174265]], [[11.282967157761796, 44.49017589174265], [11.282914318769459, 44.49020014331193]], [[11.282953835453993, 44.490219833561156], [11.282967157761796, 44.49017589174265]], [[11.282967157761796, 44.49017589174265], [11.283213541677936, 44.48991992608786], [11.283480249185276, 44.48964014773249], [11.283746448839752, 44.48938741952981], [11.28388699737212, 44.489371296784284], [11.28402998739655, 44.48941579818745], [11.284089898378957, 44.48960950405454], [11.284198774308388, 44.48991129537553], [11.284278166815232, 44.49002940290023], [11.284341509427914, 44.49010200754509], [11.28445626306197, 44.49019287784598], [11.284603342125088, 44.49028004194982], [11.28475966893009, 44.49033587105637], [11.285170633884686, 44.49045987775079], [11.28635781608594, 44.49079635034352]], [[11.286294945094099, 44.49079704996726], [11.28635781608594, 44.49079635034352]], [[11.28635781608594, 44.49079635034352], [11.286312559585962, 44.49076504382464]], [[11.28635781608594, 44.49079635034352], [11.287103793839325, 44.491002120508604]], [[11.287040935686862, 44.491003215157995], [11.287103793839325, 44.491002120508604]], [[11.287103793839325, 44.491002120508604], [11.287058159235034, 44.49097110234863]], [[11.287103793839325, 44.491002120508604], [11.287267001582672, 44.49101974870082], [11.287453438367818, 44.491019213703304]], [[11.287453438367818, 44.491019213703304], [11.287336946930214, 44.49098512692089]], [[11.287337558721598, 44.49105396731203], [11.287453438367818, 44.491019213703304]]], ""type"": ""MultiLineString""}";321
1391;Precedente 31/12/2021;40.0;Ciclabile;corsia preferenziale bus/bici;44.49014687529795, 11.350135130204398;"{""coordinates"": [[[11.3499792493583, 44.4902908812922], [11.3502910110505, 44.4900028693037]]], ""type"": ""MultiLineString""}";330
1165;Precedente 31/12/2021;101.0;Ciclabile;sede propria;44.49822295392281, 11.308632215543595;"{""coordinates"": [[[11.3092688960187, 44.4982026279923], [11.308834830552, 44.4982153609262], [11.3082039672498, 44.4982340515208], [11.3079967461386, 44.4982593369298]]], ""type"": ""MultiLineString""}";333
1168;Precedente 31/12/2021;94.0;Ciclabile;sede propria;44.49354688091074, 11.311856908224525;"{""coordinates"": [[[11.3118260339597, 44.493959264277], [11.3118007576029, 44.4939269816891], [11.3119174702151, 44.4931266084058]]], ""type"": ""MultiLineString""}";335
1394;Precedente 31/12/2021;76.0;Ciclabile;corsia preferenziale bus/bici;44.491019448217926, 11.349200758468774;"{""coordinates"": [[[11.348867363605, 44.4912590077311], [11.348969976025, 44.4912086421756], [11.3490804718615, 44.4911256413645], [11.3495183443609, 44.490756417343]]], ""type"": ""MultiLineString""}";339
2220;Precedente 31/12/2021;131.0;Ciclabile;sede propria;44.510243666236846, 11.356743703313017;"{""coordinates"": [[[11.3564980348181, 44.5096867219021], [11.3569155710388, 44.5104494076853], [11.3568802681422, 44.5106307388461], [11.356880063221364, 44.51063179140612]], [[11.356863904139152, 44.51063302985947], [11.3566354603971, 44.510650516768]], [[11.356880063208271, 44.510631791473365], [11.3568800629233, 44.5106317929371], [11.3568717696219, 44.5106324277726], [11.356863903696082, 44.510633029893384]], [[11.35688006334543, 44.510631790768855], [11.356880063084203, 44.51063179211063]]], ""type"": ""MultiLineString""}";342
2221;Precedente 31/12/2021;276.0;Itinerario ciclabile;corsia ciclabile su strada;44.49106856554731, 11.351057058342443;"{""coordinates"": [[[11.350347112163, 44.4899530128757], [11.3505030965714, 44.4901518507537], [11.3506453824882, 44.4903474039706], [11.3508588245176, 44.4906784201574], [11.3510551324997, 44.4909785721368], [11.3513067350813, 44.4914573209283], [11.3514207332069, 44.4917109586891], [11.3515865504812, 44.4921005520329], [11.35164274536162, 44.492253986190676], [11.3516427456028, 44.4922539868492]]], ""type"": ""MultiLineString""}";344
2224;Precedente 31/12/2021;110.0;Ciclabile;sede propria;44.51623320052043, 11.393703956108357;"{""coordinates"": [[[11.3933315286382, 44.5158963667915], [11.3935438900266, 44.5159703483289], [11.3936865806092, 44.516062428088], [11.393777271073, 44.5161628092452], [11.393818023837, 44.516223899344], [11.3938428747226, 44.5162896439958], [11.3938596677496, 44.5163555580129], [11.3938636846719, 44.5164044552857], [11.3938562229368, 44.5164679975572], [11.3938336011858, 44.5165549036101], [11.3937906416942, 44.5166364754021], [11.3937348930834, 44.5167010306053]]], ""type"": ""MultiLineString""}";345
2223;Precedente 31/12/2021;79.0;Pedonale-Ciclabile;ciclabile contigua al pedonale;44.50709743243093, 11.28270503191731;"{""coordinates"": [[[11.2822782631921, 44.5072351167073], [11.2824598591002, 44.5072053291387], [11.2825819012366, 44.5071920780629], [11.2827106740365, 44.5071382921012], [11.2827963333615, 44.5070830352946], [11.2828956565836, 44.5070182625235], [11.2829250769407, 44.5069802373839], [11.2829620729273, 44.5069458629085], [11.2829963256797, 44.5069230078462], [11.2830474251621, 44.5068952164059], [11.2830970518365, 44.5068776088384]]], ""type"": ""MultiLineString""}";346
2228;Precedente 31/12/2021;59.0;Itinerario ciclabile;promiscuo veicolare;44.497971856906446, 11.312047140616242;"{""coordinates"": [[[11.3116850585911, 44.4980257244637], [11.311685059192062, 44.498025724374294], [11.311685059780265, 44.49802572428679], [11.3116858170515, 44.4980256116289], [11.312409222641, 44.4979179893466]]], ""type"": ""MultiLineString""}";349
2227;Precedente 31/12/2021;169.0;Pedonale-Ciclabile;promiscuo ciclopedonale;44.49267417630879, 11.27462497017043;"{""coordinates"": [[[11.2736764509166, 44.4925833340663], [11.2739017728702, 44.4926583689683], [11.2741138957305, 44.49273232039], [11.2744804240123, 44.492759430841], [11.2746062322286, 44.4927650564644], [11.274739347600644, 44.49277100922813], [11.274739923537851, 44.49277103498337], [11.274739923749262, 44.49277103499283], [11.2747505125768, 44.4927715085128], [11.2748997661948, 44.49277818296], [11.2750180934376, 44.4927638049858], [11.2750667570641, 44.4927409801273], [11.2751434452995, 44.4926622882139], [11.2752910698891, 44.4924991134341], [11.2753197373603, 44.4924590034273], [11.275387182645, 44.4924239011836], [11.2755041104001, 44.49242796848]]], ""type"": ""MultiLineString""}";350
1191;Precedente 31/12/2021;74.0;Ciclabile;sede propria;44.518221198689915, 11.326405099799894;"{""coordinates"": [[[11.3263175382888, 44.5179209569031], [11.3262703919502, 44.5179512141227], [11.3264010351696, 44.5182224415084], [11.3265621249045, 44.5185382617483]]], ""type"": ""MultiLineString""}";354
398;2022;60.0;Itinerario ciclabile;corsia ciclabile su strada;44.5181780557057, 11.324002925244873;"{""coordinates"": [[[11.3237619415971, 44.5183839057313], [11.3238269488667, 44.5183281522901], [11.3239278127582, 44.5182467778902], [11.3240144956383, 44.5181725926936], [11.324239132373, 44.5179667208163]]], ""type"": ""MultiLineString""}";365
1387;Precedente 31/12/2021;75.0;Ciclabile;corsia preferenziale bus/bici;44.48775903328425, 11.35253959340155;"{""coordinates"": [[[11.3522611437935, 44.4880336094335], [11.3528180430096, 44.487484457135]]], ""type"": ""MultiLineString""}";370
2215;Precedente 31/12/2021;188.0;Itinerario ciclabile;corsia ciclabile su strada;44.50267132954707, 11.364574124733604;"{""coordinates"": [[[11.3652091827477, 44.501965329901], [11.3651350304446, 44.5020336586323], [11.3650428431182, 44.5021156629203], [11.3645871608658, 44.5026513595729], [11.3640429834558, 44.5032975005081], [11.3639593206664, 44.5033967670619]]], ""type"": ""MultiLineString""}";376
1182;Precedente 31/12/2021;275.0;Percorso naturalistico;sterrato;44.51357188876435, 11.333877424253123;"{""coordinates"": [[[11.3333495872166, 44.5124920518522], [11.3335303975198, 44.512778476094], [11.3336391178563, 44.512930494063], [11.3336987527094, 44.5130100674374], [11.3339797806598, 44.5132356788735], [11.3340921635307, 44.5133508963349], [11.334153119932, 44.5134634948096], [11.3341607441327, 44.5136543059704], [11.3341197208235, 44.5137836810172], [11.3339891796371, 44.5141132014008], [11.3339428829082, 44.5142390127723], [11.3338776862573, 44.5144056081673], [11.3339301472428, 44.5146909846833], [11.3339074385893, 44.5147648988254]]], ""type"": ""MultiLineString""}";381
1183;Precedente 31/12/2021;249.0;Percorso naturalistico;sterrato;44.51588718558798, 11.333769977144716;"{""coordinates"": [[[11.3339074385893, 44.5147648988254], [11.333848961339, 44.5150999963688], [11.3337759175204, 44.51540881896], [11.3337423203723, 44.5155730644717], [11.3337347437183, 44.5156972356938], [11.3337178752209, 44.5159653848161], [11.3337144782323, 44.5161937161379], [11.3337268311745, 44.5163138831347], [11.3337787823408, 44.516607573445], [11.3338033152608, 44.516718500684], [11.333795224284, 44.5167671953458], [11.333762191458, 44.5168200000965], [11.3336540600184, 44.51694085933], [11.3336268987145, 44.5169522050134]]], ""type"": ""MultiLineString""}";384
1187;Precedente 31/12/2021;110.0;Ciclabile;sede propria;44.51559635051686, 11.327765568841768;"{""coordinates"": [[[11.3277102223386, 44.5160506568538], [11.3275875264547, 44.5155541785006], [11.3275983888722, 44.5155100237358], [11.327626603236, 44.5154761188316], [11.3276890193708, 44.5154506046389], [11.3281745103739, 44.5153795599227]]], ""type"": ""MultiLineString""}";387
2005;Precedente 31/12/2021;72.0;Ciclabile;sede propria;44.498560500862055, 11.389898291444752;"{""coordinates"": [[[11.389485583117, 44.4986953977091], [11.3903109997725, 44.498425604015]]], ""type"": ""MultiLineString""}";396
2008;Precedente 31/12/2021;268.0;Percorso naturalistico;sterrato;44.471790170485235, 11.400102804936935;"{""coordinates"": [[[11.399197802691, 44.4708024454485], [11.399420908536, 44.471011796482], [11.3997913041023, 44.4713773562291], [11.4000241976932, 44.4716154243697], [11.4001883895363, 44.4717897761628], [11.4003725480567, 44.4720467468397], [11.4004464541296, 44.47223494568], [11.400622212714, 44.4724387813961], [11.4007845400569, 44.4726321655154], [11.4008151494945, 44.4727549273464], [11.4007414450141, 44.4728680814481]]], ""type"": ""MultiLineString""}";398
2247;2022;107.0;Itinerario ciclabile;corsia ciclabile su strada;44.53698549285482, 11.360719459777824;"{""coordinates"": [[[11.3608637439214, 44.5370992978028], [11.3607997704654, 44.5371280756718], [11.3607567397842, 44.5371368460743], [11.3606959878114, 44.5371380919415], [11.3606602265413, 44.537133189783], [11.3606378297362, 44.5371268920709], [11.360596037909, 44.5371108610409], [11.3605757743141, 44.5370994497506], [11.3605585731744, 44.5370845388724], [11.3605355918596, 44.5370664891569], [11.3605203113202, 44.5370431576582], [11.3605069461354, 44.5370096472022], [11.3605061026266, 44.5369829220157], [11.360514815028, 44.5369396641237], [11.3605317434384, 44.5369122887736], [11.360560388317, 44.5368824208328], [11.3605926972229, 44.5368633980168], [11.3606267109394, 44.5368472746901], [11.3606626389982, 44.536838649412], [11.3606995123737, 44.5368333876746], [11.3607318886686, 44.5368332886112], [11.360765184261, 44.5368359790201], [11.3608010872347, 44.5368442514723], [11.3608291956149, 44.536854379528], [11.3608598852728, 44.53686951627], [11.3608899193288, 44.5368887851451], [11.3609135212374, 44.5369202199288], [11.3609248790536, 44.5369441976613], [11.3609322890515, 44.5369682564479], [11.3609341161788, 44.5369913081158], [11.3609296439094, 44.5370144891329], [11.36091089995, 44.5370537205275], [11.3608637439214, 44.5370992978028]]], ""type"": ""MultiLineString""}";404
2249;Precedente 31/12/2021;1416.0;Itinerario ciclabile;corsia ciclabile su strada;44.53152118050907, 11.375962398473026;"{""coordinates"": [[[11.384021588703824, 44.52901950170892], [11.3813885906772, 44.5298608452469], [11.3807322027898, 44.5300724123249], [11.3782075212467, 44.5309001755991], [11.3774118932188, 44.5311486519109], [11.3767160382812, 44.5313619234309], [11.3750564183127, 44.5318944849228], [11.3744625441933, 44.532100152606], [11.3743031849983, 44.5321464459462], [11.3736135250711, 44.5323255283676], [11.3728842610312, 44.5325160268919], [11.3727077960243, 44.5325540030906], [11.3725263045435, 44.5325869173313], [11.3721269722736, 44.5326465719335], [11.3715292593833, 44.5327142132473], [11.3707167364976, 44.5327940913627], [11.3703866961802, 44.5328507243964], [11.3702136212213, 44.532911826706], [11.3700864215926, 44.5329850598589], [11.3691731922667, 44.5335492028209], [11.3689609854228, 44.5336812580376], [11.368271159625, 44.5341264900165], [11.3680652099876, 44.5342753511304]], [[11.3840383428452, 44.5290141481202], [11.3840264503672, 44.5290179482216], [11.384021588735967, 44.529019501698656]]], ""type"": ""MultiLineString""}";405
1132;Precedente 31/12/2021;35.0;Ciclabile;corsia preferenziale bus/bici;44.5090951600457, 11.34671386296789;"{""coordinates"": [[[11.3467632134137, 44.5092497630331], [11.3467133250064, 44.5090935894731], [11.3466645796862, 44.5089405356354]]], ""type"": ""MultiLineString""}";408
1119;Precedente 31/12/2021;195.0;Ciclabile;corsia ciclabile su strada;44.49883729718133, 11.341047956369488;"{""coordinates"": [[[11.3422492342201, 44.4988485078397], [11.342248992768976, 44.49884853303633], [11.342248992475728, 44.49884853306693], [11.342080710642, 44.4988660941123], [11.34203192596135, 44.498841107919375], [11.342031609585762, 44.49884094588036], [11.3420087192891, 44.49882922209], [11.34200845397005, 44.49882915522817], [11.342008450302972, 44.49882915430405], [11.3418976000677, 44.4988012194477], [11.341886444748525, 44.49880074692184], [11.34188638632737, 44.49880074444719], [11.3417854402968, 44.4987964684951], [11.341390173777759, 44.49878773610007], [11.341389945020653, 44.49878773104627], [11.3413677450259, 44.4987872405946], [11.341215520043, 44.4987937768626], [11.3405560349068, 44.4988652855057], [11.3403326711991, 44.4988801040111], [11.34024712398643, 44.49888536328941], [11.340246813583624, 44.49888538237238], [11.3401663046707, 44.4988903319057], [11.3399423823032, 44.4988915135138], [11.3398368030368, 44.4988959928061]]], ""type"": ""MultiLineString""}";409
2231;Precedente 31/12/2021;162.0;Ciclabile;corsia ciclabile su strada;44.55021353249378, 11.357120052505444;"{""coordinates"": [[[11.3567394259273, 44.5508680214132], [11.3568437652735, 44.5507381932134], [11.3569760368612, 44.5505703806194], [11.3570966338403, 44.5503945782908], [11.357229576489, 44.5500863045838], [11.3572637275656, 44.5499902442277], [11.3572721765566, 44.5499189527695], [11.3572854283551, 44.5498071399964], [11.3572999068217, 44.549684984531], [11.3573436550056, 44.549489688294]]], ""type"": ""MultiLineString""}";410
2237;2022;122.0;Ciclabile;sede propria;44.49748527591655, 11.319151531228858;"{""coordinates"": [[[11.3187907415926, 44.4970118939524], [11.318790741798527, 44.49701189409284], [11.318796589068443, 44.49701588209962], [11.318802189406, 44.4970197016914], [11.3188553411999, 44.497055952748], [11.3189043990807, 44.4971055127248], [11.3191928033727, 44.4975431425364], [11.3194827048449, 44.4979860523708]]], ""type"": ""MultiLineString""}";415
2238;Precedente 31/12/2021;231.0;Pedonale-Ciclabile;ciclabile contigua al pedonale;44.505114086356755, 11.404021681784068;"{""coordinates"": [[[11.402656627943, 44.5049158413572], [11.4032332827224, 44.5050021227776], [11.4037449465561, 44.5050821218729], [11.4051600598254, 44.5053016074512], [11.4051902937752, 44.5051549520964], [11.405184865147, 44.5050573733384]]], ""type"": ""MultiLineString""}";418
802;Precedente 31/12/2021;194.0;Ciclabile;sede propria;44.50032303426463, 11.298889544518692;"{""coordinates"": [[[11.29942015505, 44.5010961740972], [11.299242290022, 44.5008524380371], [11.2990383790932, 44.5005857545508], [11.2984785493108, 44.4998299380008], [11.2986496539451, 44.4997674187957], [11.2987089131578, 44.4996900079188], [11.2987871867017, 44.4996251010617]]], ""type"": ""MultiLineString""}";421
807;Precedente 31/12/2021;78.0;Pedonale-Ciclabile;ciclabile contigua al pedonale;44.50927549868508, 11.304254198497617;"{""coordinates"": [[[11.3043644431553, 44.5095906184536], [11.3044087936574, 44.5095519956429], [11.3040769880695, 44.5089484822429]]], ""type"": ""MultiLineString""}";428
1150;Precedente 31/12/2021;168.0;Ciclabile;corsia ciclabile su strada;44.517070553021824, 11.332439528615833;"{""coordinates"": [[[11.3334931876221, 44.5170646057508], [11.33343154972169, 44.517064894105275], [11.33343154948807, 44.51706489410637], [11.3334263102452, 44.5170649186166], [11.333417016028395, 44.51706496209681], [11.3322208421751, 44.5170705580381], [11.3317010745913, 44.5170765077859], [11.3313858863842, 44.5170787569927]]], ""type"": ""MultiLineString""}";432
1144;Precedente 31/12/2021;296.0;Ciclabile;sede propria;44.51351414589966, 11.339908557370121;"{""coordinates"": [[[11.3415969965587, 44.5131218486904], [11.3414363412763, 44.5131773240628], [11.341332933405, 44.5132055443942], [11.34095436842, 44.5132553908706], [11.3405479812923, 44.5133098490124], [11.3397307679182, 44.51341761868], [11.3395952213484, 44.5134479280051], [11.3394559994957, 44.5134935985394], [11.3392926254902, 44.5135764577903], [11.3391941603624, 44.513645820808], [11.3389333096612, 44.5138162035366], [11.3385098808949, 44.5141038676798], [11.338339321566, 44.5142122324863]]], ""type"": ""MultiLineString""}";437
1145;Precedente 31/12/2021;183.0;Ciclabile;sede propria;44.514857136937096, 11.337684235182541;"{""coordinates"": [[[11.338339321566, 44.5142122324863], [11.3380867030869, 44.514388788382], [11.3380541455389, 44.5144174890532], [11.3379672625334, 44.5144911986951], [11.33791349736, 44.5145404632771], [11.3378515222191, 44.5146015091393], [11.3377290476496, 44.514725902134], [11.3375810946244, 44.5149370776937], [11.3374420837598, 44.5151368709044], [11.3373344415619, 44.5152955465944], [11.3371285031834, 44.5155964142945]]], ""type"": ""MultiLineString""}";439
1147;Precedente 31/12/2021;26.0;Ciclabile;corsia ciclabile su strada;44.516950464437784, 11.336049306622106;"{""coordinates"": [[[11.3359622670517, 44.5170409703286], [11.3359620749057, 44.5170233828769], [11.3359675750503, 44.5169989091266], [11.3359773321745, 44.5169795696852], [11.3359936688461, 44.5169624184069], [11.3360125240835, 44.5169475288006], [11.3360307143397, 44.5169361368919], [11.3360490669743, 44.516928801703], [11.3360779422016, 44.5169212508441], [11.3361037718608, 44.5169183988801], [11.3361252928495, 44.5169182368599], [11.3361522660552, 44.5169206999381], [11.3361804485427, 44.5169272881993]]], ""type"": ""MultiLineString""}";441
2062;Precedente 31/12/2021;157.0;Ciclabile;sede propria;44.51253567223457, 11.338252111784259;"{""coordinates"": [[[11.3388028804448, 44.512065614441], [11.3384885677473, 44.5121083505331], [11.3378189902463, 44.5131871785576]]], ""type"": ""MultiLineString""}";442
2061;Precedente 31/12/2021;221.0;Ciclabile;sede propria;44.51320607521747, 11.337675981083569;"{""coordinates"": [[[11.3363086762383, 44.5133844890015], [11.3370821893083, 44.5132811701385], [11.3390437132185, 44.5130309339161]]], ""type"": ""MultiLineString""}";443
2063;Precedente 31/12/2021;18.0;Ciclabile;sede propria;44.4906205462634, 11.37268258866005;"{""coordinates"": [[[11.3727225821418, 44.4906982763266], [11.3726425951783, 44.4905428162002]]], ""type"": ""MultiLineString""}";445
2065;Precedente 31/12/2021;155.0;Pedonale-Ciclabile;promiscuo ciclopedonale;44.47146647410342, 11.377297217590337;"{""coordinates"": [[[11.3770370827245, 44.4708497827413], [11.377067995052986, 44.47087146110877], [11.3770731038222, 44.4708750438145], [11.3772633234746, 44.4710084420969], [11.3772961008772, 44.4712281411202], [11.3773485664556, 44.4717325197368], [11.3773878831009, 44.4721783000442]]], ""type"": ""MultiLineString""}";447
2068;Precedente 31/12/2021;157.0;Ciclabile;sede propria;44.49836720803285, 11.37721007361712;"{""coordinates"": [[[11.3764903834602, 44.498851042768], [11.3766020252942, 44.4987785406339], [11.3767190626533, 44.4986641403273], [11.3767685711672, 44.4985863298308], [11.3768222138301, 44.4985183646673], [11.3769747508982, 44.4984309713893], [11.3780028770678, 44.4979885009817]]], ""type"": ""MultiLineString""}";448
2050;Precedente 31/12/2021;60.0;Pedonale-Ciclabile;ciclabile contigua al pedonale;44.510679071774305, 11.35626241711665;"{""coordinates"": [[[11.3566354603971, 44.510650516768], [11.3558893738362, 44.5107076267806]]], ""type"": ""MultiLineString""}";452
2052;Precedente 31/12/2021;2345.0;Ciclabile;corsia ciclabile su strada;44.49590238130551, 11.40618705459063;"{""coordinates"": [[[11.3918280821329, 44.4936647107175], [11.3922279571729, 44.4937189440565], [11.3926420211817, 44.4937913034488], [11.3930736699331, 44.4938545238473], [11.3934285427079, 44.4939049804694], [11.393556410319, 44.4939200217725], [11.3945063608301, 44.4940788249095], [11.3948205240513, 44.49412890891], [11.3953121489518, 44.4942029076983], [11.3976068086885, 44.4944959533428], [11.3982937654073, 44.4945848718533], [11.3994326142987, 44.4947335011172], [11.400739044801, 44.4948289668417], [11.401752336751, 44.4948978012669], [11.4020656520405, 44.4949432782756], [11.402590175619, 44.4950645455059], [11.4034111352296, 44.4953119501314], [11.4038465557859, 44.4954373478755], [11.4043449000622, 44.4955637416049], [11.4055693537069, 44.4957792952764], [11.4068837966985, 44.4960166381008], [11.4086080258489, 44.4963119180034], [11.4104654455695, 44.4966105420115], [11.4112219036838, 44.4967478381648], [11.4124580438271, 44.4969545678539], [11.4130948584474, 44.4970610616418], [11.4132355961273, 44.4970828702742], [11.4139325478891, 44.497189075585], [11.4147377832606, 44.4973109076827], [11.4165317054794, 44.4976268052923], [11.4167013437688, 44.4976609028751], [11.4180043130517, 44.497922079894], [11.4194879803955, 44.4982157816838], [11.4197124474002, 44.4982601426289], [11.4201747821113, 44.4983388811635], [11.42047267240405, 44.49838779927132]], [[11.420511310188257, 44.49839414523285], [11.420472672404049, 44.498387799271306]]], ""type"": ""MultiLineString""}";454
2059;Precedente 31/12/2021;300.0;Ciclabile;sede propria;44.51370449391905, 11.405885633766724;"{""coordinates"": [[[11.4041825214847, 44.5142850497047], [11.4053108083413, 44.5139003824087], [11.4070859583812, 44.5132943075731], [11.4075902361751, 44.5131283893954]]], ""type"": ""MultiLineString""}";459
2297;2025;885.0;Itinerario ciclabile;promiscuo veicolare;44.499163209033995, 11.36852551962871;"{""coordinates"": [[[11.365198313596778, 44.50157902803545], [11.365342506258596, 44.499720481690595], [11.366418784277469, 44.49976910882184], [11.366529688832703, 44.49977411531474], [11.366691147491961, 44.499757418115756], [11.366764143914402, 44.499740012468415], [11.367494460550429, 44.49949547858987], [11.369475756132728, 44.49880595977575], [11.37126722435874, 44.4981592392819], [11.37275681089857, 44.49762826468869], [11.373119336442697, 44.49748399939885]]], ""type"": ""MultiLineString""}";460
1727;Precedente 31/12/2021;59.0;Ciclabile;sede propria;44.50240477959311, 11.337520275868;"{""coordinates"": [[[11.3376348888733, 44.5026574590411], [11.3374056628627, 44.5021521001451]]], ""type"": ""MultiLineString""}";466
1966;Precedente 31/12/2021;38.0;Pedonale-Ciclabile;ciclabile contigua al pedonale;44.5105396866803, 11.35846142137525;"{""coordinates"": [[[11.3582224048755, 44.5105565100395], [11.358700437875, 44.5105228633211]]], ""type"": ""MultiLineString""}";467
2088;Precedente 31/12/2021;517.0;Itinerario ciclabile;corsia ciclabile su strada;44.509118891536566, 11.394242003229941;"{""coordinates"": [[[11.3924584255275, 44.5109899316722], [11.3924929084497, 44.5108347496803], [11.3925431318301, 44.5106452996633], [11.392661416314, 44.5102932398414], [11.3927980548696, 44.5100865717284], [11.3930156920113, 44.509797346038], [11.3937223764581, 44.5089606087571], [11.3938468747764, 44.5088342413465], [11.3939773544936, 44.5087033095715], [11.3941094715387, 44.508612121431], [11.3942206939091, 44.508551298573], [11.3944652187639, 44.50849111687], [11.3947965515994, 44.5084344230784], [11.3950403774748, 44.5084133788663], [11.3952622119538, 44.5083987734748], [11.3954705651728, 44.5083943982688], [11.3956430723342, 44.508404044795], [11.3967731704283, 44.5085490587999]]], ""type"": ""MultiLineString""}";473
2087;Precedente 31/12/2021;1209.0;Itinerario ciclabile;promiscuo veicolare;44.50144228826206, 11.414497131420626;"{""coordinates"": [[[11.4097677452145, 44.4998796908551], [11.4100240696012, 44.4997895152676], [11.4108798216582, 44.4994819497774], [11.410945532588, 44.4994253194006], [11.410983275903, 44.4993788529519], [11.4110339994015, 44.4993543294293], [11.4111209680941, 44.4993302736357], [11.4111759488846, 44.4993254115174], [11.4112396015216, 44.4993215994804], [11.4112925166908, 44.4993081294321], [11.4113669692591, 44.4992774661684], [11.4114694779657, 44.4992500865252], [11.4115620762183, 44.4992234636503], [11.411668055782, 44.4991929934001], [11.4117660428975, 44.4991648209122], [11.4119689543698, 44.4991219362472], [11.4120840556729, 44.4990976097668], [11.4122121157853, 44.4990665177134], [11.4124575112165, 44.4989964982879], [11.4126883277259, 44.4989310974717], [11.4128250236977, 44.4988956176112], [11.4129605783374, 44.4988702804731], [11.4130947933713, 44.4988505798032], [11.4133890909495, 44.4987915457993], [11.4134363871421, 44.4987961627085], [11.4134762119409, 44.4988099219421], [11.4135100319847, 44.4988305598013], [11.4135625434463, 44.4988856327533], [11.4140737215863, 44.4997229418112], [11.4141434455005, 44.4998433397449], [11.4142268337987, 44.5000048840727], [11.4143329998187, 44.5002105591576], [11.4144717693823, 44.5004594739121], [11.4145858103864, 44.500598702826], [11.4146622078297, 44.500715134532], [11.4147899852598, 44.5010089270625], [11.4148064390208, 44.5010518751185], [11.4148401671187, 44.5011128155463], [11.4148829435814, 44.5011709362735], [11.4149838786001, 44.5013038904348], [11.4152409810263, 44.5016238415769], [11.4152895214906, 44.5017125907126], [11.4154310083511, 44.5020421459305], [11.4155806137431, 44.5023761720387], [11.4156653280977, 44.5025606866665], [11.4157423002256, 44.5026915614501], [11.4159315241016, 44.5029748295618], [11.4160145698571, 44.5030644018409], [11.4161238753701, 44.5031576465469], [11.4163457926222, 44.5033199545699], [11.4164837106777, 44.5034330317622], [11.4165714839078, 44.503535058263], [11.4167056462432, 44.503733589189], [11.4168550882856, 44.5039356795808], [11.4172341812055, 44.5044401120454], [11.4174674856271, 44.5047678295858], [11.4177329016865, 44.5051768646459], [11.4179288484586, 44.5054289692002], [11.4181173421997, 44.5056810591705], [11.4182024700988, 44.5058438665801], [11.4182557839336, 44.5059521799772]]], ""type"": ""MultiLineString""}";474
981;Precedente 31/12/2021;88.0;Ciclabile;sede propria;44.490985955926945, 11.364159603104401;"{""coordinates"": [[[11.3643782972724, 44.4913495745581], [11.3639409089364, 44.4906223372958]]], ""type"": ""MultiLineString""}";479
506;Precedente 31/12/2021;304.0;Itinerario ciclabile;promiscuo veicolare;44.49283669533643, 11.271796809738785;"{""coordinates"": [[[11.2699176615503, 44.4930936703562], [11.2705449089417, 44.4930053978365], [11.2710198913278, 44.4929421323543], [11.2714445306595, 44.4928846995343], [11.272114615916, 44.4927934961718], [11.2732128142847, 44.4926440141022], [11.2736764509166, 44.4925833340663]]], ""type"": ""MultiLineString""}";480
980;Precedente 31/12/2021;128.0;Ciclabile;sede propria;44.48866368862774, 11.362766093706501;"{""coordinates"": [[[11.3630805842932, 44.4891917971844], [11.363033559979478, 44.48910608764794], [11.3630335599292, 44.4891060875563], [11.363033559470097, 44.48910608679711], [11.3630324612071, 44.4891042706628], [11.3624889021451, 44.4882054025067], [11.3624537822726, 44.4881344752063]]], ""type"": ""MultiLineString""}";481
982;Precedente 31/12/2021;149.0;Pedonale-Ciclabile;ciclabile contigua al pedonale;44.49106754149419, 11.36522649425995;"{""coordinates"": [[[11.3660740208938, 44.4907835373768], [11.365891139592, 44.4908422630491], [11.3650747061259, 44.4911211044391], [11.3643782972724, 44.4913495745581]]], ""type"": ""MultiLineString""}";485
985;Precedente 31/12/2021;180.0;Pedonale-Ciclabile;ciclabile contigua al pedonale;44.4893106910972, 11.3703485822519;"{""coordinates"": [[[11.3713644494753, 44.4889577916213], [11.3693327150285, 44.4896635905731]]], ""type"": ""MultiLineString""}";487
986;Precedente 31/12/2021;201.0;Pedonale-Ciclabile;ciclabile contigua al pedonale;44.48857507672462, 11.372459838960328;"{""coordinates"": [[[11.3733333356303, 44.4880585369889], [11.3733669392753, 44.4882802930536], [11.372599271322, 44.4885379522608], [11.3713644494753, 44.4889577916213]]], ""type"": ""MultiLineString""}";491
1971;Precedente 31/12/2021;125.0;Ciclabile;sede propria;44.49135178566873, 11.373818123069027;"{""coordinates"": [[[11.3737368911293, 44.4907936806901], [11.3738830164818, 44.4918050081604], [11.3739104201827, 44.4919076219121]]], ""type"": ""MultiLineString""}";492
1713;Precedente 31/12/2021;145.0;Ciclabile;sede propria;44.488070328814416, 11.390187119481551;"{""coordinates"": [[[11.3893589428681, 44.4883446474996], [11.3894529499115, 44.4883049122695], [11.3902055946084, 44.4880619106743], [11.3910195439025, 44.4878080377053]]], ""type"": ""MultiLineString""}";493
1973;Precedente 31/12/2021;64.0;Ciclabile;sede propria;44.4905052423658, 11.37369885369025;"{""coordinates"": [[[11.3737368911293, 44.4907936806901], [11.3736608162512, 44.4902168040415]]], ""type"": ""MultiLineString""}";496
1972;Precedente 31/12/2021;104.0;Pedonale-Ciclabile;ciclabile contigua al pedonale;44.4904077517616, 11.3730644399865;"{""coordinates"": [[[11.3736608162512, 44.4902168040415], [11.3724680637218, 44.4905986994817]]], ""type"": ""MultiLineString""}";498
1717;Precedente 31/12/2021;327.0;Percorso naturalistico;sterrato;44.50047487291562, 11.387459569965017;"{""coordinates"": [[[11.3866936286943, 44.4992147843625], [11.3866430345409, 44.4993007774678], [11.3866134303982, 44.4993440558437], [11.3867014839008, 44.49950397726], [11.3875325398043, 44.5009673514093], [11.388391109707, 44.5010037489439], [11.3883688745344, 44.5014101425852], [11.3884110280071, 44.5014113641586]]], ""type"": ""MultiLineString""}";500
1716;Precedente 31/12/2021;307.0;Percorso naturalistico;sterrato;44.497878610080875, 11.387930876133773;"{""coordinates"": [[[11.3890479507949, 44.4968364831569], [11.3888946090124, 44.4968293217982], [11.388821282914, 44.4968803067636], [11.388475519567, 44.4972631837333], [11.3881839752784, 44.497588695707], [11.3877420351524, 44.4980793068342], [11.387420820595, 44.4984481901904], [11.387216199355, 44.4986706547687], [11.3868745072138, 44.4990501073479]]], ""type"": ""MultiLineString""}";502
2071;Precedente 31/12/2021;290.0;Ciclabile;corsia ciclabile su strada;44.494258727178796, 11.401334720213502;"{""coordinates"": [[[11.4007632900333, 44.4933774617441], [11.401752336751, 44.4948978012669], [11.4013591615342, 44.4943057358818], [11.4012651244147, 44.4941619896331], [11.4011947373935, 44.4940515498603]]], ""type"": ""MultiLineString""}";506
2073;Precedente 31/12/2021;190.0;Itinerario ciclabile;promiscuo veicolare;44.499200531870414, 11.409249425531703;"{""coordinates"": [[[11.4098345860519, 44.4999663945609], [11.4097308905442, 44.4998318840221], [11.4093534970142, 44.4991980595545], [11.4092401748815, 44.4990124115438], [11.4091951819686, 44.4989602210534], [11.4091387782039, 44.4989082714488], [11.4090742489333, 44.4988667108296], [11.4090186027631, 44.4988331368991], [11.4089490290173, 44.498808031389], [11.4088621582302, 44.4987792125838], [11.4087384529398, 44.4987572934875], [11.4085539592914, 44.4987374287539], [11.4084924671169, 44.4986729370484]]], ""type"": ""MultiLineString""}";508
2072;Precedente 31/12/2021;185.0;Itinerario ciclabile;promiscuo veicolare;44.49743193476976, 11.410650616797252;"{""coordinates"": [[[11.4108545437782, 44.4982502917517], [11.410774789302, 44.4979276854049], [11.4105162816063, 44.4969018159333], [11.4104767770593, 44.4967450413031], [11.4104654455695, 44.4966105420115]]], ""type"": ""MultiLineString""}";510
734;Precedente 31/12/2021;208.0;Pedonale-Ciclabile;promiscuo ciclopedonale;44.509457214702, 11.280420615077967;"{""coordinates"": [[[11.2796197886183, 44.5087143088158], [11.2801573464567, 44.5093252407273], [11.2802057423109, 44.5093563053501], [11.280220555229, 44.5094117866364], [11.2802620527163, 44.5094504500686], [11.2811981966051, 44.5099751796749], [11.2812457965766, 44.5100121807905], [11.2812677672353, 44.510037082874], [11.281286450041, 44.5100713504372], [11.2812980667579, 44.5101002161148]]], ""type"": ""MultiLineString""}";518
738;Precedente 31/12/2021;135.0;Ciclabile;sede propria;44.5071785473033, 11.277442636801666;"{""coordinates"": [[[11.2781680526405, 44.5069259553979], [11.278073215913, 44.5069733340163], [11.2779447060866, 44.5070607740351], [11.2778149539582, 44.5071157616145], [11.2776803285126, 44.5071976806988], [11.27764181015, 44.5072196749748], [11.2775872362738, 44.5072335358557], [11.2774873267666, 44.507245529649], [11.27726239849, 44.5072305092227], [11.2771897487265, 44.507234867009], [11.2770898931862, 44.5072482711311], [11.277029636061, 44.507267899418], [11.276961189244, 44.5072792283291], [11.2768488870213, 44.5072759503371], [11.2767887602656, 44.5072475667291], [11.2767523927019, 44.5072229178746], [11.2767377637094, 44.5072006342083], [11.2767365218178, 44.5071558119497]]], ""type"": ""MultiLineString""}";522
739;Precedente 31/12/2021;430.0;Ciclabile;sede propria;44.50542080725857, 11.27592167434333;"{""coordinates"": [[[11.2767365218178, 44.5071558119497], [11.2767384566407, 44.5071158982673], [11.2767503857009, 44.5070676377376], [11.2767722547886, 44.5070219912541], [11.2766754365919, 44.5069604944179], [11.2764775258064, 44.5066229669189], [11.2766016487223, 44.5065751602463], [11.2757365967454, 44.5051066280374], [11.2751176040844, 44.5040508945809], [11.275107794979, 44.5040002727898], [11.2751041550706, 44.5039565799136], [11.2751158143386, 44.5039012670396], [11.2751452253594, 44.5038469894262], [11.2751943542086, 44.5037937053346], [11.2752713906311, 44.5037497124312], [11.2753944950075, 44.503716407052]]], ""type"": ""MultiLineString""}";526
1508;Precedente 31/12/2021;1229.0;Percorso naturalistico;sterrato;44.549302539127105, 11.355248195129432;"{""coordinates"": [[[11.359788697159, 44.5533324221773], [11.3595589739533, 44.5531885238835], [11.3594795301343, 44.5531238963619], [11.359393041982, 44.553011867469], [11.3593490861211, 44.552960249244], [11.3592647145181, 44.5529044918665], [11.3591959379098, 44.5528446476574], [11.3591279605871, 44.5527597604793], [11.3590784201027, 44.5527458064617], [11.3590364911479, 44.5527479567662], [11.358976924855, 44.5527004320455], [11.3589329557053, 44.552648819685], [11.3588859138911, 44.5526085357666], [11.3588198674642, 44.5525749168684], [11.3587363755962, 44.5525429244534], [11.3586854501566, 44.5524927157561], [11.358595516702, 44.5524295820953], [11.3584867658984, 44.5523781158132], [11.3583515810236, 44.5523222146387], [11.3582061811508, 44.5522740425266], [11.3579912345662, 44.5521910531583], [11.3578078724744, 44.552108612187], [11.3576634898328, 44.5520391094481], [11.3575880980877, 44.5519894136668], [11.3574681957428, 44.5519098207208], [11.3573850137667, 44.5518161895608], [11.3573012481759, 44.5517075099945], [11.3571594746316, 44.551551531123], [11.3570592576445, 44.5514415324233], [11.3569785858431, 44.5513528763387], [11.356909538085, 44.5512588611798], [11.3568672694328, 44.5511910398502], [11.3568115732742, 44.5511402660546], [11.3567199303282, 44.5510667920111], [11.3564953798095, 44.5509441890714], [11.3563979931402, 44.5509060362642], [11.356333296491, 44.5508655109553], [11.3562876822535, 44.5508346359661], [11.3562016823452, 44.5507878598123], [11.3561103267768, 44.5507227602883], [11.3560266620018, 44.5506759343418], [11.3559737175277, 44.5506368348331], [11.3559393665232, 44.5505939869046], [11.3559167132407, 44.5505508899159], [11.3558808255159, 44.5504661713474], [11.3558494928969, 44.5503780035677], [11.3558289930078, 44.5503298322455], [11.3558180361414, 44.5502864861524], [11.3558209339745, 44.5502378164731], [11.3558562832153, 44.5501800749664], [11.3558760640664, 44.5500170685091], [11.3558725627162, 44.5499216033469], [11.3558689997605, 44.5498244633962], [11.3558406165469, 44.5497529941666], [11.3558178344387, 44.5497065477067], [11.3557826747482, 44.5496419274372], [11.3557243575468, 44.5495845049752], [11.355516015062, 44.5493961875728], [11.3554462966809, 44.5493473886347], [11.3551358741081, 44.5491863873788], [11.3548707016158, 44.549046211736], [11.3546429568385, 44.5489432774524], [11.354532078999, 44.5488682866577], [11.3544379597601, 44.5487594199262], [11.3543391840618, 44.5486222899921], [11.3542171709813, 44.5484418222916], [11.3540507463319, 44.5482287685784], [11.3539439154567, 44.5480659987217], [11.3538890607176, 44.5479459696177], [11.353834106254, 44.54782336521], [11.3537130099606, 44.5475680812263], [11.353624226415, 44.5474075178283], [11.3535805422969, 44.547297567142], [11.3535660504019, 44.5472716401557], [11.3533785384721, 44.5473200036367], [11.3533342868864, 44.5471783499793], [11.3532433064914, 44.5470072905676], [11.3531817589998, 44.5469291132708], [11.3531139380686, 44.5468580816713], [11.3528464081239, 44.5466790692201], [11.3527786585622, 44.5466103763137], [11.3522118876059, 44.5462810937212], [11.3520370302334, 44.5461398760935], [11.3518106821666, 44.5459296324758], [11.3516207839412, 44.5457349840865], [11.351501841131, 44.5456066173148], [11.3514248748221, 44.5454656766471], [11.3514191424346, 44.5453980183053], [11.3514360776821, 44.5453252047769], [11.351492619624, 44.5451744215782], [11.3516010336152, 44.5450131867488], [11.3517237037107, 44.5448422180166]]], ""type"": ""MultiLineString""}";529
1746;Precedente 31/12/2021;519.0;Ciclabile;corsia preferenziale bus/bici;44.49838012402571, 11.335770730727967;"{""coordinates"": [[[11.3343383718762, 44.5004858156312], [11.3343759317939, 44.5004313298677], [11.3344051474815, 44.5003657078738], [11.3349699408849, 44.4995271996112], [11.3355402534992, 44.4986584535775], [11.3357065878327, 44.4984248572457], [11.3357961274911, 44.4983258972346], [11.3361709828953, 44.4978723604157], [11.3364089095701, 44.4975527780432], [11.336629329334, 44.4971674943548], [11.336740217212, 44.4969658113249], [11.3369414655556, 44.4965964713244], [11.3370332927693, 44.4964856343353], [11.337242874414883, 44.49634225763025], [11.3372494474348, 44.4963377609677], [11.337254748618378, 44.49633413437991], [11.337254748952008, 44.49633413415167], [11.3372548044665, 44.4963340961737]]], ""type"": ""MultiLineString""}";530
979;Precedente 31/12/2021;173.0;Ciclabile;sede propria;44.489907067240104, 11.363510746614791;"{""coordinates"": [[[11.3639409089364, 44.4906223372958], [11.3630857646486, 44.489200411033], [11.36308282836743, 44.48919552861095], [11.3630805842932, 44.4891917971844]]], ""type"": ""MultiLineString""}";531
762;Precedente 31/12/2021;99.0;Ciclabile;sede propria;44.51667551871574, 11.2869754313987;"{""coordinates"": [[[11.2863622308463, 44.5166307030087], [11.2864623794726, 44.5166442696487], [11.2865659760579, 44.5166605679989], [11.2866863767352, 44.5166683309029], [11.2867440168719, 44.5166794311466], [11.2868330680349, 44.516689873919], [11.2869191189628, 44.5166963056285], [11.2869761810214, 44.5166930800683], [11.2870157121625, 44.5166799983368], [11.287591167046, 44.516684273156]]], ""type"": ""MultiLineString""}";539
526;Precedente 31/12/2021;61.0;Pedonale-Ciclabile;promiscuo ciclopedonale;44.51114368815105, 11.2983718188141;"{""coordinates"": [[[11.2982139060384, 44.5108915177951], [11.2985297315898, 44.511395858507]]], ""type"": ""MultiLineString""}";540
765;Precedente 31/12/2021;58.0;Ciclabile;sede propria;44.517671062262195, 11.29353560398199;"{""coordinates"": [[[11.2934342419476, 44.517421815495], [11.2934903104114, 44.5175464185455], [11.29352766982917, 44.517642227910706], [11.293527670160886, 44.5176422287614], [11.293530342413808, 44.517649081835444], [11.2935321540088, 44.517653727726], [11.2935869042458, 44.5177941363773], [11.2936197492677, 44.5179262693376]]], ""type"": ""MultiLineString""}";541
1510;Precedente 31/12/2021;166.0;Pedonale-Ciclabile;ciclabile contigua al pedonale;44.50229182971342, 11.352019557945962;"{""coordinates"": [[[11.351126430270694, 44.50247054236584], [11.351369596772093, 44.502406647203564], [11.351850942704854, 44.502216006983765], [11.352178483943298, 44.5020900964822], [11.352283090027349, 44.502132692871825], [11.35248179057702, 44.50225080721323], [11.352614491166037, 44.50240488787107], [11.352873341923056, 44.50246416681981]]], ""type"": ""MultiLineString""}";545
1755;Precedente 31/12/2021;41.0;Pedonale-Ciclabile;area pedonale;44.49537309937675, 11.335552610707499;"{""coordinates"": [[[11.3355728707327, 44.4955565851009], [11.3355323506823, 44.4951896136526]]], ""type"": ""MultiLineString""}";549
1995;Precedente 31/12/2021;625.0;Itinerario ciclabile;promiscuo veicolare;44.52884689571832, 11.278168875724107;"{""coordinates"": [[[11.2785116201281, 44.531227184981], [11.2784402866987, 44.5311752897285], [11.2783857759717, 44.5311097624159], [11.2782267506665, 44.5308913151253], [11.2778391813055, 44.5303238595097], [11.2769609467077, 44.5290552422562], [11.2771987793156, 44.5284414398551], [11.2772871582366, 44.5283055638867], [11.2774673796719, 44.5282036061681], [11.2788023992106, 44.5278075921473], [11.2796534029589, 44.5275474675436], [11.2800926630435, 44.5274123238873], [11.280351554159, 44.5273490728141]]], ""type"": ""MultiLineString""}";550
1736;Precedente 31/12/2021;305.0;Pedonale-Ciclabile;area pedonale;44.49683124789276, 11.352069621021572;"{""coordinates"": [[[11.3503965516751, 44.4961760538657], [11.350951658461, 44.4963922905474], [11.351078261296, 44.4964425107129], [11.351423796162, 44.4965783862278], [11.3523523515037, 44.4969435280589], [11.3531055641829, 44.4972334712626], [11.3535473769836, 44.4973936024067], [11.3536040512603, 44.4974349254345], [11.3537011262385, 44.497544439983]]], ""type"": ""MultiLineString""}";551
1977;Precedente 31/12/2021;423.0;Ciclabile;sede propria;44.5047960704303, 11.3117456292524;"{""coordinates"": [[[11.3141328397301, 44.5039606068815], [11.3093584187747, 44.5056315339791]]], ""type"": ""MultiLineString""}";554
511;;120.0;Itinerario ciclabile;corsia ciclabile su strada;44.49994131143093, 11.29050198795645;"{""coordinates"": [[[11.29078633834882, 44.50044209090119], [11.29073118859106, 44.50034670025276], [11.290665361007157, 44.500232839633895], [11.29050110494332, 44.49994505719068], [11.290429122889767, 44.49981378597181], [11.290368227296605, 44.49970273144446], [11.290222849471698, 44.499437602187264]]], ""type"": ""MultiLineString""}";559
514;Precedente 31/12/2021;27.0;Itinerario ciclabile;promiscuo veicolare;44.511073891370444, 11.2832876979759;"{""coordinates"": [[[11.2832164114637, 44.5109633983301], [11.2833589844881, 44.5111843844108]]], ""type"": ""MultiLineString""}";560
518;Precedente 31/12/2021;100.0;Itinerario ciclabile;promiscuo veicolare;44.509945683916875, 11.2818884926897;"{""coordinates"": [[[11.2812980667579, 44.5101002161148], [11.281440773555, 44.510071600265], [11.2823106451012, 44.5098284680119], [11.2824763508692, 44.5097806576562]]], ""type"": ""MultiLineString""}";568
756;Precedente 31/12/2021;337.0;Percorso naturalistico;pavimentato;44.507416547073454, 11.292588534371783;"{""coordinates"": [[[11.2918268797277, 44.5059811679522], [11.2918657641, 44.5060744657378], [11.2919139829985, 44.5061901608474], [11.2919731264057, 44.5063320679278], [11.2920439287834, 44.5065019494906], [11.2921335246408, 44.5067126043919], [11.2923282248881, 44.5071220480246], [11.2924067341934, 44.5072615206157], [11.2929332485672, 44.5080195763378], [11.2931594150045, 44.5083271825167], [11.2932833273906, 44.5084020459274], [11.293529119849, 44.5087356971709]]], ""type"": ""MultiLineString""}";571
758;Precedente 31/12/2021;96.0;Percorso naturalistico;pavimentato;44.510983942284355, 11.291623669163762;"{""coordinates"": [[[11.2913357990629, 44.5106218507213], [11.291364924006, 44.5107002115403], [11.291435219274, 44.5107856823356], [11.2915220700479, 44.5108868212269], [11.2915643886082, 44.5109911805941], [11.2916291942775, 44.5110996435807], [11.2916878911318, 44.5111327315605], [11.2918760223025, 44.5111310727155], [11.2919092217467, 44.5111646949149], [11.2919525802118, 44.5112684292676]]], ""type"": ""MultiLineString""}";574
996;Precedente 31/12/2021;129.0;Pedonale-Ciclabile;ciclabile contigua al pedonale;44.484602138485606, 11.3846427598829;"{""coordinates"": [[[11.3842524506592, 44.4849918758839], [11.3845320100237, 44.4849002309375], [11.3846148384321, 44.4848464450815], [11.3846479506577, 44.4848042047387], [11.3845805483727, 44.4845540554446], [11.3845640746803, 44.4843857523041], [11.3850954413611, 44.4843065503001]]], ""type"": ""MultiLineString""}";577
1741;Precedente 31/12/2021;107.0;Pedonale-Ciclabile;area pedonale;44.500474150899876, 11.337626906055602;"{""coordinates"": [[[11.3378983440593, 44.5000265551043], [11.3378602228409, 44.5002078069018], [11.3377947628271, 44.5003335792154], [11.3375199252874, 44.5006284305389], [11.3373340231951, 44.5007752874701], [11.3372911099503, 44.5007983846011], [11.3372311062669, 44.5008297629718]]], ""type"": ""MultiLineString""}";580
1981;Precedente 31/12/2021;329.0;Itinerario ciclabile;corsia ciclabile su strada;44.50774790420102, 11.33000503332207;"{""coordinates"": [[[11.329791729339888, 44.50811698351114], [11.32978604691, 44.5081273758801], [11.3292390826403, 44.5091276969772]], [[11.329791729785715, 44.50811698269578], [11.329791729447642, 44.50811698331407]], [[11.329809909113317, 44.50808373524994], [11.329791729893467, 44.50811698249872]], [[11.3299735156157, 44.5077884284135], [11.3299262759025, 44.507870916679], [11.329809882730162, 44.50808378350104]], [[11.3308057812579, 44.506390017683], [11.3306901957394, 44.5065369581178], [11.3299809536796, 44.5077754403375], [11.329980540375711, 44.507776162033686], [11.329980539788972, 44.50777616305823], [11.32997593389132, 44.50778420570881], [11.3299735156742, 44.5077884283114]]], ""type"": ""MultiLineString""}";584
1924;Precedente 31/12/2021;404.0;Ciclabile;corsia preferenziale bus/bici;44.50298053391017, 11.344926298799683;"{""coordinates"": [[[11.3446446509506, 44.501974599812], [11.3445993173685, 44.501817533998], [11.344599314051798, 44.50181752156766], [11.344599312480677, 44.501817515679406], [11.3445962713531, 44.5018061181355], [11.3445814224697, 44.5017504673914], [11.3445298327775, 44.5015969987325], [11.344519245366085, 44.50156550326509], [11.344519239905358, 44.5015654870205], [11.3445192283774, 44.5015654527271], [11.3444765856491, 44.5014327993571], [11.3444027430731, 44.5012025095023], [11.344402743894666, 44.50120251032891], [11.344402744341116, 44.5012025107781], [11.344403607739, 44.5012033794788]], [[11.3446454578196, 44.5019754479192], [11.344644652256369, 44.50197460118451], [11.344644651861183, 44.501974600769124], [11.3446446509506, 44.501974599812]], [[11.3454307380836, 44.5047662326173], [11.345413619318894, 44.50470860045924], [11.345413617372627, 44.504708593906926], [11.3454132461663, 44.504707344201], [11.345243026300489, 44.504123558905725], [11.345242167124159, 44.5041206122784], [11.3452404451284, 44.5041147065294], [11.3452273197176, 44.5040518878073], [11.3450444629248, 44.5033939732198], [11.3448764763342, 44.5027734636103], [11.344876476789068, 44.50277346327978], [11.344876477004687, 44.5027734631231], [11.3448767634478, 44.5027732549816], [11.344706468408386, 44.502187301983696], [11.344706334089153, 44.50218683981664], [11.3446446509506, 44.501974599812]]], ""type"": ""MultiLineString""}";591
1923;Precedente 31/12/2021;807.0;Ciclabile;sede propria;44.50305898244649, 11.334290159281124;"{""coordinates"": [[[11.3301415212617, 44.500963730495], [11.3326248169379, 44.5022133009566], [11.3328638673406, 44.5023157173283], [11.3331783496666, 44.502495095606], [11.3336389584331, 44.502751116486], [11.334651849482968, 44.503260296938016], [11.33465194823708, 44.50326034658172], [11.3346519937423, 44.5032603694572], [11.334652013866615, 44.50326037934867], [11.334652056543788, 44.50326040032527], [11.336433731832, 44.5041361259146], [11.3378132279183, 44.5048247390558], [11.3381313829986, 44.5049863861236], [11.3384490796552, 44.5051343321783]]], ""type"": ""MultiLineString""}";592
1928;Precedente 31/12/2021;88.0;Pedonale-Ciclabile;area pedonale;44.495005393316305, 11.32876201002535;"{""coordinates"": [[[11.3288691256333, 44.4946149520496], [11.3286548944174, 44.495395834583]]], ""type"": ""MultiLineString""}";595
703;Precedente 31/12/2021;115.0;Ciclabile;sede propria;44.50188435726138, 11.260544892769754;"{""coordinates"": [[[11.2605790795075, 44.5024009229321], [11.2605606510542, 44.5022946669007], [11.2605505074554, 44.5021062220497], [11.2605265539101, 44.5013663148131]]], ""type"": ""MultiLineString""}";598
704;Precedente 31/12/2021;108.0;Ciclabile;sede propria;44.500881792100934, 11.260518106327137;"{""coordinates"": [[[11.2605265539101, 44.5013663148131], [11.2605127811488, 44.5005937365779], [11.2605111527999, 44.5003972498811]]], ""type"": ""MultiLineString""}";601
943;Precedente 31/12/2021;347.0;Ciclabile;sede propria;44.509543848127535, 11.359786382144598;"{""coordinates"": [[[11.359053664537, 44.5104983814169], [11.3590302525083, 44.5103598610407], [11.3593818768874, 44.5103418297236], [11.3596929658086, 44.5102964757624], [11.3599184588423, 44.510148457747], [11.3594334488794, 44.5092977616617], [11.3594644663272, 44.5092468410793], [11.3595744474258, 44.5092061250512], [11.359771424231, 44.5091481626271], [11.3603015498085, 44.5089894923547], [11.3602458394225, 44.5088660629551], [11.3602485774847, 44.5088233014597], [11.3602824151412, 44.5087422706854], [11.3606016144529, 44.5084174083247]]], ""type"": ""MultiLineString""}";602
707;Precedente 31/12/2021;214.0;Pedonale-Ciclabile;ciclabile contigua al pedonale;44.52152901082594, 11.272446987725317;"{""coordinates"": [[[11.2730011782857, 44.5224078915616], [11.2723935091464, 44.5214323706297], [11.2718809183215, 44.5206577581693]]], ""type"": ""MultiLineString""}";603
949;Precedente 31/12/2021;63.0;Pedonale-Ciclabile;ciclabile contigua al pedonale;44.51768761822705, 11.360527735038051;"{""coordinates"": [[[11.3606877153177, 44.5179493592164], [11.3603677547584, 44.5174258772377]]], ""type"": ""MultiLineString""}";607
948;Precedente 31/12/2021;116.0;Pedonale-Ciclabile;ciclabile contigua al pedonale;44.51695529262775, 11.36005949602945;"{""coordinates"": [[[11.3603677547584, 44.5174258772377], [11.3597512373005, 44.5164847080178]]], ""type"": ""MultiLineString""}";608
1912;;259.0;Itinerario ciclabile;promiscuo veicolare;44.514694635335466, 11.284926659885862;"{""coordinates"": [[[11.286134745697298, 44.51527570361788], [11.286016239400974, 44.51526772758787], [11.285722531175802, 44.51519878079564], [11.28556790901677, 44.515156443679714], [11.28542243352922, 44.515081524885915], [11.285248087930546, 44.51499174330486], [11.285006455085716, 44.514824081923194], [11.28489148664703, 44.51474490538988], [11.284760409047742, 44.51466587503991], [11.284583487517821, 44.514564822789104], [11.284350609205788, 44.5144693711572], [11.284194296610506, 44.5144000898063], [11.284150521248172, 44.5143745063588], [11.284131840383111, 44.51434422696945], [11.284124655180792, 44.51431125127492], [11.284164104420917, 44.51427033458166], [11.284509429890381, 44.51408160547399], [11.284436662129808, 44.51400909007226], [11.28436081542244, 44.51392406830655]]], ""type"": ""MultiLineString""}";613
932;Precedente 31/12/2021;87.0;Pedonale-Ciclabile;promiscuo ciclopedonale;44.50763187057213, 11.360097599368222;"{""coordinates"": [[[11.3597895305412, 44.5079539397355], [11.3602153938679, 44.5075090001051], [11.3604052194938, 44.5073093733433]]], ""type"": ""MultiLineString""}";617
931;Precedente 31/12/2021;231.0;Pedonale-Ciclabile;promiscuo ciclopedonale;44.506450393674434, 11.361226336190118;"{""coordinates"": [[[11.3604052194938, 44.5073093733433], [11.3610284758651, 44.5066530222119], [11.3619755725155, 44.5056692332156], [11.3620713064926, 44.5056232022259]]], ""type"": ""MultiLineString""}";618
1703;Precedente 31/12/2021;263.0;Ciclabile;corsia ciclabile su strada;44.47903324492365, 11.369363894781554;"{""coordinates"": [[[11.3685944902381, 44.4779864249593], [11.3690457420175, 44.4785965318085], [11.3695070611714, 44.4792358216848], [11.3699743257008, 44.4798582043475], [11.3701339833221, 44.4800795328676]]], ""type"": ""MultiLineString""}";622
1944;Precedente 31/12/2021;87.0;Pedonale-Ciclabile;promiscuo ciclopedonale;44.506299413101615, 11.375033839088129;"{""coordinates"": [[[11.3750512127389, 44.5059220863859], [11.3751191110068, 44.506081764298], [11.3750929510512, 44.5061518180716], [11.3750574317902, 44.5062770453007], [11.3750100918732, 44.5064326014973], [11.3749492445494, 44.5065770298756], [11.3749099254922, 44.5066768410889]]], ""type"": ""MultiLineString""}";624
1707;Precedente 31/12/2021;138.0;Ciclabile;sede propria;44.511073961418155, 11.3303635754216;"{""coordinates"": [[[11.3302290500823, 44.5115089140162], [11.3304154894392, 44.5114676626285], [11.3305273086244, 44.5114316093481], [11.330534717468, 44.5113808049773], [11.3305399725706, 44.5112760158375], [11.3305712392641, 44.5109951038758], [11.3302081744359, 44.5107661460112], [11.3301313848628, 44.5107339467686], [11.3299018177106, 44.510775780503]]], ""type"": ""MultiLineString""}";626
1948;Precedente 31/12/2021;401.0;Ciclabile;sede propria;44.51795499806589, 11.355957435483234;"{""coordinates"": [[[11.35472741684, 44.5163973031227], [11.3552323469924, 44.5170319050722], [11.3553890968981, 44.5172111637402], [11.3564347846445, 44.5184953516136], [11.3568448558888, 44.519175956268], [11.3570968042709, 44.5195769168843]]], ""type"": ""MultiLineString""}";629
1947;Precedente 31/12/2021;309.0;Ciclabile;sede propria;44.52757589393764, 11.277690941363128;"{""coordinates"": [[[11.2765466141819, 44.5283571770105], [11.2766308121814, 44.5283293228944], [11.2767362257821, 44.5282988625758], [11.2768565150943, 44.5282593819802], [11.2769344525292, 44.5282272924637], [11.2769701244725, 44.52820477273], [11.277014333627, 44.52816681897], [11.2770505134527, 44.5280788778646], [11.2771203307882, 44.5279161286421], [11.2774089000962, 44.5272714779821], [11.2774410903393, 44.5272381222017], [11.2774830001057, 44.5272198354529], [11.2778180981821, 44.5271572415075], [11.2780084749722, 44.5271178660948], [11.2781212155546, 44.5271227156985], [11.2784865867198, 44.5272315488385], [11.2785802230128, 44.5273386976245], [11.2787196301101, 44.5275989553593], [11.2788241010576, 44.5278010149227]]], ""type"": ""MultiLineString""}";630
1949;Precedente 31/12/2021;406.0;Ciclabile;sede propria;44.51460877953792, 11.354305108583922;"{""coordinates"": [[[11.3538065994896, 44.5128361848647], [11.3538397781996, 44.5131401474796], [11.3541268396677, 44.5137163207404], [11.3543658281058, 44.5142997783491], [11.354421844147, 44.5147076633227], [11.3544657339643, 44.5152510968193], [11.3544877408358, 44.5156880018912], [11.3545145666944, 44.5159171404006], [11.3545859662013, 44.516161091254], [11.35472741684, 44.5163973031227]]], ""type"": ""MultiLineString""}";631
720;Precedente 31/12/2021;51.0;Ciclabile;sede propria;44.51680198487646, 11.281509965279314;"{""coordinates"": [[[11.2818237356114, 44.5167577381739], [11.2815071961081, 44.5167996703052], [11.2811969949061, 44.5168515701246]]], ""type"": ""MultiLineString""}";633
961;Precedente 31/12/2021;249.0;Ciclabile;sede propria;44.52776943096596, 11.360691210566216;"{""coordinates"": [[[11.3604589682638, 44.5288017374766], [11.3604297471148, 44.5287293734104], [11.3604179213166, 44.5286545642239], [11.360394955339, 44.5285216102158], [11.3603982953382, 44.5282484273568], [11.360384499165, 44.52819659202], [11.3602991530409, 44.5280357411557], [11.3602884419156, 44.5279880114883], [11.360325030416, 44.5279559816297], [11.3604838091306, 44.5279172530386], [11.3605114858086, 44.5278812380638], [11.360567609293, 44.5277570713731], [11.3606824261108, 44.5275712302004], [11.3608661316071, 44.5273589464306], [11.361057469214, 44.5271881400483], [11.3613040985186, 44.5270140870253], [11.361346702015, 44.5269860900201], [11.3614520414795, 44.5270673396462]]], ""type"": ""MultiLineString""}";636
960;Precedente 31/12/2021;163.0;Ciclabile;sede propria;44.526753022008016, 11.36238114880566;"{""coordinates"": [[[11.3633372383038, 44.5265318966075], [11.363148131543, 44.5265420697148], [11.3630382724575, 44.526565202042], [11.362236576539, 44.5267841174702], [11.361789487647, 44.5269039198416], [11.3616004980922, 44.5269891781651], [11.3614520414795, 44.5270673396462]]], ""type"": ""MultiLineString""}";638
724;Precedente 31/12/2021;110.0;Pedonale-Ciclabile;promiscuo ciclopedonale;44.51931065845028, 11.275728688732046;"{""coordinates"": [[[11.2763433585012, 44.5191884972854], [11.2761417510345, 44.5191342808294], [11.2758078141202, 44.5192726740255], [11.2755652970491, 44.5193730519275], [11.2751148010988, 44.5195282488856]]], ""type"": ""MultiLineString""}";639
963;Precedente 31/12/2021;143.0;Ciclabile;sede propria;44.530196311053764, 11.363702461104877;"{""coordinates"": [[[11.3628385689704, 44.5302974140028], [11.3630515293359, 44.5303013853492], [11.3634090051121, 44.5302752873651], [11.3635946397844, 44.530252713647], [11.3637479798926, 44.5302245469417], [11.3638635423509, 44.5301992400202], [11.3641458129445, 44.530116298977], [11.3643442190434, 44.5300496726007], [11.3645387744423, 44.5299601874384]]], ""type"": ""MultiLineString""}";640
962;Precedente 31/12/2021;271.0;Ciclabile;sede propria;44.529784504434005, 11.361482934913873;"{""coordinates"": [[[11.3604589682638, 44.5288017374766], [11.360493074582, 44.5289219513758], [11.3605572592515, 44.5290644752014], [11.3606522089797, 44.5292459728726], [11.3607414171811, 44.5293587896827], [11.3609272906109, 44.5295529951428], [11.361117707837, 44.529715832711], [11.3613937377921, 44.5299039958147], [11.3617210162036, 44.5300619062432], [11.3619397157637, 44.5301324213228], [11.3621847753277, 44.5302065819158], [11.3623962832043, 44.5302460247702], [11.3626657841556, 44.5302780243496], [11.3628385689704, 44.5302974140028]]], ""type"": ""MultiLineString""}";642
729;Precedente 31/12/2021;48.0;Ciclabile;sede propria;44.516229022519255, 11.283128343988023;"{""coordinates"": [[[11.2829055312016, 44.5163731969969], [11.2831050950184, 44.5162539006324], [11.2833429291248, 44.5160726901107]]], ""type"": ""MultiLineString""}";645
964;Precedente 31/12/2021;145.0;Ciclabile;sede propria;44.529349165956646, 11.364217373864003;"{""coordinates"": [[[11.3645387744423, 44.5299601874384], [11.3638959732857, 44.5287381444749]]], ""type"": ""MultiLineString""}";646
1936;Precedente 31/12/2021;384.0;Ciclabile;corsia preferenziale bus/bici;44.49145597987827, 11.346484997387025;"{""coordinates"": [[[11.344088013636, 44.4914217921892], [11.3441582145625, 44.4914211298219], [11.3445708390214, 44.4914435413695], [11.3449633793917, 44.4914653720771], [11.3456119521941, 44.4915045391566], [11.3458736334673, 44.491511447049], [11.3463332614825, 44.4915117482116], [11.3464523445404, 44.4915054581401], [11.3468232211289, 44.4915062010661], [11.3476227607105, 44.4914659986325], [11.3481441825504, 44.4914090198399], [11.3484901621201, 44.4913535094437], [11.348867363605, 44.4912590077311]]], ""type"": ""MultiLineString""}";654
1938;Precedente 31/12/2021;275.0;Ciclabile;sede propria;44.49816184598434, 11.327234325197852;"{""coordinates"": [[[11.3275695709198, 44.4970764284759], [11.327535111554011, 44.49718590664911], [11.327535105630211, 44.497185925469154], [11.3274916048648, 44.4973241283705], [11.3269537102478, 44.4990330315588], [11.326946566458975, 44.49905572753512], [11.326946565216932, 44.49905573148112], [11.326927188682694, 44.499117291162285], [11.3269271883848, 44.4991172921087], [11.32692718841232, 44.49911729227091], [11.32692745574384, 44.49911886809487], [11.3269288022285, 44.4991268051416], [11.3269706957062, 44.4993737522552]], [[11.3276070306758, 44.4969574179961], [11.327573101014732, 44.497065213285644], [11.32757310072781, 44.4970652141972], [11.3275695707438, 44.4970764290351]]], ""type"": ""MultiLineString""}";655
1329;2023;668.0;Ciclabile;sede propria;44.51579476568523, 11.271909729286268;"{""coordinates"": [[[11.269638191434607, 44.513717350308525], [11.271113585204171, 44.515907687058785], [11.271213845872113, 44.51593987958476], [11.271409059596806, 44.51595796732622], [11.271570877443681, 44.515993816048244], [11.272557574247802, 44.515673750173846], [11.273123226858713, 44.51658558694629], [11.273173521670453, 44.516612582776574], [11.273216263454847, 44.51662337819767], [11.27351726182686, 44.51662899999673], [11.274069269836913, 44.517445058246714], [11.27414024533312, 44.51751120212127], [11.274257478339143, 44.51759505847433], [11.27432742475515, 44.51763559482107]]], ""type"": ""MultiLineString""}";659
716;Precedente 31/12/2021;102.0;Ciclabile;sede propria;44.520881063116114, 11.277997919524799;"{""coordinates"": [[[11.2783150193436, 44.5204720971049], [11.2777844990551, 44.5211658447099], [11.2777330320147, 44.5212146724726], [11.2776994844697, 44.5212344676312], [11.2776462097983, 44.5212369065463]]], ""type"": ""MultiLineString""}";661
717;Precedente 31/12/2021;224.0;Ciclabile;sede propria;44.51959178857783, 11.278992974242216;"{""coordinates"": [[[11.2796653331337, 44.5187071380394], [11.2795835846067, 44.5188123345001], [11.2794613957345, 44.5189780876124], [11.2786995318965, 44.5199819006197], [11.2786677050818, 44.52001725839], [11.2783150193436, 44.5204720971049]]], ""type"": ""MultiLineString""}";668
955;Precedente 31/12/2021;18.0;Ciclabile;sede propria;44.52601336531776, 11.362916720746199;"{""coordinates"": [[[11.3628372325202, 44.5260702413511], [11.3629962089722, 44.5259564892844]]], ""type"": ""MultiLineString""}";669
719;Precedente 31/12/2021;64.0;Ciclabile;sede propria;44.51706764266335, 11.280952895009497;"{""coordinates"": [[[11.2811969949061, 44.5168515701246], [11.2811399707918, 44.5168740941625], [11.2810493821084, 44.5169408784126], [11.2809320398075, 44.5170780551728], [11.2807414051278, 44.5173223771353]]], ""type"": ""MultiLineString""}";670
1330;Precedente 31/12/2021;23.0;Pedonale-Ciclabile;promiscuo ciclopedonale;44.52433205218795, 11.31838463574815;"{""coordinates"": [[[11.3182971688218, 44.5242481169627], [11.3184721026745, 44.5244159874132]]], ""type"": ""MultiLineString""}";676
1332;Precedente 31/12/2021;623.0;Percorso naturalistico;sterrato;44.513654393685634, 11.392566025599073;"{""coordinates"": [[[11.3896893586853, 44.5127003722742], [11.3898775336557, 44.5130381427689], [11.3904665548053, 44.5135376303989], [11.3907597275345, 44.5137545914545], [11.3911009036056, 44.5137999356559], [11.3916231923196, 44.5137889864359], [11.3919591965867, 44.5141559705367], [11.3931026923168, 44.5140860531707], [11.3935531074801, 44.5141413017202], [11.3937208457368, 44.5140891626779], [11.3941694819664, 44.5139136315365], [11.3944186069947, 44.5137058223222], [11.3945756248303, 44.5135303330014], [11.3948195119264, 44.5132638845263], [11.3950291121436, 44.5130589294556], [11.3951763052746, 44.5129201101237], [11.3954163624412, 44.5126294310979], [11.3954230477054, 44.5126182236738]]], ""type"": ""MultiLineString""}";678
1335;Precedente 31/12/2021;192.0;Ciclabile;sede propria;44.5139206137707, 11.3991639476781;"{""coordinates"": [[[11.400245097971, 44.513535753044], [11.3994781470205, 44.5138102619771], [11.3988674353135, 44.5140235688079], [11.3985670171795, 44.5141367993406], [11.3981464855534, 44.5142815099356], [11.3980783724282, 44.5142800701375]]], ""type"": ""MultiLineString""}";679
1570;Precedente 31/12/2021;196.0;Ciclabile;sede propria;44.51200859922553, 11.353391095085506;"{""coordinates"": [[[11.3538065994896, 44.5128361848647], [11.3534379463413, 44.5120932040684], [11.3533979104096, 44.5119989507095], [11.3532624819577, 44.5117856553027], [11.3531924200628, 44.5116207118459], [11.3529783759976, 44.5111799868166]]], ""type"": ""MultiLineString""}";680
1574;Precedente 31/12/2021;98.0;Ciclabile;sede propria;44.50805775414321, 11.388189323264312;"{""coordinates"": [[[11.3876243432508, 44.5081870303029], [11.3878153070877, 44.5081514857507], [11.3879119737602, 44.5081320729792], [11.3881427666975, 44.5080839906936], [11.3884198940068, 44.5080291408889], [11.3885205664751, 44.5079969429701], [11.388558685292, 44.5079533401433], [11.3885545803409, 44.5079074308394], [11.3886534273438, 44.5078847880463], [11.3887061413052, 44.5078726065545]]], ""type"": ""MultiLineString""}";684
1316;Precedente 31/12/2021;108.0;Ciclabile;sede propria;44.49519611349526, 11.371913053282974;"{""coordinates"": [[[11.3713318884454, 44.4952973458171], [11.3713994975064, 44.4952724844251], [11.3714595539383, 44.4952624024631], [11.3715078210118, 44.4952628022687], [11.3715467393107, 44.4952677884945], [11.3715831328677, 44.4952772110873], [11.3716277108102, 44.4952949180368], [11.3716568067554, 44.4953114325515], [11.3717011619725, 44.4953419551903], [11.3717954659834, 44.4953064057523], [11.3719317995791, 44.4952378837387], [11.3720440830329, 44.4951852935383], [11.3722034563278, 44.4951049850208], [11.3724726422067, 44.4949524466633]]], ""type"": ""MultiLineString""}";685
1558;Precedente 31/12/2021;101.0;Ciclabile;sede propria;44.52169559270319, 11.276493120304227;"{""coordinates"": [[[11.2762795646611, 44.521266226456], [11.2762951975819, 44.5213488640793], [11.2763984967983, 44.5215298857403], [11.276512225505, 44.5217674345517], [11.276670160965, 44.521982966385], [11.2767509211609, 44.5221034106817]]], ""type"": ""MultiLineString""}";688
576;Precedente 31/12/2021;134.0;Pedonale-Ciclabile;ciclabile contigua al pedonale;44.4964312854725, 11.360459707062894;"{""coordinates"": [[[11.3602721322143, 44.497021391441], [11.3604515255816, 44.4964588643916], [11.3606462663171, 44.4958408575529]]], ""type"": ""MultiLineString""}";691
1323;;254.0;Pedonale-Ciclabile;promiscuo ciclopedonale;44.47156869008069, 11.390630148756856;"{""coordinates"": [[[11.391286281544385, 44.472512722644105], [11.391220467666034, 44.47249749803565], [11.390862746890242, 44.47201694305754], [11.390611157659938, 44.4716911722025], [11.390556209581549, 44.47167818555013], [11.390396014962443, 44.47152155312847], [11.390176881648705, 44.47123160162514], [11.390469281741897, 44.4709812347812], [11.390610391202884, 44.47092238227136], [11.39042132883316, 44.47064360883207]]], ""type"": ""MultiLineString""}";697
1564;2025;538.0;Ciclabile;sede propria;44.529014597519016, 11.271292013925763;"{""coordinates"": [[[11.27002115800479, 44.530950621608426], [11.270155414175127, 44.530890345469906], [11.270514167759838, 44.53041040686494], [11.27063200694886, 44.5303531259245], [11.270881772516606, 44.530035339121156], [11.27095347350824, 44.529992116195444], [11.271258142267303, 44.52958369069606], [11.271271613002126, 44.529542831478054], [11.271251654522915, 44.529499063050615], [11.27068158239349, 44.528640261501565], [11.270671884232607, 44.52860344951804], [11.270704199020354, 44.52857653696908], [11.271330977052388, 44.52832040490343], [11.272606870303955, 44.527831309340215], [11.272862210316699, 44.52749915667876], [11.27282633237427, 44.5274240494738], [11.27286823587967, 44.527373930123666]]], ""type"": ""MultiLineString""}";699
1590;Precedente 31/12/2021;111.0;Pedonale-Ciclabile;ciclabile contigua al pedonale;44.484641431232475, 11.35618229523145;"{""coordinates"": [[[11.3566834696939, 44.4848400157279], [11.3565760115111, 44.4847876083326], [11.3562973272735, 44.4845818198306], [11.3561174526253, 44.4847071097939], [11.3559499981234, 44.4845889953828], [11.3557803518769, 44.4845409814608], [11.3557590189699, 44.4844755070483], [11.355757403848463, 44.48447054995889], [11.355755565212739, 44.484464906865156], [11.355755564929154, 44.484464905994784], [11.3557359702878, 44.4844047666227]]], ""type"": ""MultiLineString""}";703
1339;;616.0;Ciclabile;sede propria;44.535184207595314, 11.273233332523532;"{""coordinates"": [[[11.270137862722047, 44.535147268091166], [11.270138658539983, 44.53523000012649], [11.27015727598184, 44.53529417020672], [11.270243490957956, 44.53539410708178], [11.27033361497393, 44.53548396189862], [11.27054319587097, 44.53557861742171], [11.271105670469328, 44.53585799210487], [11.271144992271331, 44.53582439300837], [11.271255901130237, 44.535789681689074], [11.271369771412298, 44.53579447033443], [11.27149138144546, 44.53585083140619], [11.273640875397552, 44.534774540995606], [11.273861127339037, 44.53471703283995], [11.274100424980245, 44.534709995768274], [11.275677976613606, 44.53500862148219], [11.275711588022226, 44.53499280465358], [11.275748046176705, 44.534982703888694], [11.27578845673264, 44.534978818139486], [11.275828169212602, 44.53498174623787], [11.275865826983376, 44.5349911980588], [11.275899345361005, 44.535006648639865], [11.27593649088958, 44.53503400774367], [11.276150102274922, 44.5348772172981], [11.276263952893377, 44.53479365032923], [11.27636715828601, 44.53471789680697], [11.276511398331236, 44.53461202275657]]], ""type"": ""MultiLineString""}";709
1599;Precedente 31/12/2021;198.0;Percorso naturalistico;pavimentato;44.50805802612871, 11.27994553933724;"{""coordinates"": [[[11.2787987916142, 44.5083147145853], [11.2788548952274, 44.5082981604413], [11.2790122612669, 44.5082396543041], [11.2790717470257, 44.5082302310524], [11.2791544953731, 44.5082325864282], [11.2793058279566, 44.5082396425526], [11.2794513871733, 44.5082447705956], [11.2795509964406, 44.5082406440025], [11.2796104817185, 44.508231211428], [11.2810703727732, 44.507682389481]]], ""type"": ""MultiLineString""}";710
1598;Precedente 31/12/2021;284.0;Percorso naturalistico;pavimentato;44.506500753554626, 11.280386469209557;"{""coordinates"": [[[11.2796948003367, 44.5053232643982], [11.2801954303275, 44.5061794360618], [11.2806606666976, 44.5069651424244], [11.2809577517984, 44.5074634631052], [11.2810703727732, 44.507682389481]]], ""type"": ""MultiLineString""}";712
1341;Precedente 31/12/2021;429.0;Percorso naturalistico;pavimentato;44.46682920653379, 11.38247490814317;"{""coordinates"": [[[11.3846898796755, 44.4665883234201], [11.3842152652721, 44.4665521798698], [11.3837430876153, 44.466483628766], [11.3835410915573, 44.4664500066171], [11.383213632419, 44.4664027729428], [11.3830224238349, 44.4663554513602], [11.3828512460382, 44.4663346857036], [11.3827038788405, 44.4663403968374], [11.3825648587578, 44.4663648106929], [11.3822005362873, 44.4665232452161], [11.3816750562608, 44.4668089323597], [11.3815617557411, 44.4669056030198], [11.3812895461153, 44.4671861641311], [11.3812334994154, 44.4672951608038], [11.3811134996491, 44.4675118547602], [11.3809958929269, 44.4677881919683], [11.3809247388752, 44.4679957717957], [11.3808960287664, 44.4681292543995], [11.380924977265, 44.4682077899642]]], ""type"": ""MultiLineString""}";716
1580;Precedente 31/12/2021;231.0;Ciclabile;sede propria;44.52960920241925, 11.355354169553973;"{""coordinates"": [[[11.35679549876, 44.5295953799938], [11.3561362152043, 44.529624207604], [11.3558229145022, 44.5296194634649], [11.3547501075693, 44.5295567827818], [11.3546653368557, 44.5295630507698], [11.3539657499508, 44.5297059001819], [11.3539254030567, 44.5297202437383]]], ""type"": ""MultiLineString""}";717
1584;2022;1094.0;Itinerario ciclabile;corsia ciclabile su strada;44.52919319428928, 11.271721640024154;"{""coordinates"": [[[11.2747252413722, 44.5252580487311], [11.2747479784488, 44.5253811023464], [11.2748261851848, 44.5255041317993], [11.2750838291955, 44.5259472874288], [11.2742113656423, 44.5262670917476], [11.274004456116, 44.5263437964872], [11.2738805613455, 44.526400098183], [11.2737103348664, 44.5265003629212], [11.2736583383287, 44.5265530556169], [11.2736200806525, 44.5266023352205], [11.273451380989, 44.5268196342578], [11.2727171812765, 44.5277723757538], [11.2719859023293, 44.5287148166839], [11.2715403782355, 44.5292947965896], [11.2712886675672, 44.529622269223], [11.2707593477892, 44.53032200791], [11.270118984446, 44.5311556866777], [11.2699062783815, 44.5314411985228], [11.2694695068904, 44.5320013840507], [11.2691076349346, 44.5324945849034], [11.2685378366302, 44.5332417311695], [11.2681764506831, 44.5333520603697]]], ""type"": ""MultiLineString""}";721
1583;Precedente 31/12/2021;81.0;Ciclabile;sede propria;44.511879986913264, 11.328202510915183;"{""coordinates"": [[[11.3286859595095, 44.5120016507227], [11.3281997065867, 44.5118776150485], [11.3277182788598, 44.5117614803624]]], ""type"": ""MultiLineString""}";722
1588;2024;709.0;Itinerario ciclabile;corsia ciclabile su strada;44.456639115006205, 11.368924420538924;"{""coordinates"": [[[11.370201023208354, 44.45976588977944], [11.370148271108299, 44.45945618798317], [11.3698852234657, 44.458271035325694], [11.369805696764692, 44.45791668687909], [11.369743141913625, 44.45766266071757], [11.369697463556545, 44.45751049512258], [11.369648614921811, 44.45734777433054], [11.369564633929276, 44.457148098340895], [11.369519750873684, 44.45703896859424], [11.369458258932305, 44.45692522509653], [11.369374623850401, 44.456770862139734], [11.369110629672232, 44.456321590830875], [11.368899477166366, 44.45593746434345], [11.368752686478146, 44.45576893579828], [11.368648864316226, 44.45564974269379], [11.368489495225104, 44.45548510040875], [11.36832344948391, 44.455341514504404], [11.36814204164775, 44.45518514794971], [11.367731082249616, 44.454870103037486], [11.367198510299742, 44.454484277136885], [11.366707477582612, 44.45410678972862]]], ""type"": ""MultiLineString""}";723
1589;Precedente 31/12/2021;82.0;Ciclabile;sede propria;44.479903396410094, 11.370586968960701;"{""coordinates"": [[[11.3701339833221, 44.4800795328676], [11.3710399545993, 44.4797272599526]]], ""type"": ""MultiLineString""}";724
1526;Precedente 31/12/2021;887.0;Pedonale-Ciclabile;ciclabile contigua al pedonale;44.483227141406914, 11.365983995556295;"{""coordinates"": [[[11.3615417058189, 44.4855645629568], [11.3617281009893, 44.4853444304767], [11.3623550110626, 44.4845919365496], [11.3624630020912, 44.4845189563971], [11.3625337571374, 44.4844904826224], [11.3634706350779, 44.4841297621121], [11.3644545824242, 44.48375846364], [11.3645247798669, 44.4837286861752], [11.3646148942017, 44.4836861081733], [11.3655196138011, 44.4833479998373], [11.3657268216287, 44.4832810906041], [11.3671700020361, 44.4827408243056], [11.3677311165356, 44.4825205756541], [11.3685052456179, 44.4822292749091], [11.3686461181974, 44.4821801586095], [11.369713692402, 44.4817721347204], [11.3706009112314, 44.481431838014], [11.370664733105, 44.4813947541916], [11.3706978359884, 44.48135830875], [11.3707229153752, 44.4813137748565]]], ""type"": ""MultiLineString""}";725
547;Precedente 31/12/2021;94.0;Pedonale-Ciclabile;ciclabile contigua al pedonale;44.51563215048937, 11.342320276139699;"{""coordinates"": [[[11.3423468208371, 44.5160551382977], [11.3423469506371, 44.5159058766846], [11.3423277162852, 44.5156329693186], [11.3422816347569, 44.5152835530918], [11.3422733629765, 44.5152106148543]]], ""type"": ""MultiLineString""}";733
784;Precedente 31/12/2021;128.0;Pedonale-Ciclabile;promiscuo ciclopedonale;44.499644350696954, 11.28946914917585;"{""coordinates"": [[[11.2902228494717, 44.4994376021873], [11.28871544888, 44.4998510992066]]], ""type"": ""MultiLineString""}";737
549;Precedente 31/12/2021;86.0;Pedonale-Ciclabile;ciclabile contigua al pedonale;44.51404179550225, 11.34207601859895;"{""coordinates"": [[[11.3421464703446, 44.5144275221562], [11.3420055668533, 44.5136560688483]]], ""type"": ""MultiLineString""}";738
789;Precedente 31/12/2021;28.0;Pedonale-Ciclabile;ciclabile contigua al pedonale;44.49863364759061, 11.293192681485884;"{""coordinates"": [[[11.2930192789869, 44.4986298162567], [11.2932154306976, 44.4986373887799], [11.2933660456853, 44.4986300237474]]], ""type"": ""MultiLineString""}";744
1535;Precedente 31/12/2021;284.0;Ciclabile;sede propria;44.48696476275156, 11.396389200119978;"{""coordinates"": [[[11.397085423312, 44.4881135851481], [11.3963240279819, 44.4869709430086], [11.396320506924607, 44.48696565888317], [11.396317824720821, 44.48696163364301], [11.396317824224393, 44.486961632898016], [11.3963173885458, 44.4869609790659], [11.3961149202315, 44.4866571218066], [11.3960495151958, 44.4864907404343], [11.3959729225327, 44.4860507255081], [11.395925061095, 44.4857235957608]]], ""type"": ""MultiLineString""}";751
1770;Precedente 31/12/2021;355.0;Ciclabile;corsia preferenziale bus/bici;44.48570649023842, 11.354840940964833;"{""coordinates"": [[[11.3564108081012, 44.4846051922852], [11.3560767743978, 44.4848244172583], [11.355814329651, 44.4850121020467], [11.3553947377388, 44.4853086812313], [11.3551987650815, 44.4854261652221], [11.3550009990247, 44.4855494118802], [11.3545654526424, 44.485875335168], [11.35423714404, 44.4861165407958], [11.3539250874433, 44.4863413556512], [11.3537315413161, 44.4865164753443], [11.3535172169475, 44.4867324821068], [11.353439736198, 44.486833066929], [11.353365443464, 44.4869191272628]]], ""type"": ""MultiLineString""}";752
1515;Precedente 31/12/2021;152.0;Ciclabile;corsia ciclabile su strada;44.48634173367334, 11.348262418013618;"{""coordinates"": [[[11.348227568601, 44.4856617721571], [11.3482685808332, 44.4860436504081], [11.3482766852141, 44.4861289821641], [11.3482860824884, 44.486345168229], [11.3482690712708, 44.4865234647865], [11.3482563085985, 44.4867214438176], [11.3482549905122, 44.486946375639], [11.3482511662038, 44.4870230759687]]], ""type"": ""MultiLineString""}";755
2205;Precedente 31/12/2021;102.0;Itinerario ciclabile;corsia ciclabile su strada;44.50049885180155, 11.342433410549301;"{""coordinates"": [[[11.3430503657451, 44.5003787341868], [11.3418164553535, 44.5006189694163]]], ""type"": ""MultiLineString""}";756
1517;Precedente 31/12/2021;329.0;Percorso naturalistico;sterrato;44.46383718348869, 11.38446103899769;"{""coordinates"": [[[11.3833285435292, 44.4626946311845], [11.38339761345, 44.4627590505496], [11.3843831562382, 44.4635990983266], [11.3845655859899, 44.4637559216845], [11.3847072902811, 44.4638587509028], [11.3847859718429, 44.4639002097608], [11.3848175666087, 44.4639328537511], [11.3848369875196, 44.4640029699109], [11.384862019306, 44.4641415309576], [11.3848864417653, 44.4641997908028], [11.3850441303403, 44.4645530441684], [11.385125600431, 44.4647923084067], [11.3851826876458, 44.4650399170255], [11.3851838739635, 44.4651339230743], [11.3851820684099, 44.465222114066]]], ""type"": ""MultiLineString""}";758
1518;Precedente 31/12/2021;180.0;Percorso naturalistico;sterrato;44.46138757927052, 11.380891731016527;"{""coordinates"": [[[11.3807864281765, 44.4615444119865], [11.3808169316336, 44.4615817259309], [11.3812084154547, 44.4614388244498], [11.381318280126, 44.4614002557564], [11.3814351237146, 44.4613546214432], [11.3811345104364, 44.4612292263241], [11.3810699209732, 44.4612251450411], [11.3809734901907, 44.4612144090319], [11.3808314943478, 44.4612198378545], [11.3807744431811, 44.4612503930968], [11.380706773476, 44.461314054774], [11.3806024466644, 44.4613698083424], [11.3804455685262, 44.4614439261617], [11.3803097715183, 44.4615003113054], [11.3802336956864, 44.4615595536118], [11.3801529066533, 44.4615840428503]]], ""type"": ""MultiLineString""}";760
1757;Precedente 31/12/2021;483.0;Ciclabile;sede propria;44.49261052676434, 11.328980139442878;"{""coordinates"": [[[11.3292363310056, 44.4918172070398], [11.3292123120383, 44.4918914230249], [11.329194734310516, 44.49194700891923], [11.329194730286831, 44.49194702164329], [11.3290645015298, 44.4923588428989], [11.328911933786717, 44.492842578535225], [11.3286036563323, 44.493820011822], [11.328582789109571, 44.49388619879717], [11.3283173757593, 44.4947280409078]], [[11.329529612164, 44.4908560600989], [11.329529615523, 44.490872616799], [11.3294885936426, 44.491037743049], [11.3292363138178, 44.4918172601481]], [[11.3295443160145, 44.4904810834729], [11.329535569810389, 44.49049695385434], [11.3295295415288, 44.4905078924429], [11.329529603252748, 44.49081213564438], [11.329529610981728, 44.490850232520394], [11.32952961098192, 44.49085023346276], [11.3295296121644, 44.4908560620191]], [[11.3295453377673, 44.4904792294565], [11.3295443159372, 44.4904810836132]]], ""type"": ""MultiLineString""}";761
771;Precedente 31/12/2021;373.0;Percorso naturalistico;pavimentato;44.51293700088563, 11.289172597889364;"{""coordinates"": [[[11.2911883296473, 44.5120648182964], [11.2910835897534, 44.5121063615747], [11.2903857221067, 44.5123948029803], [11.2895890813821, 44.5127733360597], [11.2889891292007, 44.5130377221281], [11.2872272694121, 44.5137566198718], [11.287141823399, 44.5137633446262]]], ""type"": ""MultiLineString""}";771
1523;Precedente 31/12/2021;62.0;Ciclabile;sede propria;44.481296460051716, 11.376286064715027;"{""coordinates"": [[[11.3759106414019, 44.4813666433011], [11.37628698153211, 44.48129621981884], [11.3762968733984, 44.4812943687814], [11.376297532648968, 44.48129424541766], [11.376297532698109, 44.48129424540846], [11.3762978480224, 44.4812941864027], [11.3763194632347, 44.4812901415644], [11.3766615176517, 44.4812264354832]]], ""type"": ""MultiLineString""}";781
1548;Precedente 31/12/2021;188.0;Ciclabile;sede propria;44.50863946670061, 11.361553579099176;"{""coordinates"": [[[11.3606016144529, 44.5084174083247], [11.3607995148506, 44.5083423764895], [11.3609032579096, 44.5083312976323], [11.3610034389039, 44.5083351993513], [11.361120637826, 44.5083476952524], [11.3612397637486, 44.5084078544154], [11.3621221092121, 44.5088935401595], [11.3622040004396, 44.5089604233446], [11.3622781658553, 44.5090423719281], [11.3622898681485, 44.5091256077468], [11.3622912015155, 44.5092499528379]]], ""type"": ""MultiLineString""}";784
1547;Precedente 31/12/2021;113.0;Pedonale-Ciclabile;ciclabile contigua al pedonale;44.509538587073216, 11.357081661894988;"{""coordinates"": [[[11.3564145508338, 44.5097093216093], [11.356414551517966, 44.509709321428446]], [[11.356414551395927, 44.509709321460704], [11.356414551517966, 44.509709321428446]], [[11.356414551517966, 44.509709321428446], [11.356414551857233, 44.50970932133876], [11.35641455184272, 44.5097093213426]], [[11.356414551517966, 44.509709321428446], [11.35641455184272, 44.5097093213426]], [[11.35641455184272, 44.5097093213426], [11.35641455182429, 44.50970932134747], [11.356415271765, 44.5097091310375], [11.356836981141, 44.5095976549032], [11.3576062008305, 44.509408576008], [11.3577493928614, 44.5093702942678]], [[11.35641455184272, 44.5097093213426], [11.356414552265596, 44.509709321230815]]], ""type"": ""MultiLineString""}";785
1310;Precedente 31/12/2021;443.0;Percorso naturalistico;pavimentato;44.48047656263144, 11.353697697403991;"{""coordinates"": [[[11.3517487067157, 44.4808850024188], [11.3519457331005, 44.4806995775724], [11.3521161549733, 44.4805373942762], [11.3522512543749, 44.4804209513341], [11.3525286822714, 44.4802119879205], [11.3527151366187, 44.4801149360584], [11.3529128152363, 44.4800367421316], [11.3530160188299, 44.480005958751], [11.3533102083084, 44.4799422477199], [11.3535350677202, 44.4799277240556], [11.353729567507, 44.4799346309101], [11.3538976597965, 44.4799630579321], [11.3540474061265, 44.4800258473367], [11.3541865302945, 44.4801102634512], [11.3542902258214, 44.4801853557284], [11.3543890083673, 44.4802704207953], [11.3545948797699, 44.4804822855367], [11.3547809438838, 44.4807040807877], [11.3549529023787, 44.4809755720565], [11.3550995781616, 44.4812333972622], [11.3552208324177, 44.481512218578], [11.3552233443878, 44.481554928074], [11.3552232139361, 44.4815916605246], [11.3552012494455, 44.4816307792867], [11.3551864949854, 44.4816547151904], [11.3551617297466, 44.4816839261225], [11.3551435625717, 44.4817011806863]]], ""type"": ""MultiLineString""}";791
1794;Precedente 31/12/2021;412.0;Pedonale-Ciclabile;ciclabile contigua al pedonale;44.50452688135737, 11.369825352592562;"{""coordinates"": [[[11.3676319470034, 44.5040309138298], [11.367750367551, 44.5040362532812], [11.367852403342, 44.504034126298], [11.3679233109924, 44.5039840397988], [11.36801625581, 44.5038779401245], [11.3680781509215, 44.5038454002634], [11.3682475044319, 44.5038245058237], [11.3683769551048, 44.5038297131575], [11.368611449982, 44.5039113784715], [11.3690147680427, 44.5041125556891], [11.3697631468142, 44.504476089494], [11.3698748072276, 44.5045244190445], [11.3708377802876, 44.5049359359602], [11.3712247276375, 44.5051037360773], [11.3714285158872, 44.5051975056786], [11.37181723309, 44.5053692382572], [11.372027704685, 44.5054578386126]]], ""type"": ""MultiLineString""}";806
1798;Precedente 31/12/2021;196.0;Ciclabile;sede propria;44.522492127119925, 11.275646395630833;"{""coordinates"": [[[11.2745422868792, 44.5228815999129], [11.2747045390649, 44.5228333926307], [11.2755975154409, 44.5225071260042], [11.2766018502787, 44.52215040565], [11.2767509211609, 44.5221034106817]]], ""type"": ""MultiLineString""}";811
550;Precedente 31/12/2021;68.0;Pedonale-Ciclabile;ciclabile contigua al pedonale;44.513390186431124, 11.341799496293536;"{""coordinates"": [[[11.3420055668533, 44.5136560688483], [11.3416178244767, 44.5131562062361], [11.3415969965587, 44.5131218486904]]], ""type"": ""MultiLineString""}";812
551;Precedente 31/12/2021;445.0;Ciclabile;sede propria;44.52312408131985, 11.356445629278;"{""coordinates"": [[[11.3539275809781, 44.5239968292907], [11.3589636775779, 44.522251333349]]], ""type"": ""MultiLineString""}";813
791;Precedente 31/12/2021;67.0;Pedonale-Ciclabile;ciclabile contigua al pedonale;44.498254938286024, 11.294879116651945;"{""coordinates"": [[[11.2944935511336, 44.4983518513802], [11.2949558475267, 44.4982377983917], [11.2952112763233, 44.4981767507665], [11.295209371438, 44.4981168940664]]], ""type"": ""MultiLineString""}";817
1117;Precedente 31/12/2021;182.0;Pedonale-Ciclabile;ciclabile contigua al pedonale;44.49421060716193, 11.312892406546826;"{""coordinates"": [[[11.3118260339597, 44.493959264277], [11.3118987162551, 44.4939765311268], [11.3122682365864, 44.4940518093565], [11.3126316497794, 44.4941381417882], [11.3128871296863, 44.4941985517139], [11.3133719301142, 44.4943199003643], [11.313759944789, 44.4944213468805], [11.3139077562217, 44.4945642678174]]], ""type"": ""MultiLineString""}";818
793;Precedente 31/12/2021;89.0;Pedonale-Ciclabile;ciclabile contigua al pedonale;44.497905887116595, 11.296983758971999;"{""coordinates"": [[[11.2965334567887, 44.4980986588949], [11.2966235291631, 44.4980948922407], [11.2967227280253, 44.4980775026364], [11.2967868091876, 44.4980514741114], [11.2970772110162, 44.4978587222548], [11.2971961332234, 44.4977798003469], [11.2974005534612, 44.4976292277017]]], ""type"": ""MultiLineString""}";821
557;Precedente 31/12/2021;71.0;Percorso naturalistico;pavimentato;44.50719491789199, 11.362309794158456;"{""coordinates"": [[[11.3618936245435, 44.5070857403991], [11.3621879617055, 44.5071904667067], [11.3623662557809, 44.5072288645846], [11.362737668627, 44.5072420151948]]], ""type"": ""MultiLineString""}";822
796;Precedente 31/12/2021;261.0;Ciclabile;sede propria;44.49601591713916, 11.296630365882056;"{""coordinates"": [[[11.2977375710598, 44.4968642672055], [11.2971546928527, 44.4963775124584], [11.2970026146258, 44.496291678491], [11.2966184903328, 44.4961092051781], [11.296567716679, 44.4960510220847], [11.2964876907263, 44.495953963045], [11.2960604243337, 44.4955677595877], [11.2958486516007, 44.4953795510914], [11.295551187383, 44.4951289246444]]], ""type"": ""MultiLineString""}";823
795;Precedente 31/12/2021;83.0;Ciclabile;sede propria;44.4971533898318, 11.297806148936502;"{""coordinates"": [[[11.2976726610124, 44.4974512455498], [11.2976179301207, 44.4974062496121], [11.2979768617662, 44.4970593450827], [11.2977375710598, 44.4968642672055]]], ""type"": ""MultiLineString""}";824
1541;Precedente 31/12/2021;324.0;Pedonale-Ciclabile;promiscuo ciclopedonale;44.49529266450908, 11.358439237326888;"{""coordinates"": [[[11.3570628040405, 44.4942564571792], [11.3593572003299, 44.4959539757583], [11.3595171535426, 44.4961188785002], [11.3595942145445, 44.4962477493007], [11.3596380349982, 44.4963841693796], [11.3596309515732, 44.4964580635069]]], ""type"": ""MultiLineString""}";827
1780;Precedente 31/12/2021;147.0;Pedonale-Ciclabile;area pedonale;44.491960683026136, 11.34172459795937;"{""coordinates"": [[[11.3417522112962, 44.4913243284896], [11.341805754821166, 44.49174721909897], [11.341805771225534, 44.49174734866184], [11.3418277082263, 44.4919206086709], [11.3418381323818, 44.4919734241993], [11.3418757688496, 44.4921641140484], [11.341881876821825, 44.49219506070794], [11.34188187928849, 44.49219507320555], [11.3418853645307, 44.492212731538], [11.3418818347619, 44.4922131892558], [11.341872705059671, 44.49221437313721], [11.3412983552648, 44.4922888511463]]], ""type"": ""MultiLineString""}";828
1545;Precedente 31/12/2021;126.0;Ciclabile;sede propria;44.5080810877205, 11.357945573565301;"{""coordinates"": [[[11.3586524784165, 44.507976904644], [11.3585705791882, 44.5079963341616], [11.358528316989, 44.5079735394828], [11.3585106007012, 44.5079443248706], [11.3584643270935, 44.5079245703039], [11.3582149754167, 44.5079947650086], [11.3575154125826, 44.5081777438867], [11.3572398977845, 44.5083191881897]]], ""type"": ""MultiLineString""}";833
1104;Precedente 31/12/2021;209.0;Ciclabile;sede propria;44.49241170069019, 11.389090550978844;"{""coordinates"": [[[11.3888392409696, 44.4914907457201], [11.3888346825928, 44.4915521374135], [11.3890309786632, 44.4921829688761], [11.3891561895018, 44.4926202811093], [11.3892853808985, 44.493077933594], [11.3893226406196, 44.4932236583953], [11.3892820917422, 44.493331448392]]], ""type"": ""MultiLineString""}";840
2317;2025;302.0;Itinerario ciclabile;corsia ciclabile su strada;44.500857265374705, 11.351457716378096;"{""coordinates"": [[[11.350457691455794, 44.49969149764311], [11.350548873970338, 44.49983144039675], [11.350708328554644, 44.50003197486579], [11.350846011636344, 44.500205117301014], [11.35092403040971, 44.50026358163733], [11.351008105750935, 44.500380925635476], [11.351054706294095, 44.500435933413286], [11.351156932563395, 44.50056631277194], [11.35128655578889, 44.50073162546517], [11.351456746903652, 44.50091192534607], [11.351614042593893, 44.501072109224104], [11.352161294562707, 44.50158924852853], [11.352539692435773, 44.50195197530073]]], ""type"": ""MultiLineString""}";1130
2143;2023;826.0;Itinerario ciclabile;corsia ciclabile su strada;44.45040615697141, 11.361771539985378;"{""coordinates"": [[[11.360269603500878, 44.44917903091919], [11.36024971770382, 44.44916160617393], [11.360138798785517, 44.449038007344335], [11.36007154434194, 44.44894592645871], [11.360010641976311, 44.44887491410644], [11.359933077528362, 44.44878420303915], [11.359845039482584, 44.44870720187332], [11.359627195881863, 44.44852610744467], [11.359407500707176, 44.44834279457894], [11.35902871713875, 44.44805276887637], [11.358723358226298, 44.44779178783867], [11.358641896463348, 44.44763351927065], [11.358526298342595, 44.44740697798703]], [[11.3652840277218, 44.4529406794009], [11.36502466418, 44.4527996568968], [11.3648466744417, 44.4527052442928], [11.3644029939579, 44.4524297386571], [11.3641976666006, 44.4523005134221], [11.3640893768515, 44.4522199272356], [11.3637286537057, 44.4519991156366], [11.3634036053974, 44.4518786103173], [11.3632169185263, 44.4518158319803], [11.3631583542162, 44.4517829813648], [11.3630544509595, 44.4517155107427], [11.362978013659, 44.4516606797218], [11.3628581576581, 44.4515382990561], [11.3627684219296, 44.451425759786], [11.3626528282024, 44.4512983351245], [11.362548997928, 44.4511887726029], [11.3623797688166, 44.4510483443751], [11.362255878135095, 44.45100178022263], [11.361939855328412, 44.45079573883649], [11.361784011217628, 44.45067407957265], [11.361706331607962, 44.45058393825283], [11.361524400337379, 44.45036593105864], [11.361391346124567, 44.45020106796695], [11.361248181925106, 44.450044811698454], [11.36105247973745, 44.44983456276742], [11.360915134316164, 44.44970854061362], [11.360510098421214, 44.44938976236296], [11.360433333112148, 44.44932249747276]]], ""type"": ""MultiLineString""}";846
2142;2024;498.0;Itinerario ciclabile;corsia ciclabile su strada;44.46197789006433, 11.370609264529495;"{""coordinates"": [[[11.37082985794445, 44.46420681910981], [11.370840003176738, 44.46383215096066], [11.370849413564986, 44.46333580352154], [11.370841352729336, 44.46293441223721], [11.37077491727891, 44.46261548622395], [11.370645224828364, 44.462018383520935], [11.370565917515467, 44.461624002262276], [11.370520499242545, 44.46138793687058], [11.370438708226404, 44.46093297723734], [11.370423740352539, 44.460860663978146], [11.370326261466444, 44.460392249330575], [11.370299686002697, 44.460264356230645], [11.370273520473505, 44.46011159784634], [11.370201023208354, 44.45976588977944]]], ""type"": ""MultiLineString""}";847
2134;2024;754.0;Itinerario ciclabile;corsia ciclabile su strada;44.47896482683158, 11.386493770772919;"{""coordinates"": [[[11.39067282068825, 44.477386186598714], [11.39054790916175, 44.47743678444969], [11.390547874453244, 44.477436798509046], [11.39029923696209, 44.477529932458175], [11.390225596720231, 44.47755751641789], [11.390225457307748, 44.4775575693612], [11.389710535960145, 44.47775311600414], [11.38945791642927, 44.477848098385365], [11.389109613500398, 44.47797964039289], [11.389090692845667, 44.47798661129393], [11.388580081709964, 44.47817473478907], [11.388383245280084, 44.47824700269468], [11.388042331052429, 44.47837377002584], [11.38700983311081, 44.47876055350992], [11.385733814197044, 44.47923515204671], [11.384936058219076, 44.47953949129028], [11.383999651547619, 44.47989222533962], [11.383383067736471, 44.48012044680355], [11.382500579202887, 44.48058506741702], [11.382354073411598, 44.4806282505968]]], ""type"": ""MultiLineString""}";850
2139;Precedente 31/12/2021;518.0;Itinerario ciclabile;corsia ciclabile su strada;44.474556560298296, 11.368077354849072;"{""coordinates"": [[[11.366718866946, 44.47668280613], [11.3668327944162, 44.4764538554326], [11.3671687504445, 44.4757719654478], [11.3673942180411, 44.4754790094523], [11.3677579231415, 44.4750207462813], [11.3678428563398, 44.4748824035916], [11.3679958395283, 44.4745293237343], [11.368060707403, 44.474380322249], [11.3681170699124, 44.4742413820568], [11.3682084882554, 44.474055969249], [11.3682753540593, 44.4739583125704], [11.3683218721461, 44.4738990864176], [11.3683763450497, 44.4738472164946], [11.3689475156129, 44.4734188523294], [11.3691015039283, 44.4733059677769], [11.3692481681383, 44.4731839183957], [11.3693693280185, 44.4730575719742], [11.3694741411107, 44.4728781966876], [11.3695311743882, 44.4727181637772], [11.3695678588769, 44.4725906159093], [11.369568557339257, 44.47258818743372], [11.369568557682847, 44.4725881862391], [11.3695715113496, 44.4725779166698], [11.369574607162967, 44.47256715284638], [11.36957460743141, 44.47256715191303]], [[11.36957460743141, 44.47256715191303], [11.369574607520107, 44.47256715160464], [11.369574607536677, 44.47256715154703]], [[11.36957460743141, 44.47256715191303], [11.369574607536677, 44.47256715154703]], [[11.369574607536677, 44.47256715154703], [11.3695746075796, 44.4725671513978]]], ""type"": ""MultiLineString""}";852
2161;Precedente 31/12/2021;105.0;Ciclabile;sede propria;44.4987981227998, 11.3660741774223;"{""coordinates"": [[[11.3655057808215, 44.4990383551236], [11.3666425740231, 44.498557890476]]], ""type"": ""MultiLineString""}";854
1492;Precedente 31/12/2021;51.0;Pedonale-Ciclabile;area pedonale;44.49546390597149, 11.342411873306904;"{""coordinates"": [[[11.3427272082248, 44.4954168357384], [11.342727021936527, 44.49541686339074], [11.342727021710393, 44.4954168634243], [11.3427225192856, 44.495417531757], [11.342713690490106, 44.49541884228915], [11.3421809701372, 44.4954979184381], [11.3420971063307, 44.495514283956]]], ""type"": ""MultiLineString""}";855
2163;Precedente 31/12/2021;227.0;Ciclabile;corsia preferenziale bus/bici;44.50515225538498, 11.342786670437121;"{""coordinates"": [[[11.3414015493597, 44.5053897469155], [11.3426959817743, 44.5051695380612], [11.3435981383037, 44.5050109759897], [11.344171603306, 44.5049136790973]]], ""type"": ""MultiLineString""}";857
2162;Precedente 31/12/2021;123.0;Ciclabile;corsia preferenziale bus/bici;44.50499593029656, 11.344383189062698;"{""coordinates"": [[[11.3451369657334, 44.5048804849644], [11.343629412392, 44.5051113756287]]], ""type"": ""MultiLineString""}";858
1493;Precedente 31/12/2021;80.0;Pedonale-Ciclabile;area pedonale;44.495612937544806, 11.341615984119102;"{""coordinates"": [[[11.3420971063307, 44.495514283956], [11.3419586797603, 44.4955451126642], [11.341732137519, 44.4956077387542], [11.3411298440779, 44.4956852785367]]], ""type"": ""MultiLineString""}";859
1239;Precedente 31/12/2021;200.0;Percorso naturalistico;pavimentato;44.47712677763935, 11.373527509190977;"{""coordinates"": [[[11.372648330471, 44.4767267316132], [11.3726252613371, 44.476791812043], [11.3726341815079, 44.4768211572061], [11.3727313290174, 44.4770572266528], [11.3727838754455, 44.4771465702833], [11.3736932521882, 44.4771719039809], [11.3746771992892, 44.4771957195821]]], ""type"": ""MultiLineString""}";865
490;Precedente 31/12/2021;61.0;Percorso naturalistico;sterrato;44.46145058459183, 11.383394509827962;"{""coordinates"": [[[11.3836425921175, 44.4612399564504], [11.3835842970229, 44.4613142054577], [11.3834937855922, 44.4614008142492], [11.3832022796672, 44.4615734264181], [11.3831274136901, 44.4616401247899]]], ""type"": ""MultiLineString""}";867
492;Precedente 31/12/2021;390.0;Percorso naturalistico;sterrato;44.46161995758036, 11.382081355595517;"{""coordinates"": [[[11.3833285435292, 44.4626946311845], [11.3831952821666, 44.4622991853304], [11.3831211101821, 44.4620831681309], [11.3830657262351, 44.4619269791079], [11.3830524754704, 44.4618029314329], [11.3831274136901, 44.4616401247899], [11.3828547194198, 44.4616244772624], [11.3826919642494, 44.4615696150971], [11.3825419326004, 44.4614931190863], [11.3824775140307, 44.4614478503075], [11.3821077718991, 44.4611195606284], [11.3819055131327, 44.4611395523707], [11.3815005063619, 44.4612944570827], [11.3807864281765, 44.4615444119865], [11.3802343478435, 44.4617319262002]]], ""type"": ""MultiLineString""}";868
1054;Precedente 31/12/2021;139.0;Pedonale-Ciclabile;area pedonale;44.49904359472242, 11.342954910688215;"{""coordinates"": [[[11.343782947575, 44.4990666674603], [11.343782790236585, 44.499066664207], [11.343782789952307, 44.49906666420112], [11.3437777144415, 44.4990665592544], [11.34376855119471, 44.49906636978534], [11.343220909522, 44.499055046162], [11.342901338885008, 44.49905330916918], [11.342899527711964, 44.499053299324736], [11.3427741557443, 44.4990526178785], [11.3423462549776, 44.4990614414504], [11.342346172309355, 44.49906133061179], [11.342346171616517, 44.49906132968286], [11.342295623948, 44.4989935571871], [11.3422492342201, 44.4988485078397]]], ""type"": ""MultiLineString""}";873
1241;Precedente 31/12/2021;145.0;Percorso naturalistico;pavimentato;44.47988123841105, 11.37260371405055;"{""coordinates"": [[[11.3720907309743, 44.4793939932098], [11.3722069178305, 44.4795406578778], [11.3722541872968, 44.4795484443732], [11.3724038733054, 44.479766029359], [11.3724351211165, 44.4797814567659], [11.3724961953897, 44.4797772634774], [11.3728280893131, 44.4802088329422], [11.3731942912604, 44.4800769810013]]], ""type"": ""MultiLineString""}";876
1059;Precedente 31/12/2021;254.0;Ciclabile;sede propria;44.495843953942014, 11.327966023443233;"{""coordinates"": [[[11.3277469904811, 44.4965276881632], [11.327691686428127, 44.496697492639505], [11.327691678663458, 44.49669751647999], [11.3276070306758, 44.4969574179961]], [[11.3282744994454, 44.4948665212763], [11.3280526117396, 44.4955831661662], [11.3280205780128, 44.4956832603537], [11.3278384770815, 44.496246789505], [11.3277469626153, 44.4965277737219]], [[11.3283173757593, 44.4947280409078], [11.328315411588811, 44.49473438471464], [11.32831540608391, 44.49473440249417], [11.3282744880503, 44.4948665580799]]], ""type"": ""MultiLineString""}";879
1481;Precedente 31/12/2021;35.0;Pedonale-Ciclabile;area pedonale;44.4953560733108, 11.3440648836935;"{""coordinates"": [[[11.3438517671589, 44.4953997332842], [11.3442780002281, 44.4953124133374]]], ""type"": ""MultiLineString""}";881
2153;Precedente 31/12/2021;285.0;Itinerario ciclabile;corsia ciclabile su strada;44.50214670002326, 11.36387088657565;"{""coordinates"": [[[11.3621587226985, 44.5024643137023], [11.3622148194683, 44.5024663271853], [11.3622657772677, 44.5024539048073], [11.3623137757223, 44.5024293177072], [11.3623893441105, 44.5023860106386], [11.3624962303981, 44.5023360927294], [11.3625664357628, 44.5023128536835], [11.3626326700849, 44.5022990215016], [11.3645285073125, 44.5019153101111], [11.3646715245623, 44.5019011410371], [11.3647029193878, 44.5019026213939], [11.3648686735816, 44.5020164257231], [11.3650428431182, 44.5021156629203], [11.36553622179567, 44.50235968447613]]], ""type"": ""MultiLineString""}";886
2155;2023;443.0;Itinerario ciclabile;corsia ciclabile su strada;44.48091892640328, 11.365913467458734;"{""coordinates"": [[[11.367170002158085, 44.482740824212996], [11.366619187141888, 44.48191979318151], [11.366242491258628, 44.48135665805471], [11.366113617287812, 44.48116989412978], [11.365659738295967, 44.48047248482622], [11.365588776894873, 44.48040117216663], [11.36500456570482, 44.479515279223975], [11.364766417832286, 44.47947812089092], [11.364612835713015, 44.47947900925109], [11.364440652392874, 44.479485266776024]]], ""type"": ""MultiLineString""}";887
1043;Precedente 31/12/2021;66.0;Ciclabile;sede propria;44.4982279482105, 11.356346368299162;"{""coordinates"": [[[11.3561885873224, 44.4984961043387], [11.35632663283, 44.4981241172805], [11.356598956195661, 44.498104930704905], [11.3566090882968, 44.4981042168465], [11.3566096060438, 44.4981041803686], [11.356610551956127, 44.498104113723], [11.356610552059834, 44.4981041137157], [11.35661216809, 44.498103999856]]], ""type"": ""MultiLineString""}";891
1042;Precedente 31/12/2021;143.0;Ciclabile;sede propria;44.49587945421524, 11.349602652599012;"{""coordinates"": [[[11.3503965516751, 44.4961760538657], [11.3501935928741, 44.4961034933086], [11.3497312768028, 44.4959289580973], [11.3495770464972, 44.495873647806], [11.3488115562154, 44.4955754101364]]], ""type"": ""MultiLineString""}";892
1045;Precedente 31/12/2021;266.0;Ciclabile;sede propria;44.495186293351246, 11.355397247107836;"{""coordinates"": [[[11.3569848061813, 44.4948264739108], [11.356969205239974, 44.4948268534772], [11.35696920513619, 44.49482685347972], [11.35696843602, 44.4948268721921], [11.356967986985, 44.4948268831168], [11.356957883470715, 44.49482712892716], [11.3568678171908, 44.4948293201672], [11.3567708196684, 44.4948398611921], [11.3565403946668, 44.4948983231296], [11.355862135526, 44.4950683568561], [11.3552963052115, 44.4952168925715], [11.3544559890899, 44.4954226621855], [11.3539100052823, 44.4955462724783], [11.3538096266124, 44.4955551506922]]], ""type"": ""MultiLineString""}";894
2107;Precedente 31/12/2021;359.0;Ciclabile;corsia preferenziale bus/bici;44.4898436143183, 11.313630879265329;"{""coordinates"": [[[11.3114878806268, 44.4900502851221], [11.3117739495937, 44.4900409319473], [11.3121073517669, 44.4900300301809], [11.3125340435182, 44.4900167280554], [11.3128594557775, 44.4900069148429], [11.3129401708245, 44.4900044806555], [11.3131637694131, 44.489993403026], [11.3134643396427, 44.4899840198192], [11.3137635991383, 44.4899746767202], [11.3138810160307, 44.4899739406636], [11.3139926616435, 44.4899732406284], [11.3141610094933, 44.4899480709459], [11.3142798339737, 44.4899149485686], [11.3143867547021, 44.4898691882351], [11.3146076515396, 44.4897549837599], [11.3147325674819, 44.4896805386233], [11.3154425453012, 44.4893065147203], [11.3156560182879, 44.4891903801519]]], ""type"": ""MultiLineString""}";903
1073;Precedente 31/12/2021;411.0;Ciclabile;sede propria;44.492039083893815, 11.357312144333363;"{""coordinates"": [[[11.3571134194804, 44.4938865399568], [11.3572600959896, 44.4924691122087], [11.357473594567452, 44.490600208161965], [11.3574739197096, 44.4905973619628], [11.357474914130314, 44.4905886570948], [11.357474914231204, 44.49058865621164], [11.3574753849791, 44.4905845354223], [11.3575201528064, 44.4901926384011]]], ""type"": ""MultiLineString""}";905
1263;Precedente 31/12/2021;85.0;Percorso naturalistico;sterrato;44.537547004441095, 11.346082593189175;"{""coordinates"": [[[11.345673814182575, 44.53767453725061], [11.345590237026, 44.5376707818266]], [[11.345714243975799, 44.53767635390744], [11.3456826759215, 44.5376749354406], [11.345673815889931, 44.53767453732733]], [[11.3465848097159, 44.5374292283209], [11.3462361238494, 44.5374932074732], [11.3460114219523, 44.5375420248374], [11.3458588201802, 44.5376115856753], [11.3457371570003, 44.5376773834725], [11.345714245993955, 44.53767635399813]]], ""type"": ""MultiLineString""}";906
1062;Precedente 31/12/2021;102.0;Pedonale-Ciclabile;area pedonale;44.495624374927736, 11.336203860887451;"{""coordinates"": [[[11.3368364915796, 44.4956301823626], [11.3367231251963, 44.4956524179352], [11.3366068647224, 44.495654799422], [11.336522409105, 44.4956523612421], [11.3363520861564, 44.495642373252], [11.3360295520454, 44.4956208192894], [11.3358922801467, 44.4956069759333], [11.3357344953939, 44.4955893843331], [11.3355728707327, 44.4955565851009]]], ""type"": ""MultiLineString""}";912
2120;2022;467.0;Itinerario ciclabile;corsia ciclabile su strada;44.52631323827085, 11.317255651185814;"{""coordinates"": [[[11.3183877063493, 44.5243411463099], [11.3183494773592, 44.5243958298082], [11.318076235645, 44.5250606655189], [11.3179383530789, 44.5253743034201], [11.3178145859088, 44.5256088852873], [11.3177006928557, 44.5258018118667], [11.3176139123418, 44.525948606157], [11.3174595684707, 44.5261464546241], [11.3172943199791, 44.5263610982068], [11.3169981503709, 44.526777286814], [11.3169319894133, 44.5268614864653], [11.3168324012415, 44.5269794994398], [11.3166339318858, 44.5272320978519], [11.3164854958934, 44.5274421222223], [11.316347772956, 44.5276393737343], [11.3162640059209, 44.5277279270169], [11.3161247073615, 44.527883783934], [11.3159449315606, 44.5280445400428], [11.3158602187169, 44.5281082536132]]], ""type"": ""MultiLineString""}";915
2123;Precedente 31/12/2021;225.0;Ciclabile;corsia preferenziale bus/bici;44.51087694426427, 11.347246219180878;"{""coordinates"": [[[11.3475502173456, 44.5118634186841], [11.3472702348603, 44.5109658751051], [11.3469479097631, 44.509888731474]]], ""type"": ""MultiLineString""}";916
2127;2025;1316.0;Itinerario ciclabile;corsia ciclabile su strada;44.52362244391343, 11.409256946551706;"{""coordinates"": [[[11.402240513130607, 44.520464817719194], [11.403189849569285, 44.52096031540456], [11.404553126010407, 44.521702454204686], [11.405190533247517, 44.522053646679396], [11.405663179659332, 44.52227158293731], [11.406279679656311, 44.52254471876407], [11.407107065333639, 44.522884531363886], [11.407658209341651, 44.52310211437857], [11.407857401984275, 44.52317371959368], [11.408282541138378, 44.523305153356475], [11.408698956121507, 44.523414238260685], [11.409066804705887, 44.52351534320482], [11.409345708346011, 44.52359416502379], [11.409566390570445, 44.52367000950273], [11.409658071805431, 44.5237015184691], [11.409872675876478, 44.52379306685626], [11.410168020335298, 44.523947725879346], [11.41028414940373, 44.52400853719559], [11.410518755911559, 44.5241313888066], [11.410987548166439, 44.524370900009224], [11.411195070198879, 44.52446057896932], [11.411358603006141, 44.52452786287353], [11.411785523009549, 44.52469802207773], [11.412114173436244, 44.52482450230309], [11.412678502625308, 44.525035996617355], [11.413113197314699, 44.52518415888994], [11.41342871658187, 44.52529169960626], [11.41368851289505, 44.525387604992055], [11.413960709651107, 44.52550460187972], [11.414093581036596, 44.525561712876275], [11.414236015477753, 44.52562293406549], [11.414414501582087, 44.525703917676395], [11.414780174869858, 44.525878381711294], [11.41516473830029, 44.52604948950891], [11.41535818239667, 44.526120900629834], [11.415499097154235, 44.52617291980573], [11.415825872096066, 44.52629285010953], [11.416171089702717, 44.52641682544812], [11.416395116946875, 44.52651481193192]]], ""type"": ""MultiLineString""}";918
905;Precedente 31/12/2021;151.0;Ciclabile;sede propria;44.53680539402181, 11.351969190005477;"{""coordinates"": [[[11.3510452300808, 44.5369723261602], [11.3514613835872, 44.5368946308883], [11.352893719644, 44.536641597802]]], ""type"": ""MultiLineString""}";920
909;Precedente 31/12/2021;60.0;Pedonale-Ciclabile;promiscuo ciclopedonale;44.53181396903955, 11.3506666531406;"{""coordinates"": [[[11.3510330307039, 44.5317410144345], [11.3503002755773, 44.5318869236446]]], ""type"": ""MultiLineString""}";923
2117;Precedente 31/12/2021;63.0;Ciclabile;sede propria;44.498089317272886, 11.355934560726451;"{""coordinates"": [[[11.3555423188316, 44.4980750426251], [11.355688331583, 44.4980636426832], [11.35632663283, 44.4981241172805]]], ""type"": ""MultiLineString""}";931
1906;Precedente 31/12/2021;1148.0;Ciclabile;corsia ciclabile su strada;44.4958187071292, 11.27479547493775;"{""coordinates"": [[[11.2764466154651, 44.4909517204046], [11.2763840492625, 44.4910774793288], [11.2758336070598, 44.491956614523], [11.2756916727858, 44.4921952594783], [11.2755711377777, 44.4923392613416], [11.2755392515958, 44.4923841919866], [11.2754730550009, 44.492466654119], [11.2750632377252, 44.4929709713064], [11.2749180632604, 44.4931423611693], [11.2748521068338, 44.4932310129889], [11.2748086481854, 44.4933378071473], [11.2747863810623, 44.4934316643146], [11.2747930426469, 44.4935962100215], [11.2747367869969, 44.4939538294402], [11.2743052247059, 44.4978709971868], [11.2742738720187, 44.4981735844161], [11.27425717035, 44.4984073737932], [11.2742493277876, 44.4987926425555], [11.2742458515564, 44.4992229427538], [11.2742595839327, 44.4994613178222], [11.2742675782403, 44.4999040983119], [11.2742980684611, 44.5001003192208], [11.2743343942472, 44.5002111208438], [11.2744222965914, 44.5003536440314], [11.2744891211623, 44.5004244302996], [11.274598489953, 44.5005304076631], [11.2746597258236, 44.5005750624694], [11.274842915496, 44.5006958980973], [11.2748252389735, 44.5008351653966]]], ""type"": ""MultiLineString""}";934
1908;Precedente 31/12/2021;927.0;Ciclabile;sede propria;44.48834130891224, 11.334445422229106;"{""coordinates"": [[[11.3295453377673, 44.4904792294565], [11.3295497431973, 44.4903568816534]], [[11.3295497430981, 44.4903568844083], [11.3295500789072, 44.4903475583034], [11.329550079398318, 44.49034755729148], [11.329556327210323, 44.49033468406521], [11.329604185279383, 44.490236075504136], [11.3296042265054, 44.4902359905605], [11.32961276303562, 44.49022952117256], [11.3296510595239, 44.4902004982753], [11.329651076743339, 44.49020048752364], [11.3298315510947, 44.4900878009955], [11.33016147897007, 44.48994226854825], [11.3301670762352, 44.4899397995732], [11.330175271178131, 44.4899361847525], [11.330175271772163, 44.489936184490475], [11.3301759700823, 44.4899358764632], [11.3303499207036, 44.4898591454925], [11.3311263765645, 44.4895949268496], [11.332127738177, 44.4892413011264], [11.3335112642963, 44.4887102419256], [11.335347712463, 44.4880083632651], [11.337091353235, 44.4873144138019], [11.3381834642236, 44.4869043589229], [11.3391438270562, 44.486515167442], [11.3393941988102, 44.4864480324617], [11.339398985447492, 44.486446748960304], [11.3393989932814, 44.4864467468597], [11.339398993290473, 44.48644674685831], [11.3395514686605, 44.4864234539153]]], ""type"": ""MultiLineString""}";937
921;Precedente 31/12/2021;60.0;Pedonale-Ciclabile;ciclabile contigua al pedonale;44.50230086791497, 11.361859480853662;"{""coordinates"": [[[11.3621587225728, 44.5024643137049], [11.3620536817575, 44.5024123683289], [11.3618266593762, 44.502286032052], [11.3616833976146, 44.5022027860525], [11.3615691831912, 44.5021224038882]]], ""type"": ""MultiLineString""}";943
925;Precedente 31/12/2021;78.0;Ciclabile;sede propria;44.50383106087589, 11.358657424908081;"{""coordinates"": [[[11.3589173476211, 44.5040264462596], [11.3588356140462, 44.5040334227189], [11.3587756915821, 44.504026647985], [11.358722465144, 44.5040011034488], [11.3586453809224, 44.5039387719503], [11.3585904311316, 44.5038706682071], [11.3585694367258, 44.5038125264087], [11.3585551384062, 44.5037356145172], [11.3585594647263, 44.5036583265924], [11.3585899731594, 44.5035831724151], [11.3586144320367, 44.5035427477026], [11.3586115791021, 44.5034935919426]]], ""type"": ""MultiLineString""}";947
928;Precedente 31/12/2021;98.0;Ciclabile;sede propria;44.505373899309575, 11.361563794116734;"{""coordinates"": [[[11.3620713064926, 44.5056232022259], [11.361907367034, 44.5055481415034], [11.3617077503327, 44.5054475143908], [11.361058945679, 44.5051190752747]]], ""type"": ""MultiLineString""}";951
1032;Precedente 31/12/2021;694.0;Ciclabile;sede propria;44.491041718745656, 11.4129938797693;"{""coordinates"": [[[11.4163358783573, 44.4906357937583], [11.4143519182294, 44.4912947966364], [11.4142156787673, 44.4913571940939], [11.4138998513444, 44.4915514281213], [11.4136735137456, 44.4917460536334], [11.4135482927498, 44.4918502435021], [11.4134540512217, 44.4918831409662], [11.4133343409204, 44.4918967106632], [11.413253502353, 44.491880761749], [11.4131167477825, 44.4918549585802], [11.4130236757774, 44.4918414756754], [11.4128847503697, 44.4918377922302], [11.4127740104059, 44.4918445493607], [11.412685111676, 44.4918574666616], [11.4125903236167, 44.4918771305953], [11.412501424791, 44.491890047755], [11.4124148791168, 44.4918852559415], [11.4123496286171, 44.4918733914856], [11.4122649812667, 44.4918398631883], [11.4121953758999, 44.4917971871304], [11.4119052452632, 44.4914747240332], [11.4114684572213, 44.4909825702714], [11.4113407566819, 44.4908124941193], [11.4109833534863, 44.4902997063523], [11.4102698586323, 44.4892993813406]]], ""type"": ""MultiLineString""}";953
1034;Precedente 31/12/2021;30.0;Ciclabile;sede propria;44.504033770247545, 11.343677611516899;"{""coordinates"": [[[11.3435720573485, 44.5041441788611], [11.3437831656853, 44.503923361634]]], ""type"": ""MultiLineString""}";955
916;;117.0;Ciclabile;sede propria;44.498778952678556, 11.357142819451187;"{""coordinates"": [[[11.357796424958018, 44.499026386454645], [11.3576179723053, 44.49895746383686], [11.357032041813342, 44.498720965549104], [11.356899614446307, 44.4986653820252], [11.356801194869503, 44.4986343378817], [11.356662797622002, 44.49861936143623], [11.356471734194084, 44.4986045442259]]], ""type"": ""MultiLineString""}";957
917;;68.0;Ciclabile;sede propria;44.49918425406055, 11.358160796852196;"{""coordinates"": [[[11.358525168746377, 44.499342121666466], [11.357796424958018, 44.499026386454645]]], ""type"": ""MultiLineString""}";960
1021;Precedente 31/12/2021;169.0;Ciclabile;sede propria;44.47049326204781, 11.37503756372145;"{""coordinates"": [[[11.375408723562597, 44.47117043483414], [11.3754087231027, 44.471170434097], [11.3753319431409, 44.4710473676298], [11.3752785437945, 44.4707328840226], [11.3751913284323, 44.4706608399703], [11.375129518968, 44.4705994600532], [11.375007376981, 44.470436389998], [11.3749634405362, 44.4704305940051], [11.3748983111458, 44.4704409071983], [11.3747898106219, 44.4700000611041], [11.3746095828302, 44.4698665509426]], [[11.375408723865945, 44.47117043532036], [11.375408723710883, 44.47117043507182], [11.375408723562597, 44.47117043483414]], [[11.375408723865945, 44.47117043532036], [11.375408723562597, 44.47117043483414]], [[11.3754087240741, 44.471170435654], [11.375408723865945, 44.47117043532036]]], ""type"": ""MultiLineString""}";962
1023;Precedente 31/12/2021;124.0;Ciclabile;sede propria;44.46507446640935, 11.375545841563007;"{""coordinates"": [[[11.3755547932673, 44.4645149657826], [11.3755714965788, 44.465072807128], [11.3755375647149, 44.4653219190886], [11.3755205760879, 44.4654696781053], [11.3754579276205, 44.4656225069296]]], ""type"": ""MultiLineString""}";963
1028;Precedente 31/12/2021;288.0;Ciclabile;sede propria;44.4645449661823, 11.37400824830297;"{""coordinates"": [[[11.373581566495242, 44.463290567011214], [11.3735802960848, 44.463286781138]], [[11.374454019106, 44.4657968177456], [11.3742754966358, 44.4653273132838], [11.3740259398214, 44.4646116649939], [11.3737927406494, 44.4639198743229], [11.3735835349615, 44.4632964331183], [11.37358156615931, 44.46329056601013]]], ""type"": ""MultiLineString""}";967
2181;Precedente 31/12/2021;188.0;Itinerario ciclabile;promiscuo veicolare;44.488856351619255, 11.316719665358194;"{""coordinates"": [[[11.3156560182879, 44.4891903801519], [11.3163400310305, 44.488831365883], [11.3165177617827, 44.48878107809], [11.3166997974182, 44.4887591651583], [11.3170005146235, 44.4887621653776], [11.3173285636416, 44.4887725791963], [11.317843087135, 44.4887991373415]]], ""type"": ""MultiLineString""}";968
2180;Precedente 31/12/2021;51.0;Itinerario ciclabile;promiscuo veicolare;44.49006976822647, 11.311169183547914;"{""coordinates"": [[[11.310851081579, 44.4900975406285], [11.3111980276256, 44.4900634610389], [11.3114878806268, 44.4900502851221]]], ""type"": ""MultiLineString""}";969
2185;Precedente 31/12/2021;171.0;Itinerario ciclabile;corsia ciclabile su strada;44.50206151127919, 11.323634840543653;"{""coordinates"": [[[11.3226114892027, 44.5019852681379], [11.3226989611614, 44.5019738347567], [11.3233504373798, 44.5021674271376], [11.324545427894, 44.5019749785405], [11.3246036979135, 44.5019655940291], [11.3246619324801, 44.5019983163299]]], ""type"": ""MultiLineString""}";972
2187;Precedente 31/12/2021;658.0;Ciclabile;corsia preferenziale bus/bici;44.48914384696694, 11.298556133886857;"{""coordinates"": [[[11.295038577579, 44.4877513362685], [11.2956971718353, 44.4880095868763], [11.2959329896015, 44.4880879883692], [11.2966806398327, 44.4883334969824], [11.2974053956437, 44.4885796822142], [11.2979146620307, 44.4887602653202], [11.2980822746915, 44.4888193246212], [11.2985867145209, 44.4889951329935], [11.2989464989923, 44.4891307174597], [11.2993164608927, 44.4893043379537], [11.2995343082546, 44.4894124815201], [11.299803002287, 44.4895460217694], [11.300077883042, 44.4897021662374], [11.3003912686971, 44.4898802010286], [11.3005027596434, 44.4899621238426], [11.3010370790989, 44.4903588479748], [11.3014931698717, 44.4907016927765], [11.3016156725041, 44.4907937842477], [11.3017188370509, 44.4908912518664], [11.3017631660016, 44.4909536891666], [11.301772855386796, 44.49102689239816], [11.301772855540237, 44.49102689355742], [11.301772855614, 44.4910268941147]]], ""type"": ""MultiLineString""}";974
2189;Precedente 31/12/2021;253.0;Ciclabile;corsia ciclabile su strada;44.49773271473359, 11.341933848949788;"{""coordinates"": [[[11.3416132900743, 44.4966185073556], [11.3417587423127, 44.497175892114], [11.3418588321595, 44.4975048078583], [11.3419564367365, 44.4977600305133], [11.3419941568269, 44.4978865047083], [11.3420644088191, 44.4981531260579], [11.3421759475476, 44.498564895769], [11.3422492342201, 44.4988485078397]]], ""type"": ""MultiLineString""}";976
2172;Precedente 31/12/2021;102.0;Pedonale-Ciclabile;ciclabile contigua al pedonale;44.5060164444394, 11.33101193125715;"{""coordinates"": [[[11.3306477600241, 44.5062311112161], [11.3306883659929, 44.5060376162316], [11.3308599554263, 44.5060127029693], [11.3309210502705, 44.5059867539011], [11.3309477222169, 44.5059631549161], [11.3310089502966, 44.5058828615702], [11.3310814734501, 44.5059126671031], [11.3312125933062, 44.505969269212], [11.331362172924, 44.506027140609], [11.3314474382586, 44.5061456079519]]], ""type"": ""MultiLineString""}";979
2173;Precedente 31/12/2021;76.0;Pedonale-Ciclabile;promiscuo ciclopedonale;44.53133806420435, 11.35258496457835;"{""coordinates"": [[[11.3530439015872, 44.5312393483543], [11.3521260275695, 44.5314367800544]]], ""type"": ""MultiLineString""}";982
2178;Precedente 31/12/2021;276.0;Ciclabile;corsia ciclabile su strada;44.490398126736046, 11.327815577957455;"{""coordinates"": [[[11.3295443879856, 44.490479086184], [11.329534235859771, 44.49047755380304], [11.32946593115, 44.4904672437617], [11.3289162938276, 44.4904528909707], [11.3285733732689, 44.4904405184421], [11.327621797098, 44.4903904316353], [11.3275285804975, 44.4903860319943], [11.3266914390342, 44.490342748684], [11.3260857395913, 44.4903081730502]], [[11.3295453377709, 44.4904792295464], [11.3295443878978, 44.4904790861708]]], ""type"": ""MultiLineString""}";985
2177;Precedente 31/12/2021;860.0;Ciclabile;corsia preferenziale bus/bici;44.48203216664415, 11.360428525472473;"{""coordinates"": [[[11.3644406523929, 44.479485266776], [11.3637476653813, 44.4801129492855], [11.3630962502657, 44.4805872354149], [11.3626241249346, 44.4808286159355], [11.3620483011144, 44.4810890293598], [11.3614791087392, 44.4813468900392], [11.3606779181256, 44.4817012246728], [11.3599879640218, 44.4821401027907], [11.359466996826, 44.4825079312072], [11.3587096205061, 44.4830302215336], [11.3579849298762, 44.4835277156489], [11.3573333322847, 44.483999583618], [11.356631605083, 44.4844821359428], [11.356495880898956, 44.48455777883212], [11.35649588022962, 44.48455777920516], [11.3564862718011, 44.4845631342515], [11.35648276410141, 44.48456508919079], [11.3564108081012, 44.4846051922852]]], ""type"": ""MultiLineString""}";986
1603;Precedente 31/12/2021;629.0;Percorso naturalistico;pavimentato;44.50844071310451, 11.289124415518051;"{""coordinates"": [[[11.2913357990629, 44.5106218507213], [11.2912324478475, 44.5105858260753], [11.2910916504954, 44.5104229061075], [11.2910493648583, 44.5103793427267], [11.2909993693664, 44.5103573982647], [11.2909473575075, 44.5103385612577], [11.2907453568383, 44.5100883537051], [11.2906936413071, 44.5100771729325], [11.2906274550108, 44.5100785564215], [11.2905240238572, 44.5100561942571], [11.2904781201259, 44.5100295640297], [11.290181817099, 44.509716936109], [11.290112603989, 44.5096402085046], [11.2900160538611, 44.5095196120661], [11.2899233606861, 44.5093882104001], [11.2898474506955, 44.5092487912068], [11.2897549951786, 44.5090683345385], [11.2897256992642, 44.5090290984862], [11.2896758251133, 44.5089550412621], [11.289512031208, 44.5088082747084], [11.289255253261, 44.5086328086784], [11.2888420414798, 44.5083349432598], [11.2887667888303, 44.5082675503059], [11.2886504417752, 44.508132045543], [11.2882824305482, 44.5076768785743], [11.2881454514887, 44.5075050190215], [11.2879394357831, 44.5072029220845], [11.2877507486871, 44.5069022312431], [11.2876435865369, 44.5067238146434], [11.2875377439831, 44.5065239227772], [11.2874499592055, 44.5063496707108], [11.2874106534467, 44.5062708668476], [11.287307567397, 44.5060877268738], [11.2872241190839, 44.5059292315091]]], ""type"": ""MultiLineString""}";988
1605;Precedente 31/12/2021;112.0;Ciclabile;sede propria;44.5097596781206, 11.285943437003265;"{""coordinates"": [[[11.2862915260414, 44.5094776496849], [11.2862493808879, 44.5094620517096], [11.286149007256, 44.5094105459954], [11.2860935469238, 44.5094725889231], [11.2859125954884, 44.5097807753472], [11.2857173998362, 44.5101196986342], [11.2856714621474, 44.5102285816481]]], ""type"": ""MultiLineString""}";989
1604;Precedente 31/12/2021;243.0;Percorso naturalistico;pavimentato;44.508841019226814, 11.287528674937906;"{""coordinates"": [[[11.2888128232389, 44.5083125481571], [11.2887366596163, 44.5083141507112], [11.2886144805524, 44.5083085186009], [11.288423646505, 44.5084000297443], [11.2881094665968, 44.5085542893046], [11.2877314955978, 44.508734498546], [11.2872234020457, 44.5089994719652], [11.2870773099498, 44.5090654325959], [11.2867815270844, 44.5092028977647], [11.2864965334196, 44.5093237300835], [11.286432426148, 44.5093414836794], [11.2863691635535, 44.5093810937368], [11.2862888237777, 44.5094783265809]]], ""type"": ""MultiLineString""}";990
622;Precedente 31/12/2021;394.0;Ciclabile;sede propria;44.481219237407025, 11.37597740222098;"{""coordinates"": [[[11.3759994488755, 44.479442558238], [11.3759479999332, 44.4806744456837], [11.3759189921377, 44.4815220756602], [11.3759770319364, 44.4820684803516], [11.3759705437085, 44.4822213280378], [11.3759627726703, 44.4824051085357], [11.3759694706872, 44.4824449651026], [11.3760040050869, 44.4824824239293], [11.3760560792452, 44.4825140633987], [11.3761132450016, 44.4825284773073], [11.3761110015443, 44.4826688298432], [11.3760914185448, 44.4827735191525], [11.3761049819506, 44.4829279948705], [11.376105030692717, 44.48292855000101], [11.3761050307728, 44.4829285509131]]], ""type"": ""MultiLineString""}";1003
1090;Precedente 31/12/2021;410.0;Ciclabile;sede propria;44.52429378205392, 11.351739098401598;"{""coordinates"": [[[11.3539275809781, 44.5239968292907], [11.3538434708821, 44.5238818598527], [11.3537454994959, 44.5237712493647], [11.3536051070067, 44.5236717447431], [11.3532234950941, 44.5238147698273], [11.353080769116, 44.5238611168508], [11.3524997488543, 44.5240497872548], [11.352172872918, 44.524139364487], [11.3516097256358, 44.5242936870487], [11.3511101673714, 44.5244305809393], [11.3508462697582, 44.524498370262], [11.3506947856574, 44.5245565146973], [11.3505578931984, 44.5246169463347], [11.3499564681599, 44.5248820551802], [11.3494728355158, 44.5250945527901]]], ""type"": ""MultiLineString""}";1014
1854;Precedente 31/12/2021;71.0;Pedonale-Ciclabile;promiscuo ciclopedonale;44.52137948963425, 11.320232936684551;"{""coordinates"": [[[11.3204781163376, 44.5216497582472], [11.3199877570315, 44.5211092210213]]], ""type"": ""MultiLineString""}";1018
1853;Precedente 31/12/2021;192.0;Percorso naturalistico;pavimentato;44.52214604718995, 11.31557946035555;"{""coordinates"": [[[11.3157828626787, 44.523000311409], [11.3153760580324, 44.5212917829709]]], ""type"": ""MultiLineString""}";1019
1837;;202.0;Ciclabile;sede propria;44.50780012020251, 11.284128373725153;"{""coordinates"": [[[11.284096850076251, 44.50858643516557], [11.284201142347074, 44.50845888248809], [11.284378181533134, 44.50835666586412], [11.284413437590999, 44.508299959848294], [11.284388116190001, 44.508198503411585], [11.284347725236069, 44.508159498381666], [11.284312346979345, 44.50810643948229], [11.284282288814959, 44.508047290855416], [11.284260402971118, 44.507983985449926], [11.284255015055628, 44.50791634829116], [11.284230661316512, 44.507861065293554], [11.284179793628898, 44.50776648583163], [11.284000985480398, 44.50745141527402], [11.283854984856157, 44.50719347121702], [11.283844684183807, 44.5071418910263], [11.283829136700557, 44.50709838926891], [11.283875253329436, 44.50706953309512], [11.283810428278143, 44.506955485283896]]], ""type"": ""MultiLineString""}";1027
2197;Precedente 31/12/2021;81.0;Pedonale-Ciclabile;ciclabile contigua al pedonale;44.47555815181687, 11.378692512543575;"{""coordinates"": [[[11.3789437420388, 44.4752944256995], [11.3787508039771, 44.4753848743888], [11.3786898615648, 44.4754245657158], [11.3786364026939, 44.4755378145321], [11.3786302273582, 44.475605238907], [11.3787024583528, 44.4757319597947], [11.3784823340328, 44.4758133479873]]], ""type"": ""MultiLineString""}";1035
853;Precedente 31/12/2021;214.0;Ciclabile;sede propria;44.51513501794621, 11.32716255354604;"{""coordinates"": [[[11.3276645419889, 44.5160552412682], [11.3276156828285, 44.515966867491], [11.3275550654459, 44.5158562030899], [11.3274946059937, 44.5157314006172], [11.3274553500805, 44.5156330250617], [11.327421505415, 44.5155474818001], [11.3274006480441, 44.5154656177147], [11.3273524475791, 44.5153207735322], [11.3273135724405, 44.5152216290162], [11.3272432984333, 44.515101263939], [11.3271399227826, 44.5149170309705], [11.3270558185387, 44.5147782095232], [11.3269884938333, 44.514695260689], [11.3269229964776, 44.5146580795318], [11.3268694192092, 44.5146279422825], [11.3267732291792, 44.5145872232623], [11.326656563497, 44.5145437988314], [11.3265041798201, 44.5144802826334], [11.3264257672226, 44.5144468568547]]], ""type"": ""MultiLineString""}";1038
1600;Precedente 31/12/2021;320.0;Percorso naturalistico;pavimentato;44.50693212028925, 11.281910189917074;"{""coordinates"": [[[11.2818714066989, 44.5057462967257], [11.2819509829874, 44.5059009723976], [11.282081947263, 44.5061954976149], [11.2819869654184, 44.5066004489403], [11.2819566868791, 44.5066913646781], [11.2818745301915, 44.5067899739545], [11.2818056846098, 44.5068354568112], [11.2819120175552, 44.5069675490553], [11.2821290332869, 44.5070246559977], [11.2823421793391, 44.5069805620555], [11.2823686121533, 44.507109918516], [11.2823615168678, 44.5071651135798], [11.2822782631921, 44.5072351167073], [11.2821999646611, 44.5072741911153], [11.2821340787302, 44.5072990491757], [11.2815013288989, 44.5075208904585], [11.2810703727732, 44.507682389481]]], ""type"": ""MultiLineString""}";1043
858;;124.0;Ciclabile;sede propria;44.51360739170645, 11.328167082127715;"{""coordinates"": [[[11.327454181109543, 44.51376751544533], [11.327645444733232, 44.51372845973277], [11.327695025210797, 44.51366959206639], [11.328756385049644, 44.5135195537561], [11.328838110245522, 44.51344672581278], [11.328848811461665, 44.51340839654608]]], ""type"": ""MultiLineString""}";1046
1840;Precedente 31/12/2021;164.0;Percorso naturalistico;pavimentato;44.51204303799225, 11.303196385264348;"{""coordinates"": [[[11.3032302236304, 44.5113039701894], [11.3031945760913, 44.5120674455184], [11.3031639746186, 44.5127821696903]]], ""type"": ""MultiLineString""}";1048
1629;Precedente 31/12/2021;78.0;Ciclabile;sede propria;44.52818748518783, 11.320279413369219;"{""coordinates"": [[[11.3201865004669, 44.5278483035711], [11.3202791708317, 44.5280878014468], [11.3203246449006, 44.5281829883891], [11.3202878695659, 44.528538276202]]], ""type"": ""MultiLineString""}";1050
1869;Precedente 31/12/2021;213.0;Percorso naturalistico;sterrato;44.462187563960114, 11.37843970041444;"{""coordinates"": [[[11.3774432882964, 44.4620566726571], [11.3775867139706, 44.4620038802406], [11.3777819659899, 44.4618801250278], [11.3779499701678, 44.4617735630985], [11.3779927712564, 44.4617959440236], [11.3792767938604, 44.4626844640602], [11.3794066199681, 44.4627849600405]]], ""type"": ""MultiLineString""}";1052
1087;Precedente 31/12/2021;247.0;Ciclabile;sede propria;44.50668677067558, 11.309929856938542;"{""coordinates"": [[[11.3106352233153, 44.5076384855458], [11.3105254720516, 44.5075692356185], [11.3104515650812, 44.5075043648322], [11.31036899914756, 44.50741456986673], [11.310368994120942, 44.507414564400015], [11.3103636626628, 44.5074087661479], [11.3103248344845, 44.507366538257], [11.3101983574628, 44.5072087473242], [11.310194531703145, 44.507203974340634], [11.310194528744944, 44.50720397065001], [11.3101597397527, 44.5071605682141], [11.3100490166913, 44.5069764702711], [11.310017321762365, 44.506915930310214], [11.310017316637213, 44.50691592052075], [11.3100104070434, 44.5069027226196], [11.3097673553042, 44.506438468717], [11.3093584187747, 44.5056315339791]]], ""type"": ""MultiLineString""}";1053
1868;Precedente 31/12/2021;127.0;Ciclabile;sede propria;44.4705284102283, 11.374277322839653;"{""coordinates"": [[[11.3739861422257, 44.4700811945363], [11.3745463941165, 44.4706007448136], [11.3740361084696, 44.47092841129]]], ""type"": ""MultiLineString""}";1054
1086;Precedente 31/12/2021;410.0;Ciclabile;sede propria;44.526172135252274, 11.319303489684735;"{""coordinates"": [[[11.3201865004669, 44.5278483035711], [11.3201446209537, 44.5278534511531], [11.3200973055638, 44.527847184105], [11.3200694088829, 44.5278212621901], [11.3199982262985, 44.5276770191526], [11.31992011272, 44.5274835619423], [11.319889873108, 44.527394636843], [11.3196412923753, 44.5268270419318], [11.3192929898711, 44.5261380630778], [11.3190896677703, 44.5257636695616], [11.3187680564624, 44.5250867425063], [11.3186521569576, 44.5248409449138], [11.3185969106964, 44.5246422806457], [11.3184721026745, 44.5244159874132]]], ""type"": ""MultiLineString""}";1055
404;2022;250.0;Pedonale-Ciclabile;ciclabile contigua al pedonale;44.515869181540154, 11.321752533605833;"{""coordinates"": [[[11.3206681324702, 44.5152137989814], [11.3207282046347, 44.5152618946988], [11.3207647861648, 44.5153150860618], [11.320780368968, 44.5153795291359], [11.3207722942115, 44.5154219649766], [11.3210746189157, 44.5154552839701], [11.3211496390509, 44.5154632264828], [11.3214224021767, 44.515699668137], [11.3216943766409, 44.5159566023608], [11.3219723609102, 44.5162239720252], [11.3220267591806, 44.5162487098527], [11.3221260185051, 44.5162579275413], [11.3222184281114, 44.5162537989853], [11.3227353489365, 44.5161567589978], [11.3228547137135, 44.516121743743], [11.3229205847793, 44.5160833251474], [11.3229558195742, 44.5160253078833]]], ""type"": ""MultiLineString""}";1058
406;Precedente 31/12/2021;554.0;Ciclabile;sede propria;44.51404996645288, 11.322890901600086;"{""coordinates"": [[[11.3200303542631, 44.5151824524263], [11.3201893439675, 44.5152785198487], [11.3203276035607, 44.5151822172668], [11.3204269181509, 44.5151601406164], [11.3205089456341, 44.5151646399152], [11.3205913406139, 44.5151783683742], [11.3206681324702, 44.5152137989814], [11.3211273307821, 44.514888848063], [11.3218797299134, 44.5143496983454], [11.3221290757389, 44.514160817434], [11.3222888619484, 44.5140610651121], [11.3225404988822, 44.5139295806843], [11.3228060681228, 44.5138253781646], [11.323046226409485, 44.51374905812385]], [[11.323046226791506, 44.513749058002446], [11.323056810534, 44.5137456945888], [11.323057868219758, 44.51374535846623]], [[11.323057868652436, 44.51374535832873], [11.3232309476797, 44.5136903554446], [11.3235302100537, 44.5136117617957], [11.3257559312212, 44.5131860421133], [11.325966672069, 44.5131586804142]]], ""type"": ""MultiLineString""}";1059
883;Precedente 31/12/2021;65.0;Pedonale-Ciclabile;ciclabile contigua al pedonale;44.51804591367189, 11.342026851724762;"{""coordinates"": [[[11.3422152957119, 44.5182995765378], [11.3421121037093, 44.5181639414266], [11.3419496204225, 44.5179532196316], [11.3418904818068, 44.5178540211441], [11.341864935166, 44.5177773329386]]], ""type"": ""MultiLineString""}";1065
886;Precedente 31/12/2021;51.0;Pedonale-Ciclabile;ciclabile contigua al pedonale;44.519978933114636, 11.343516991078086;"{""coordinates"": [[[11.3436147500403, 44.5201953452871], [11.34347369865, 44.5198818107499], [11.3434174935568, 44.5197633242605]]], ""type"": ""MultiLineString""}";1066
888;Precedente 31/12/2021;297.0;Pedonale-Ciclabile;ciclabile contigua al pedonale;44.523265266659564, 11.344585593092413;"{""coordinates"": [[[11.3451592372775, 44.5245189791695], [11.3450877520041, 44.5242290339837], [11.3449953537803, 44.5239125135165], [11.34498636820562, 44.5238892212604], [11.344984394560036, 44.52388410520939], [11.344984394236192, 44.52388410436993], [11.3449554821343, 44.5238091589039], [11.344967946556, 44.5237774541366], [11.3449000528817, 44.5235921228832], [11.3448007932279, 44.5234467475326], [11.3447173119452, 44.5233521521921], [11.344590474497242, 44.52323604614622], [11.344577374848988, 44.52322405482674], [11.344577373669575, 44.523224053747114], [11.3445261971832, 44.5231772071764], [11.3443877187969, 44.5230129722787], [11.3443225908365, 44.5228963712075], [11.3442349487426, 44.5227664732433], [11.3441641731795, 44.522646056817], [11.3440644982368, 44.5223532562142], [11.3440059008147, 44.5223308723954], [11.3439751234106, 44.5221801491006], [11.3439552912347, 44.5220504882754]]], ""type"": ""MultiLineString""}";1068
1631;Precedente 31/12/2021;378.0;Percorso naturalistico;pavimentato;44.5200416731249, 11.335325614650126;"{""coordinates"": [[[11.3350670974384, 44.521432075634], [11.3351393666863, 44.5214160827445], [11.3352150829036, 44.5213993270547], [11.3352633449916, 44.5213627201708], [11.3352779564982, 44.5212929804898], [11.3351885238649, 44.5210491350568], [11.3352456141663, 44.5209971303184], [11.3352179039551, 44.5209285425259], [11.3352303315217, 44.5208501950895], [11.3351977181556, 44.5207370752941], [11.3351415133488, 44.5206431333455], [11.3346511534923, 44.5197844551873], [11.3346432081363, 44.5197422262764], [11.3346540453232, 44.5197018357088], [11.3346874134385, 44.5196788380255], [11.3347763985031, 44.5196435513478], [11.335452241398182, 44.51947461216585], [11.335469005414632, 44.51947042169607], [11.335469006143267, 44.51947042151394], [11.335680752313, 44.5194174917207], [11.3359964278852, 44.5193596926203], [11.3366088036657, 44.5192620129667]]], ""type"": ""MultiLineString""}";1071
1633;Precedente 31/12/2021;354.0;Pedonale-Ciclabile;ciclabile contigua al pedonale;44.50530702952565, 11.336408630742108;"{""coordinates"": [[[11.3342501868487, 44.5055757849578], [11.3351038816337, 44.5054471964339], [11.335796464848384, 44.50533960955273], [11.336222574703338, 44.50541167404033], [11.336612204795507, 44.505342029335985], [11.3369498995426, 44.5051604232445], [11.3372184590722, 44.5051461707413], [11.3377099002202, 44.5050953198257], [11.3377808462468, 44.505101841978], [11.3380387964796, 44.5051538283064], [11.3383408211667, 44.5052094567786], [11.338385425127807, 44.50516820498988], [11.3383872839784, 44.5051664858396], [11.338395908679674, 44.505158509320324], [11.338395909328433, 44.50515850872032], [11.3384647852032, 44.5050948091526], [11.3385052206224, 44.5050564381132]]], ""type"": ""MultiLineString""}";1074
1614;Precedente 31/12/2021;392.0;Percorso naturalistico;pavimentato;44.51157942342712, 11.303406053706235;"{""coordinates"": [[[11.3011856271949, 44.5120012920311], [11.3013166407801, 44.5120071948264], [11.3014209588596, 44.5119830857124], [11.3020403280813, 44.5118296996519], [11.3027085057941, 44.5116574981558], [11.3027543028538, 44.5116411154923], [11.3028306020832, 44.5116130735125], [11.3028996685609, 44.5115585412647], [11.3029494754152, 44.5114866179967], [11.3029935299624, 44.5114258977839], [11.3030380198202, 44.5113762653874], [11.3031106145615, 44.5113327736459], [11.3032302236304, 44.5113039701894], [11.3041899633493, 44.5112871741415], [11.3042856207791, 44.5112956491224], [11.3044705941674, 44.511354309972], [11.3045621444711, 44.5113991850369], [11.3046770962932, 44.5114879660996], [11.3048518776303, 44.5116022330587], [11.3048799832907, 44.5116083630739], [11.3053450951324, 44.5116263426563], [11.3056209271188, 44.511712091792]]], ""type"": ""MultiLineString""}";1076
1617;Precedente 31/12/2021;79.0;Pedonale-Ciclabile;promiscuo ciclopedonale;44.500274214661054, 11.315362909456502;"{""coordinates"": [[[11.3148935170829, 44.5003389611183], [11.3151316222706, 44.5003562256138], [11.3158248977334, 44.5001438833397]]], ""type"": ""MultiLineString""}";1080
1855;Precedente 31/12/2021;410.0;Percorso naturalistico;pavimentato;44.52358670982022, 11.322288234890111;"{""coordinates"": [[[11.3208002352345, 44.5220799585994], [11.3226885553362, 44.524075981318], [11.323288437776, 44.5247072290271], [11.3233100331992, 44.5247207116405], [11.3233700875377, 44.5247241134727], [11.3233972556739, 44.5247154275822], [11.3239076152003, 44.5244843864124]]], ""type"": ""MultiLineString""}";1082
1857;Precedente 31/12/2021;72.0;Ciclabile;sede propria;44.5252854298525, 11.3490726322107;"{""coordinates"": [[[11.3486476184774, 44.5254032510067], [11.349497645944, 44.5251676086983]]], ""type"": ""MultiLineString""}";1083
870;Precedente 31/12/2021;15.0;Percorso naturalistico;sterrato;44.521448888603516, 11.334972883950943;"{""coordinates"": [[[11.3348783755962, 44.5214640238962], [11.3350029909918, 44.5214446556528], [11.3350670974384, 44.521432075634]]], ""type"": ""MultiLineString""}";1084
877;Precedente 31/12/2021;139.0;Pedonale-Ciclabile;ciclabile contigua al pedonale;44.50832422080393, 11.340363917213613;"{""coordinates"": [[[11.3405196037092, 44.5089392924137], [11.340381512795, 44.5083891377718], [11.340209113988, 44.507720742664], [11.3402062534647, 44.5077096523335]]], ""type"": ""MultiLineString""}";1086
879;Precedente 31/12/2021;116.0;Pedonale-Ciclabile;ciclabile contigua al pedonale;44.5101855882395, 11.340826906049099;"{""coordinates"": [[[11.3409586741692, 44.510697058383], [11.340695137929, 44.509674118096]]], ""type"": ""MultiLineString""}";1087
1862;Precedente 31/12/2021;167.0;Ciclabile;sede propria;44.48566477194645, 11.359445042804118;"{""coordinates"": [[[11.3585214065359, 44.4860223586939], [11.3585827958506, 44.4859873193642], [11.3592991328573, 44.4857163075602], [11.3603748817246, 44.4853212768867]]], ""type"": ""MultiLineString""}";1091
1801;Precedente 31/12/2021;157.0;Percorso naturalistico;pavimentato;44.490372068264314, 11.293858333891603;"{""coordinates"": [[[11.2936056965792, 44.490993031062], [11.2937442143642, 44.4909490946822], [11.2937543339207, 44.4907380475645], [11.2937701739476, 44.4906747078566], [11.2938746423276, 44.4905379537947], [11.293876033478, 44.4904161988372], [11.2938319702187, 44.4903018256205], [11.2938930453379, 44.4901463350166], [11.2938739451069, 44.49004670484], [11.2938876113958, 44.4899268917794], [11.2940500091682, 44.4898673089391], [11.2941626033614, 44.4897786254431]]], ""type"": ""MultiLineString""}";1094
1802;Precedente 31/12/2021;163.0;Ciclabile;corsia preferenziale bus/bici;44.51973534494319, 11.330050847261123;"{""coordinates"": [[[11.3310642076828, 44.519649581959], [11.3309669930737, 44.5196784745773], [11.3301144506379, 44.519712162002], [11.3299309685775, 44.5197265080233], [11.3290373771669, 44.5198425736359]]], ""type"": ""MultiLineString""}";1096
1805;Precedente 31/12/2021;57.0;Ciclabile;corsia preferenziale bus/bici;44.468186754803696, 11.373524511582854;"{""coordinates"": [[[11.3734376504436, 44.4679398498345], [11.3735761372692, 44.4683319890299], [11.3736090578469, 44.4684344402715]]], ""type"": ""MultiLineString""}";1097
1806;Precedente 31/12/2021;110.0;Ciclabile;sede propria;44.512481719906596, 11.358508298545418;"{""coordinates"": [[[11.357863212029661, 44.51264933800002], [11.3578597176456, 44.5126502360006]], [[11.357863212440387, 44.512649337894466], [11.357863211551983, 44.51264933812277]], [[11.3591565514029, 44.5123119361739], [11.3582084697913, 44.5125606116383], [11.357863829729, 44.5126491792612], [11.357863211962705, 44.51264933801722], [11.35786321202966, 44.51264933800001]]], ""type"": ""MultiLineString""}";1100
820;Precedente 31/12/2021;508.0;Pedonale-Ciclabile;promiscuo ciclopedonale;44.49350777193934, 11.304433308891022;"{""coordinates"": [[[11.3072673868191, 44.4945584406386], [11.3071849312225, 44.4945163457807], [11.3071094527264, 44.4944850503371], [11.30555735797, 44.4939282357206], [11.3046140841774, 44.4935745220152], [11.3042040935698, 44.4934137269954], [11.3038076436221, 44.4932652023393], [11.3034180119702, 44.4931243874726], [11.3025242676081, 44.49282010107], [11.3023250101551, 44.4927490460631], [11.301987693049, 44.4926104614109], [11.30188310517, 44.4925610058334], [11.3015951599079, 44.492468970531]]], ""type"": ""MultiLineString""}";1103
826;Precedente 31/12/2021;289.0;Pedonale-Ciclabile;ciclabile contigua al pedonale;44.49656976485294, 11.317078092848801;"{""coordinates"": [[[11.3153296473242, 44.4962795812488], [11.3155227451496, 44.4962946027396], [11.3163469844511, 44.4964096423252], [11.3171250883582, 44.4965433178974], [11.3172411027353, 44.4965663670276], [11.31782652582, 44.4966982598262], [11.3182127373129, 44.4967888201769], [11.318790740620019, 44.49701189357704], [11.3187907415926, 44.4970118939524]]], ""type"": ""MultiLineString""}";1108
780;;130.0;Pedonale-Ciclabile;ciclabile contigua al pedonale;44.49370803983901, 11.288006373125272;"{""coordinates"": [[[11.287789114599805, 44.49328318767914], [11.287934232865327, 44.49328279915706], [11.287943370271966, 44.49333810798489], [11.28803059405345, 44.493403970950986], [11.28806469139914, 44.493490158302684], [11.288040832796169, 44.49356299080603], [11.287956477169327, 44.49364181750265], [11.28796723449651, 44.493701949882954], [11.288059412528375, 44.494071644987955], [11.288136020660769, 44.49428245094263]]], ""type"": ""MultiLineString""}";1114
2295;Precedente 31/12/2021;67.0;Itinerario ciclabile;promiscuo veicolare;44.48558585718578, 11.360574777350052;"{""coordinates"": [[[11.360374881724645, 44.48532127688669], [11.360774672975461, 44.48585043748487]]], ""type"": ""MultiLineString""}";1118
2310;;36.0;Pedonale-Ciclabile;ciclabile contigua al pedonale;44.49650508048655, 11.35655974734301;"{""coordinates"": [[[11.356336728599072, 44.49649723568914], [11.356672729656516, 44.49650833799247], [11.356782619483962, 44.49651582436423]]], ""type"": ""MultiLineString""}";1121
2036;;316.0;Pedonale-Ciclabile;promiscuo ciclopedonale;44.49583147737199, 11.300531310010944;"{""coordinates"": [[[11.302092806777173, 44.494985342182304], [11.301883349972305, 44.49506439726367], [11.299472659057328, 44.49641131029302], [11.299390881054201, 44.49649376856991], [11.299253492548639, 44.4966138106549], [11.299158781793999, 44.49667649310746], [11.299083986318855, 44.49672052859155], [11.299019876950188, 44.49675827141331]]], ""type"": ""MultiLineString""}";1122
2306;;108.0;Ciclabile;sede propria;44.52695943510113, 11.273230130758535;"{""coordinates"": [[[11.27286823587967, 44.527373930123666], [11.272940547762378, 44.527333011958525], [11.273454055608855, 44.52665450798486], [11.273551546694701, 44.526598972271614], [11.273620080652545, 44.52660233522049]]], ""type"": ""MultiLineString""}";1123
2299;;52.0;Itinerario ciclabile;promiscuo veicolare;44.49184370378201, 11.331720821393974;"{""coordinates"": [[[11.331542856809016, 44.49164749759732], [11.331764590499091, 44.491890524163296], [11.331896889485842, 44.492041605177754]]], ""type"": ""MultiLineString""}";1128
2323;2025;153.0;Ciclabile;corsia preferenziale bus/bici;44.51261956513443, 11.342454831775125;"{""coordinates"": [[[11.343394921438753, 44.512483327472374], [11.341514742111498, 44.51275580279648]]], ""type"": ""MultiLineString""}";1136
2322;2025;36.0;Itinerario ciclabile;corsia ciclabile su strada;44.51603921629542, 11.276163780158395;"{""coordinates"": [[[11.27628327697304, 44.51617851564359], [11.276044283343747, 44.51589991694725]]], ""type"": ""MultiLineString""}";1140
1668;2025;185.0;Ciclabile;sede propria;44.51479545891785, 11.277454795195093;"{""coordinates"": [[[11.276523744124145, 44.51510195271294], [11.276660853143051, 44.515104198689585], [11.27705399793844, 44.51497584120853], [11.277012288674126, 44.51490498716922], [11.278182106582864, 44.51451112474286], [11.278341221795968, 44.51473894953649]]], ""type"": ""MultiLineString""}";1142
